id,x_centroid,y_centroid,sharpness,roundness1,roundness2,n_pixels,peak,flux,mag,daofind_mag
1,245.59330764192507,0.5546444256105765,0.8205427664644318,-0.069705784,-0.9364813751208344,25,318.59338,2248.8496,-8.379901,-3.054828315936396
2,332.2245081876122,0.4196666017038722,0.8246299005863758,-0.34104997,-0.9389365313116689,25,230.5385,1413.0685,-7.875408,-2.7802990447123803
3,386.8095989825525,0.4002274342815242,0.807328926576487,-0.6013167,-0.9287607301277501,25,7973.942,47713.695,-11.696608,-6.649093035735646
4,502.56719903702185,0.6620318409391571,0.7908529416479865,-0.7639842,-0.9362491744783508,25,90.15054,724.1041,-7.1495028,-1.6512628531005225
5,546.2646885729099,0.5412187409931355,0.7452862096223295,-0.2740347,-0.761684664675322,25,158.27988,1052.4343,-7.5554876,-2.4332413776922284
6,727.2653913990679,0.48028343316842814,0.7959980805541511,-0.38917583,-0.8392900699898281,25,43.061047,268.11847,-6.070817,-0.9845308682297348
7,909.8222873763399,0.6265285748249634,0.7636899082349891,-0.44934624,-0.7687022366907537,25,25.043919,181.08409,-5.6447005,-0.3607837400147484
8,1120.946719604467,0.6884540507752873,0.6887377759282728,-0.23711115,-0.5841031726513066,25,54.117817,396.1758,-6.49472,-1.2977981284753095
9,13.817523170688569,1.0916558783772294,0.327790852752687,-0.09231428,-0.9835139126589137,25,104.147995,1491.5967,-7.9341288,-1.908262606547173
10,40.056051281331676,0.6218115505150923,0.3066307340299868,-0.2595158,-0.5931962449428668,25,397.68964,4702.122,-9.180735,-3.7022910891972414
11,88.17115871044903,0.6866075105403335,0.25285539195031553,-0.075004265,-0.9313865761390789,25,64.78436,1020.2436,-7.52176,-1.4000098763475561
12,125.8470857887497,0.5896791998371473,0.314858214435461,-0.28294244,-0.778184793882212,25,92.7387,1173.6001,-7.6738005,-2.0069150049704216
13,157.4884488569772,0.5849961242727014,0.3184539610464981,0.045827765,-0.6231422418088687,25,1821.8927,21106.889,-10.811061,-5.329263466092083
14,167.2687842506632,0.8181164979559903,0.27577997374438024,0.1229473,-0.6064143965526753,25,186.07564,2525.38,-8.505817,-2.744164184005559
15,179.79323871791647,0.8209339366546619,0.3496998737344351,-0.06554146,-0.5155829343208892,25,957.2828,10772.31,-10.080772,-4.616410805756037
16,260.6538831247348,0.5652525264345323,0.25540005569744145,-0.10118352,-0.5699903296467181,25,51.52576,644.8887,-7.0237117,-1.5187467316440761
17,276.7885089078696,1.138847405888055,0.4750677286585119,-0.2294046,-0.5797830279834668,25,70.68632,771.20917,-7.217931,-1.589568904406321
18,295.5840958067349,1.4474917081105594,0.4317175384541098,0.25502148,-0.4894664569144327,25,244.0231,3156.5037,-8.748015,-2.7821036989921515
19,365.0910456266781,0.7231490542419345,0.3634793189414628,-0.3832784,-0.6020571726875255,25,222.98915,2481.8315,-8.486931,-3.015606455110347
20,407.73821152821836,1.4058704839896818,0.47068015991452755,-0.1833007,-0.23419659611818042,25,249.44228,2606.567,-8.540172,-3.0103510499167774
21,421.2659453651228,1.1053975804135965,0.4526039537938798,-0.20652924,-0.3385250468711319,25,233.33073,2280.4167,-8.395035,-3.031924924718165
22,617.4002157178318,1.4060022789919873,0.3283786239287044,-0.118703894,-0.02579520478016599,25,140.71278,1816.4686,-8.14807,-2.388446819726983
23,796.4070089818229,0.750512687315722,0.40299791931896745,-0.66093075,-0.46460309736301975,25,235.91118,2310.7393,-8.409377,-3.125707317542589
24,868.2383545147279,1.1807917108988104,0.3471232516704976,0.096156605,-0.4608970296541472,25,23.21931,272.603,-6.0888267,-0.5575615042900286
25,784.7453657107891,1.916122982725627,0.46720166012769354,-0.17362541,-0.08411506724313718,25,69.10131,831.94116,-7.3002315,-1.488718915686792
26,852.7190566054907,1.666622972001574,0.44359766269876555,0.100027844,0.12755804394652254,25,36.06438,461.0877,-6.659459,-0.8215810612179912
27,118.30758050764432,3.4938796855595666,0.4585040986620199,0.37002835,0.050229009785237345,25,64.460396,974.1437,-7.4715576,-1.184237513803964
28,317.4963321433713,2.777777978239932,0.47980501959172206,0.3435511,-0.03963639608728356,25,205.3911,2564.5662,-8.522535,-2.6013692675417213
29,644.4290780352329,2.663601489967905,0.4616194116861244,-0.21061869,-0.04128382952483733,25,46.60308,593.56396,-6.933669,-1.0174374119999121
30,840.3081102561297,3.3325639346250275,0.45724855253342617,-0.46824113,-0.14001713838340418,25,224.0243,2632.579,-8.550954,-2.8295781323876024
31,1797.7608311756217,2.921864273721309,0.46126011717162085,0.21962039,-0.12934116099553047,25,32.310097,355.09567,-6.3758636,-0.802088913868766
32,66.83293394467655,3.981771927668252,0.4930966248952926,0.48595962,-0.06690018883712615,25,147.7086,2159.5767,-8.335922,-2.047307554174088
33,77.49049656291562,4.169353262172894,0.45454899436930996,0.2801986,-0.0975181263932481,25,291.58636,3818.5916,-8.954758,-2.9810180595743043
34,139.09552340654218,4.049184925467674,0.5145928147639188,0.24347763,-0.0882261694201911,25,3337.6013,36962.676,-11.419409,-5.714955767133092
35,459.09150596000103,3.552134010282023,0.45514439051035654,-0.038639244,0.08637642843835926,25,376.59622,4524.8994,-9.139022,-3.345486457897933
36,489.1861026024471,4.0843353583824555,0.5318543226094768,0.040808998,0.020578439244971374,25,138.31425,1605.8678,-8.014275,-2.1720904531142406
37,683.4611472022951,3.987400723947455,0.4940286757379616,-0.21972294,0.028410484929328756,25,69.85671,893.4892,-7.3777237,-1.3807182460339273
38,1492.5062902393236,3.8773297673391944,0.5312267764947985,-0.14205049,-0.08270522221744638,25,71.90286,784.5311,-7.2365255,-1.540452669059851
39,881.1543328040722,4.982600100250816,0.48618344766119,-0.26407564,0.16472045762588042,25,24.234589,294.2776,-6.171893,-0.3377084840211124
40,941.0057783916693,4.746403966473367,0.5486578177753388,-0.07271257,0.02353894171210591,25,42.851868,498.5639,-6.744302,-0.8636300844674087
41,59.7732345007725,5.958942464245344,0.4685414124042158,0.020707263,-0.004288001653986805,25,151.28006,2212.483,-8.3622,-2.0830196894922883
42,210.22178612519457,6.563860453259078,0.46894521652103577,0.38003716,-0.14482068659792446,25,601.97235,8004.417,-9.758324,-3.727000355795062
43,1473.985560634028,5.930436781608602,0.5091672444021523,-0.44085667,-0.08415645284508448,25,29.843891,332.11826,-6.3032317,-0.5749190908800329
44,32.76446978709328,7.065950643393637,0.48075177137760544,0.4026647,-0.08402284409113207,25,1901.6694,22247.48,-10.868202,-5.110258596594806
45,94.90471972999245,7.363714784035071,0.4924942859226753,0.22595428,-0.02670984535446171,25,880.0205,10438.136,-10.046557,-4.2371593094003215
46,431.7098962955761,5.482043414623203,0.4686687993626974,0.37351447,0.8547496483956516,25,175.37993,2798.1357,-8.617172,-2.059492886138356
47,443.8794791491806,7.418055908837175,0.4416670440780886,-0.08355313,0.0640427083716197,25,232.50085,2812.058,-8.6225605,-2.853489161858051
48,471.42691771914565,7.486377166797813,0.5406740116490913,0.19736047,0.13467202222939811,25,82.167534,1078.8678,-7.582421,-1.464332721804631
49,691.2486988399062,6.681889055939115,0.5097984394424783,-0.13665448,0.09165305072199145,25,265.4748,2964.9172,-8.680031,-2.9497001193830124
50,1667.4245123308663,7.203285562935899,0.581065050207442,-0.0142135285,-0.04199109683031844,25,17.131458,159.16095,-5.5045915,-0.048437921170439865
51,269.021667197355,7.9259740188382795,0.48201609643828874,0.45970374,-0.14036318308473217,25,54.665894,793.5655,-7.248957,-0.9916932213661325
52,918.7626469682601,7.368719616087864,0.4895003696868628,0.12260458,0.1861559960434892,25,50.965717,583.793,-6.9156475,-1.1921330322874282
53,363.41003262585554,9.327792753857388,0.47224631798217254,0.2958202,0.013558181646290234,25,377.3284,4446.829,-9.120127,-3.362223165435288
54,395.78923263942926,8.809505815221332,0.44458458015429914,0.1254349,0.11404520158111818,25,217.80373,2831.7463,-8.630136,-2.708965704353581
55,669.6508378302353,9.172376775718925,0.5463239581944813,0.040458184,-0.024962523259717224,25,70.86974,856.72546,-7.3321047,-1.3763249922856178
56,723.3461400825364,8.999757419570958,0.5241516662218044,-0.044239786,-0.0027783332829193087,25,73.89054,834.17303,-7.30314,-1.555721081775438
57,1202.5823635051936,8.895952075653021,0.46224135436472935,-0.05960391,0.021210888378759587,25,40.14652,461.37888,-6.6601443,-0.9465777271788911
58,342.8718267857455,9.666836587981978,0.5014718284646973,0.27223969,0.14180581442424003,25,199.2852,2258.5298,-8.384564,-2.6628522481612227
59,353.0123806238245,10.428087293373531,0.49443131283736674,0.12998526,-0.03415458919015645,25,46.837383,613.1861,-6.968981,-0.9041341475914073
60,731.848934586653,9.690818206418864,0.45872790893839677,-0.094257295,-0.032502941848879495,25,28.741245,348.30667,-6.354904,-0.59819545834028
61,999.869752562369,9.56994791830668,0.4597349622814497,-0.018786088,0.1432837259670628,25,102.49248,1167.8914,-7.6685057,-1.9922227312207474
62,163.57295792271395,10.588551876812907,0.4398035026056317,0.35822675,0.025782661994408335,25,175.4963,2476.5645,-8.484624,-2.3566314594785998
63,224.6638268391671,11.559395814410278,0.49331324045298197,0.50410086,0.10248060467704548,25,888.8952,11718.473,-10.172177,-4.117909340765362
64,282.1877323317797,11.222460988876982,0.4761639988849584,0.06991735,-0.05466084053289575,25,103.70031,1281.1736,-7.76902,-1.8953133679716294
65,305.297270282387,11.436884332412237,0.4913581522216211,0.2796715,0.03560523532218702,25,578.6679,6774.8237,-9.577245,-3.783037814650627
66,584.0965637989264,10.987604108902179,0.540547932659635,-0.021732997,-0.07338244681983264,25,98.692085,1041.082,-7.543712,-1.9082900479061933
67,760.5505087333523,10.83709108696701,0.5503442935080562,-0.41716543,-0.050569276572151406,25,40.61391,462.36426,-6.6624603,-0.8098123264290644
68,1052.8908801803916,10.92306972654868,0.5089055373962432,-0.065744705,0.018182585898480562,25,703.12286,7233.9526,-9.648439,-4.11853866808028
69,1106.0150156016894,10.601893652690613,0.442194343664006,0.030078208,0.13616240426892626,25,124.319786,1445.0273,-7.89969,-2.2264248152862884
70,1393.4480424132616,10.449317992819273,0.3905969379186806,-0.34606096,0.11997232529221057,25,124.76307,1552.053,-7.9772663,-2.2275731707738493
71,1601.4829748683908,11.037790883038713,0.4144214675808634,-0.01772313,-0.02027504399217031,25,40.653584,502.56693,-6.7529845,-0.9430364957283124
72,187.92931094147218,12.646258989323456,0.46537496219407315,0.19858947,-0.07418532073994791,25,230.07903,3387.4524,-8.824683,-2.5369741216006707
73,407.85353551786966,11.83539142362672,0.45968503945353517,0.010223491,-0.05370079883197232,25,293.82278,3567.4753,-8.880902,-3.055810992010226
74,896.5760585157224,11.739999943464753,0.4740011839163539,0.07118074,0.025339465324972107,25,88.32242,1039.0785,-7.5416207,-1.76230703130677
75,1021.9519140728295,11.424192602037081,0.4547340235127678,-0.08625549,0.05380863398953792,25,36.002758,431.151,-6.5865736,-0.8616660455402239
76,1032.3850781533133,11.814640134192462,0.4954118026736094,-0.20515929,-0.01532934063040627,25,219.1693,2492.8684,-8.491749,-2.74247677593418
77,74.60458396303305,13.296645473629146,0.4927572077125718,0.24885099,-0.25741266952459047,25,184.57921,2584.6067,-8.530987,-2.3187702484007104
78,115.8558433595376,13.324941247713134,0.48888576892287694,0.43541756,0.08141268622874831,25,280.28778,3654.8828,-8.907184,-2.87471169105072
79,239.99551171494278,13.261039650898175,0.4609636204847729,0.18082657,0.2758482203472486,25,98.72763,1406.4551,-7.8703146,-1.701477944326006
80,318.1649930565091,13.115741688434072,0.5419555840581629,0.09639843,-0.11469178690494652,25,56.324757,761.66864,-7.2044153,-1.088433294590132
81,527.4566360453591,12.563640050049878,0.4649724656474472,-0.2803043,-0.022677373759208013,25,62.874866,779.1995,-7.229122,-1.3734237021753657
82,569.1182601932748,12.750664203689096,0.4183612786595849,-0.06043665,-0.003911726744096159,25,229.26695,2693.7935,-8.575911,-2.9161422772653127
83,810.9501175699552,13.603224395787732,0.6057699439550687,0.11896885,-0.05904469543115177,25,36.066696,452.4577,-6.6389446,-0.5912547113668989
84,829.8411397857266,12.653429472283651,0.4814981077495451,0.008988396,0.08012099656936973,25,100.259514,1194.2295,-7.6927195,-1.8814796861068694
85,1429.399629097274,13.558271746263069,0.47178521655817546,-0.32374847,0.07005764985632816,25,47.507328,574.5248,-6.898272,-1.1189919259004586
86,173.79820660276675,13.591233026641957,0.4203753826539848,-0.28774488,-0.2852458513821564,25,892.62537,12909.056,-10.277237,-4.0725911593962945
87,799.0910258828991,13.857973027023059,0.5390232548499377,-0.34365174,-0.03190495934342293,25,45.60322,490.24078,-6.7260237,-1.0404372648217775
88,972.7040173870504,13.679259301296785,0.49792787625431995,0.13165942,0.107545425116136,25,218.38695,2425.4534,-8.461983,-2.755052459805014
89,59.00654726090906,15.209851166801258,0.472700126139437,0.51450866,-0.005452636532611011,25,47.904503,708.13965,-7.125297,-0.8246994900954631
90,200.91931149845075,15.41249165064725,0.4684209965144149,0.06614003,-0.05728772819390816,25,668.1408,8156.8667,-9.778809,-3.9573983146924334
91,267.06106367799475,15.020970158980036,0.5498218014480166,0.50691986,0.15890177976344766,25,75.594086,1016.46277,-7.517729,-1.3266563169517684
92,601.3117671553741,15.375193680260734,0.3991321351125204,0.34206948,0.1348802120161449,25,862.89246,11299.787,-10.132675,-4.225985182110253
93,621.0643173965274,14.66124008009791,0.535146056717077,-0.14510755,0.07650056519908226,25,381.45447,3946.0188,-8.990398,-3.398157203662713
94,557.6296811350152,16.389215688101675,0.36596827597160314,-0.60787207,-0.22039277328142776,25,18.37114,274.68338,-6.0970807,-0.01946385116071678
95,716.9878624754479,16.19727392852078,0.5969653193686142,-0.21323326,-0.055635445921545686,25,21.812008,237.13527,-5.9374905,-0.14956523837631397
96,147.74459653641168,17.246385287482227,0.5205921723140646,0.3115633,0.12512476454178093,25,242.66534,3522.4697,-8.867119,-2.56533269007315
97,256.78467797683527,16.738179876288047,0.4417814493025111,-0.10409685,-0.055534062464919695,25,237.51524,3170.4785,-8.752812,-2.7573146673323743
98,291.89732722066674,17.270683124356527,0.507555313326351,0.15078479,-0.021371539222158915,25,150.69542,1844.4524,-8.164669,-2.2753844558124814
99,337.2796237886839,17.477858515048066,0.5350501037257567,0.0069897426,0.14459680957844082,25,44.74884,564.96277,-6.8800497,-0.9121313884299049
100,782.5279308915924,17.17300163832384,0.49592753687012864,-0.08908756,-0.1243238430836632,25,43.323143,483.36655,-6.7106915,-1.0511303652539972
101,1145.1238916412299,16.855788169471413,0.5953286568178766,-0.13929705,-0.055241452941767195,25,29.616081,303.30023,-6.204682,-0.5520802553387029
102,248.77831808387086,17.685978841908955,0.47110144048595665,0.34176505,-0.17493364402304448,25,382.99655,5418.626,-9.3347225,-3.146492953455267
103,440.7396834745899,17.762109889463574,0.4610195933751832,0.21551758,-0.034994835967855756,25,69.410286,873.85266,-7.3535957,-1.483116336960852
104,929.8303505990249,18.033409314506198,0.4385049936821107,-0.12300241,0.015065777695185177,25,176.02747,1985.5914,-8.244725,-2.629120135101859
105,275.2872568374111,18.80390597386914,0.48044071399469446,0.046494797,-0.035350688327213935,25,502.9466,5792.3784,-9.407143,-3.6778310036406974
106,395.79092867835413,18.917960462907732,0.42909800498327777,-0.034577847,0.42629145639973975,25,215.44841,3380.544,-8.822466,-2.379740389764652
107,467.91851960519875,19.010318468702376,0.5364332592548307,-0.041267697,-0.007592016505713715,25,7109.76,73170.766,-12.160844,-6.5755085393140185
108,631.8833609696409,19.115366613565666,0.5307095434704915,-0.2850006,0.040530704070014745,25,45.203205,522.5323,-6.795283,-0.9716390772115222
109,651.782644273173,18.971509092850482,0.5125543634132744,-0.01936114,-0.05041283026146913,25,295.90225,3186.1855,-8.758178,-3.1198974037264082
110,688.2983765670683,19.563189759989747,0.49377949904236473,0.37833706,0.18314818704191127,25,68.84625,809.80133,-7.2709465,-1.4796387605628873
111,862.95534100288,18.984027114306105,0.47411055229596355,-0.002148197,0.02730815623928997,25,62.86352,702.7791,-7.1170473,-1.4290605657752644
112,1390.1432904111684,19.395943004904087,0.47364201838624775,-0.067788914,0.060261150221341875,25,83.857086,956.25977,-7.4514394,-1.7484434599635759
113,1775.9606197985038,18.92416981728252,0.4751778133047759,-0.051432904,0.022594714939344,25,202.8745,2220.811,-8.366279,-2.7311269555571642
114,6.909366274845495,19.460188127453485,0.48853030352694937,0.68965435,0.005023224628394319,25,106.66269,1472.3733,-7.920045,-1.7543150556775826
115,129.9806273276324,19.42548811344068,0.45194377351670195,0.18085407,0.2287108880824066,25,178.23363,2563.6992,-8.522168,-2.3185648876847487
116,218.69525942346368,19.47997555778261,0.45633971773421805,0.51279235,0.07804231075203227,25,277.6473,3928.5237,-8.985574,-2.806783320793611
117,514.3749157754814,20.622797477584072,0.5140597730195289,-0.48819914,-0.020270231856793417,25,161.31499,1996.81,-8.250842,-2.3245645635262364
118,1192.0033586317486,20.409427545648047,0.4565013025459704,-0.06689323,0.17532238510158907,25,60.73956,681.36005,-7.0834417,-1.4575046425464067
119,425.2103117858394,21.094019094814232,0.49806054752185835,-0.018676989,-0.06685807416154806,25,226.56749,2563.1345,-8.521929,-2.806546575055035
120,182.7446948711387,22.46335918009704,0.460970561456446,0.052977245,0.019802238724064274,25,5848.0625,70415.516,-12.11917,-6.305053947122974
121,302.7974129014922,21.742793183656513,0.46635815062203795,0.3051763,0.212626101490541,25,300.6351,3753.1997,-8.936004,-3.0443364364262977
122,343.0373137318057,22.28775592287094,0.49291352929193494,0.6048452,0.1634706072509692,25,88.14379,1210.2726,-7.7072077,-1.5454998439003618
123,378.4778666803417,22.26253865696864,0.4085788482075582,0.08486246,0.0595473324957551,25,159.79564,2115.9336,-8.313755,-2.3832448328816422
124,489.6098589668772,22.415060924584733,0.3233172995628755,-0.4493607,-0.027610300203109242,25,28.720383,436.2604,-6.5993643,-0.548157016188082
125,888.5289928270475,21.70864470922698,0.5200264932953614,-0.19773357,-0.0024030066522444564,25,59.661884,658.927,-7.0470934,-1.3783834840670608
126,69.0202891678676,23.02155600010077,0.45594849872170645,0.39035073,0.2626896781760279,25,115.00916,1796.742,-8.136214,-1.783694779925996
127,142.5416858135709,23.69089235672228,0.46572306415809583,0.23702207,-0.1311918152413684,25,252.33076,3470.4783,-8.850973,-2.758957264103098
128,658.9195188985275,23.70692692297322,0.5087672932823699,-0.013810867,0.04277706530692835,25,196.1961,2118.5361,-8.31509,-2.682955211860638
129,834.515229366289,24.374325559722923,0.48117235566458255,0.17545055,-0.04051268521056819,25,100.22845,1190.4453,-7.6892734,-1.8613513666866477
130,943.8344278920466,23.205715434926038,0.43545925648865375,0.15269186,0.16335108102457102,25,30.898159,389.29922,-6.475709,-0.6207008528475575
131,1454.3322489886575,23.854140535664285,0.42471691714206916,-0.2882285,-0.0498843445703534,25,85.63479,1007.7352,-7.508366,-1.7949325528876074
132,77.79495332267693,24.970750046518454,0.4761110257851471,0.45386875,-0.12230666470709219,25,100.0476,1420.9781,-7.881469,-1.6832078315600758
133,156.60061267120943,24.680341392489396,0.3700264131021384,0.7901485,0.15769875782948797,25,318.3809,4840.8594,-9.212306,-2.9869871919891207
134,357.7120089817077,24.762208784920507,0.4330272555442732,0.41999966,-0.10509038357309217,25,64.24307,872.1539,-7.3514824,-1.3302573702529368
135,387.0458645742535,25.100485265653816,0.5362820074965072,-0.15846482,-0.08459585188238472,25,121.17339,1388.0868,-7.856042,-2.0551092647834137
136,545.6752590935795,25.181815055863304,0.6244561647055821,-0.107010104,0.061397587457024526,25,23.222496,263.182,-6.05064,-0.1478936823731481
137,604.602692000233,25.2588680544853,0.3761388650910616,-0.08893827,-0.04395923783115108,25,84.43309,1128.9067,-7.631645,-1.7519467138972775
138,639.6752424754811,25.077823897298995,0.5049149912893821,-0.09977516,-0.000938778299577004,25,97.3894,1140.3087,-7.6425557,-1.8530339407269427
139,771.1345300234176,25.01580063260132,0.45849604841901637,-0.18832734,0.0051001249867301006,25,33.929466,409.6228,-6.53096,-0.6790373185307225
140,819.1532149502926,25.462963398568245,0.44295967755941956,-0.1796776,0.1338708849232357,25,43.677074,517.8946,-6.785603,-1.0230094518651343
141,910.7384979613162,24.515372403912185,0.5078527010010115,0.1466218,0.14607552520173098,25,45.527336,523.6731,-6.7976503,-1.0669857293530274
142,42.5077892062877,25.93414280638449,0.48477183719634587,0.14311482,-0.17299865362459624,25,1783.8579,21768.783,-10.844585,-4.967923620120943
143,105.23299873563484,26.784388587544335,0.4769479837229813,0.66540223,0.19882923346200881,25,314.87384,4389.104,-9.10594,-2.9271248643200276
144,205.44334849095443,25.72242267817698,0.4363336201047753,0.27210402,-0.04553547783467922,25,141.9476,2243.01,-8.377078,-2.0103491899011403
145,528.9619157724895,25.875956326981086,0.6625721137783744,-0.114998944,0.2947862803453589,25,34.944836,364.4176,-6.4039984,-0.6347359818911289
146,895.7009635700141,25.88462175144972,0.474172539411039,-0.05908884,0.04331261146766313,25,171.55748,1917.3976,-8.20678,-2.5312558720791274
147,228.05786247278292,27.26351930850969,0.45239142648478514,-0.14273937,-0.12770435292759152,25,116.51278,1613.899,-8.019691,-1.9193171767489583
148,291.59248920608695,27.302334947069937,0.41637916971213695,-0.22696038,-0.04309894888477047,25,206.91747,2726.3013,-8.588935,-2.6543159375862153
149,368.14487519077716,27.283229916021327,0.5258038236443983,0.12603837,0.016727384198711857,25,165.52391,1848.5802,-8.167096,-2.4456355597779704
150,444.5792796430512,27.571158164184773,0.4448324573335471,-0.28296483,0.0753875407998314,25,447.2283,5443.0005,-9.339596,-3.535544251663969
151,696.7343974155611,27.031304210177268,0.5499969385841647,-0.042428512,-0.039532709675325836,25,316.32645,3184.6882,-8.757668,-3.196859181395629
152,752.2393480241367,27.094176073183505,0.4790898520205489,0.014234498,-0.05457844922375684,25,295.33704,3125.398,-8.737263,-3.1922183640695794
153,1591.072500897941,27.269122070357056,0.5043841897482412,-0.13449053,0.12904540010789178,25,27.105145,285.56427,-6.13926,-0.5014908785133608
154,118.33402734560539,28.54025201252783,0.43090994487958634,0.77788854,0.15208560875297816,25,859.69617,12486.54,-10.241106,-4.055799615985201
155,314.86549108526606,28.18364579254342,0.4863159564722365,0.39960513,-0.06470381731707445,25,155.17896,2355.6653,-8.4302845,-2.0558860007843123
156,1179.8588710220417,28.04816689658622,0.6011545877667446,0.2819046,0.05108918937634735,25,25.02747,269.28812,-6.0755434,-0.31047615865561073
157,1.3241788764159845,29.070214089764914,0.41043843585436685,0.56140506,0.6414139309738195,25,83.27896,1039.7501,-7.542322,-1.7415914026207544
158,167.8445011268078,28.683626586231494,0.4848079522329977,0.2927864,-0.08810509292795621,25,350.97632,4477.96,-9.127701,-3.171803153901052
159,278.8890549660402,28.96327961620887,0.4885889040885763,0.059729144,0.028178724146000013,25,352.09628,4044.4219,-9.017141,-3.2827964778359826
160,631.3875719288704,29.01941705051427,0.4654448409442197,0.10373419,-0.07167804819128101,25,209.82683,2509.373,-8.498913,-2.709019900361993
161,720.9762591584507,28.57762610585187,0.4918269579684946,-0.037645407,-0.055331355931357934,25,44.863834,515.28577,-6.78012,-1.0462805825360815
162,953.6841019875699,29.045945644216435,0.5038614836849987,-0.5646899,-0.3519670661889124,25,23.49144,246.82776,-5.980985,-0.3966021513927443
163,1640.0088964208696,28.874971647646476,0.524828417635903,-0.044626735,0.02939380652933112,25,77.90822,822.80334,-7.2882404,-1.6399341996666739
164,64.4856083568223,30.476467357532687,0.47357888767793943,0.20554198,0.040914819785155175,25,119.261635,1731.9059,-8.096311,-1.8843966430150527
165,85.6052964894892,30.403582226624213,0.4584441475892692,0.07797626,-0.10323651902303038,25,192.34207,2647.4602,-8.557074,-2.4647522336259837
166,94.3218118955918,29.74589850916206,0.5048763244966082,0.08081029,-0.13844660081535048,25,139.08116,1804.5668,-8.140932,-2.0906485797204466
167,323.69424165324585,29.54049760771364,0.4858864002807616,0.30251577,0.034207206865033715,25,4738.8403,54658.727,-11.844149,-6.100271912477497
168,736.9536178243417,30.282253884716887,0.5141558722936427,-0.0069212466,-0.031831937363342847,25,80.40023,906.0169,-7.392841,-1.6715592634063612
169,858.9763689127961,29.68459360655303,0.46517151466801676,-0.0064446563,0.09629628598506551,25,84.02061,991.29663,-7.490509,-1.701600024098222
170,196.14096626550713,31.198049219155543,0.47194808817797773,0.1745706,-0.03864675192383505,25,3213.3535,37461.117,-11.433952,-5.681849552475857
171,343.4090575465608,31.39886487804263,0.44450101313166823,0.21432044,0.02877288383292229,25,242.66985,3014.4124,-8.698007,-2.8541934070485073
172,494.9420416694401,31.589579435690545,0.48935050060426033,0.042358093,0.09039144502818688,25,106.02631,1300.8851,-7.7855973,-1.9285422614634578
173,1084.4965580480293,30.507584184454117,0.5123905836464339,0.0908145,-0.12063726528996012,25,37.56647,449.0505,-6.630738,-0.7749673514914951
174,572.3751049989181,32.279505407806475,0.465728326537987,-0.10199813,-0.008221340189700608,25,36.16077,460.1275,-6.6571956,-0.6881727666057847
175,944.1686249796609,31.56246402808149,0.4387825105738811,-0.02598318,0.1453929069946186,25,28.159512,329.71814,-6.295357,-0.6379539344164442
176,1860.9463146374167,31.92106499928084,0.46773252077645,0.031880584,0.01995886966434024,25,5472.5493,58673.504,-11.921105,-6.357619235521719
177,503.91001685197705,33.41341495571981,0.4611372735543292,0.05397142,-0.0444378935758617,25,170.52739,2195.2522,-8.353711,-2.420354433644733
178,1541.8037349493354,33.522249234508635,0.5282996689525604,-0.19788073,0.11523908766424641,25,139.8741,1469.3516,-7.9178143,-2.2897335268560877
179,402.9756352984305,33.57722716955004,0.4619919976034926,0.06128364,0.05754204489243821,25,348.66006,4106.9077,-9.033787,-3.2694559245718082
180,1282.2240582907937,34.13640680505629,0.5173598615066812,-0.1688923,-0.03048426249525189,25,196.06953,2057.2441,-8.283215,-2.6889832167194982
181,1944.5349174623968,34.7216087299876,0.4130774041944958,-0.19492936,0.1924385527863779,25,18.374573,219.11511,-5.8516808,-0.2068285933748059
182,57.77080020730499,35.02504972670246,0.4937570032399116,0.24694027,0.060883195412311186,25,141.72316,1940.9692,-8.220047,-2.075687736373043
183,292.8674322545713,35.470988916130125,0.47809036961222673,0.021569312,0.07143981398960682,25,346.10657,3962.7896,-8.995003,-3.2864290454920084
184,433.59587632663033,34.58102710175294,0.47458140232758733,0.29612556,0.025499053893021265,25,235.38847,2769.5898,-8.606039,-2.834278916226377
185,667.2512331994359,34.78031061390424,0.47557723667993185,0.16189046,0.48218908651638925,25,108.31756,1489.2391,-7.9324107,-1.7680720981715838
186,807.8471002044066,35.32435272049119,0.4653587452260611,-0.082072884,0.06291699430133088,25,215.6487,2410.6802,-8.455349,-2.812794708959805
187,994.9656019441777,34.89298827285471,0.4973167961817336,-0.07077251,-0.1097474188012421,25,29.06958,328.1619,-6.2902207,-0.5723836619675422
188,1212.7967408333357,34.91615410310794,0.42820432480238063,-0.020423967,0.069768359846433,25,46.799328,539.12836,-6.8292303,-1.1898797140520323
189,1476.0276799919186,34.709289269553864,0.5180522140826767,0.015390588,0.15936110005491952,25,54.317356,569.14417,-6.888056,-1.312073215914151
190,15.817708591821003,36.421278000140354,0.4549103963154361,0.18596882,-0.06084320383199423,25,190.86185,2603.785,-8.539013,-2.4625056796330296
191,213.22369323457082,35.82231761821778,0.47337724867071845,-0.25873476,0.009119536912105984,25,218.81291,3256.6826,-8.781939,-2.438367947569118
192,446.6826478379329,35.59058045624273,0.4373863681616775,-0.09478419,0.10954046531579019,25,237.87035,3143.8694,-8.743661,-2.772038012692196
193,1074.7413283456651,35.85151675158796,0.5115891263982693,-1.9594449e-05,0.04202202362991849,25,179.50804,1944.9391,-8.222265,-2.5532928879371894
194,419.5627614599203,37.0688543273975,0.4884623029312495,-0.0021495058,0.2633695325962559,25,38.34096,524.5261,-6.7994175,-0.675030100907392
195,550.5957584612432,37.31717858776446,0.6785409386998554,0.37441474,-0.05095086506966828,25,31.084263,368.87143,-6.4171877,-0.4119202168187503
196,707.8929999141923,36.52604205502764,0.4203515356662158,0.06855695,0.056144831477890365,25,122.81443,1453.2635,-7.905861,-2.230022829631048
197,767.7876299593571,36.91228512274252,0.33963852529255534,0.17775787,-0.11992552099729542,25,18.132908,240.09393,-5.9509525,-0.18686583582632948
198,48.35780435091054,38.06250887977056,0.48125803664061784,0.20417328,-0.21312336122911482,25,549.70654,7103.4385,-9.628672,-3.643227316199844
199,81.05327752241064,38.38072684875133,0.48683151985576345,-0.20544931,-0.3999390531969223,25,232.74,3349.7285,-8.812524,-2.5339233756041195
200,125.56653800280672,37.85393237593392,0.47363740298383733,0.30633163,-0.0927153669725188,25,28582.098,339171.1,-13.826047,-8.036660531441962
201,353.4779288038381,37.965347191377276,0.4842524236682736,0.36315387,0.038178092946807005,25,228.75853,2955.4402,-8.676556,-2.696582580788973
202,463.23749402632933,38.40826726831707,0.44187843907357194,-0.023913646,0.11390883120684711,25,170.5585,2201.3442,-8.35672,-2.4120082510926695
203,522.2058027507424,37.73966058002097,0.5765626657052572,-0.0062533417,0.0678854651931544,25,22.167027,258.7898,-6.0323677,-0.14267750345948824
204,1247.8813675522292,38.6518830028391,0.44965020751129114,-0.09235873,0.16742937866215235,25,132.86635,1531.056,-7.9624777,-2.288874608147102
205,1817.1626073702944,38.3844648799391,0.3273211096041293,-0.056175366,-0.03700079533157258,25,28.207111,359.16425,-6.3882327,-0.6799044046930178
206,102.37500742044173,39.41686760024325,0.4608026817954608,0.44003138,0.05234658858383638,25,1023.2009,12807.124,-10.268629,-4.395129526609203
207,184.5107971329891,39.44298608012824,0.4767330427211763,-0.027373796,-0.10204624292900037,25,483.4156,6532.7573,-9.537742,-3.424822464612913
208,314.82871430159435,38.54561879885162,0.4516408224272037,-0.15483974,-0.022416070525752414,25,61.901745,871.9015,-7.3511686,-1.2198363740842137
209,333.4731733087637,39.33744809063062,0.4305750380455539,0.6797307,-0.2375337013104367,25,307.22345,4574.984,-9.150974,-2.8841279332927794
210,529.5569670038244,39.41968947237577,0.4671380957892352,0.124454305,0.0029255539220175743,25,54.76865,670.32007,-7.065706,-1.2526822141392042
211,843.4190989855848,39.226270849652636,0.5047326913226156,-0.27614236,-0.09398368596077408,25,774.1151,8637.454,-9.840964,-4.127859477883429
212,1231.9864097935017,39.09055602003703,0.4869941561135555,-0.02175456,0.06871834146031579,25,46.023804,490.95834,-6.7276115,-1.1617521829231883
213,24.844264896086013,40.25389432257763,0.4548695450641961,0.22446449,0.017794302593813493,25,1209.2019,15707.443,-10.490264,-4.541360399457183
214,162.3933833262866,39.67718350162874,0.5017310608304008,-0.049650546,-0.05337639680127576,25,208.51503,2656.9382,-8.560954,-2.5694531461938945
215,202.78134488777346,40.31574463993985,0.49619363927795673,0.054907057,-0.04903384969051507,25,8706.754,100097.76,-12.5010605,-6.738524982449807
216,302.940134128589,39.62807181902075,0.49869038728231646,0.15038024,0.004048033194331718,25,87.98647,1083.7888,-7.587362,-1.6595141529335231
217,621.1485477015527,39.973349728783475,0.4546981458292772,-0.1146155,0.013486305134758835,25,129.98936,1550.3406,-7.9760675,-2.201289547246988
218,719.4094467693792,40.33177712548558,0.4707071650508069,-0.017228333,-0.02784461124059106,25,85.67117,1023.6106,-7.5253367,-1.7043785620767615
219,6.597910156737697,40.38717568770589,0.5147201311956087,0.057147563,-0.034228922209845455,25,164.07304,2340.568,-8.423304,-2.1598751760320836
220,247.48490531957128,40.80954646980415,0.44597512563213926,-0.024696913,-0.10315312918422814,25,97.690094,1346.1335,-7.8227205,-1.772338025101737
221,629.1339263962909,41.31730144088739,0.49099101744006957,0.045936916,0.017568472155380557,25,391.74084,4282.5166,-9.079247,-3.447369721508418
222,788.2916485054699,40.48729722307762,0.5000900848173295,-0.4449204,0.09812163703749772,25,24.545845,291.2746,-6.160756,-0.36014550433002734
223,259.11093483331774,41.840162664166165,0.4966990504545406,-0.74480295,-0.7999035344581104,25,439.14093,6698.9297,-9.565014,-3.129203984622231
224,266.85656111787875,41.73379112048204,0.524973040145541,0.29907677,-0.016336573910342832,25,385.31952,4684.017,-9.176546,-3.269504213588577
225,64.81019302024393,43.594700185855736,0.4700727918478035,0.35597846,-0.02162154920585429,25,575.85004,7870.4463,-9.739999,-3.6395431076017526
226,91.73298910005987,42.53169861809704,0.4572096316317832,0.28000522,-0.13671385196999147,25,203.1234,3121.6907,-8.735974,-2.3876861026365668
227,143.24070648785326,42.77852684807406,0.46273101713932907,-0.39820918,-0.090481476336141,25,150.21568,2233.2632,-8.37235,-2.081511506474623
228,231.81436515778637,43.18871716049287,0.5023824579286384,0.007193249,-0.1270740527055914,25,166.69997,2089.844,-8.300284,-2.3330717721073957
229,495.87633892680293,42.698945097890096,0.5247842680775253,0.00898273,0.005172993761069796,25,421.8732,4571.6074,-9.150172,-3.465540440409879
230,606.8784105430694,42.927948212988106,0.50413572456401,-0.16162805,0.2982789081514533,25,93.437546,1258.4181,-7.7495623,-1.5950176859985938
231,1030.2066667490628,43.65889395538993,0.4410274146335449,0.5826484,0.21434163286185406,25,23.582138,278.54437,-6.112236,-0.4181464414489619
232,215.79642393318767,44.089988033631755,0.5161454997547018,-0.037157655,-0.424869222901714,25,644.6311,8600.661,-9.836329,-3.7062806183692256
233,346.89934873756994,43.96420260299371,0.45421222405642736,-0.022469815,0.18527183984853135,25,119.54325,1657.3556,-8.048539,-1.9915298928764789
234,382.9304765247444,44.38577164684424,0.4582998056021251,0.24227738,0.1683951489086225,25,59.953884,809.98083,-7.271187,-1.2502770338424263
235,754.8017514212173,44.32234454770442,0.4823617473987443,-0.21560536,0.04084524118812845,25,47.220234,549.6294,-6.850175,-1.1029158164209318
236,1282.109022373972,43.71051624664844,0.46753430116968797,-0.024123298,0.0943032557509338,25,48.747276,528.9453,-6.808527,-1.2427167532915024
237,1573.5109221554749,43.636142297005755,0.40815385993800213,-0.36555827,-0.0253042048958097,25,398.055,4830.993,-9.210092,-3.475943010739652
238,74.99794208909233,45.528558587283456,0.4530567795182869,0.35272053,-0.05448268609618546,25,146.65103,2005.7085,-8.25567,-2.2064118894980194
239,175.0489937515084,45.163552675734266,0.4915486247182801,0.17347834,-0.03175716167826441,25,9802.915,110253.14,-12.605977,-6.902716757877553
240,599.0152811406884,45.11515130627448,0.43958099776839216,-0.13691276,0.028390278986389746,25,106.66715,1271.8685,-7.7611055,-2.072943112902917
241,1942.451139350473,45.016255782908786,0.5335685184692271,-0.08045712,-0.1905300944946133,25,19.699718,208.88449,-5.7997656,-0.14193738041311402
242,366.3422042856756,45.75415282838644,0.4938757945270878,0.024919346,-0.17489623835533757,25,938.289,11164.99,-10.119646,-4.293261353455222
243,482.734603089939,45.46396310508956,0.4771987309200144,0.15488002,0.09359496508007842,25,6004.9478,68048.125,-12.082041,-6.395445938943055
244,680.354322638632,45.54917087199831,0.5412990137228271,-0.081539914,0.10103755959332744,25,30.050476,344.25604,-6.3422036,-0.530340218443857
245,1084.8359423823595,46.14580771905951,0.5641014156871743,-0.13835165,0.12604515604802943,25,39.365646,410.79785,-6.5340705,-0.8701225942577251
246,108.529158030784,47.34272433834789,0.4464073510642518,0.014829457,-0.049206639848171474,25,253.75319,3437.254,-8.8405285,-2.804077147738757
247,745.2134594176888,46.78642467302943,0.49363602047181515,-0.1607483,-0.020999862468606703,25,16.753788,193.79636,-5.7183642,-0.006076364593364166
248,973.8117874904026,47.139374361529406,0.4698197256555889,-0.38782403,-0.040264246298384036,25,35.06479,433.4943,-6.5924587,-0.6847627665839486
249,1051.568800301255,47.10775891743138,0.4283898445048832,-0.089712806,0.03860926183549137,25,55.571743,641.1468,-7.0173936,-1.3576459558755314
250,1656.8138536440674,46.898940070646184,0.5926790561641374,-0.00853882,0.04148806855070485,25,37.19891,345.23145,-6.345276,-0.9088079964291076
251,155.9071403882158,48.57187290097242,0.4674462597500412,-0.4286488,-0.23497853135502741,25,353.04248,5065.01,-9.261451,-3.0378756928317827
252,194.03938755777992,48.335484476983815,0.4116324524898046,0.5171283,-0.1821457580588831,25,217.7423,3568.0002,-8.8810625,-2.362528614812489
253,314.4441439925037,48.100835678249986,0.634022608532819,0.06802387,-0.06253386378740136,25,38.765644,522.6154,-6.795456,-0.5299960994589781
254,638.1952788303009,48.23059925497759,0.5231372713360436,0.009204956,-0.019354573910813848,25,299.53546,3209.844,-8.766211,-3.1229130610549367
255,949.4676046959645,47.67980819294864,0.5027119281595952,-0.17186882,0.007447175662880426,25,329.02676,3752.4954,-8.935801,-3.1785685856468286
256,1108.8451301365615,48.21437221789567,0.5009028254182092,-0.058821965,0.048073036018465694,25,364.29346,3848.8716,-8.963333,-3.3711984349424595
257,1134.1306075435011,48.50509049204936,0.5427377409046158,0.005037674,0.14729004847221056,25,233.39778,2427.1846,-8.462757,-2.849479536559218
258,1262.3076088266232,48.09681267563461,0.44223379733215085,0.1012815,-0.19066197691226158,25,134.72746,1611.3373,-8.017966,-2.281315573210972
259,554.8809274571599,48.31449132229122,0.4903664403458172,0.37668455,0.1965949520311766,25,150.99358,1940.2006,-8.219616,-2.2284968255576705
260,622.1738883482209,48.99125089129719,0.549708991735102,0.030762956,0.04933730645772326,25,33.38892,493.28204,-6.732738,-0.28208377517026567
261,1808.0485454053924,48.80577839253709,0.49848307731547614,-0.16852868,0.09098802813787386,25,61.37106,688.0269,-7.0940137,-1.4323543797408296
262,445.2927854534103,49.8041363136393,0.4853949886052101,-0.020545518,-0.061769327839188606,25,160.7524,1911.4429,-8.203403,-2.4011951860001606
263,572.5845036275365,50.38253708722781,0.4582976441963257,-0.24764544,-0.01737023830246293,25,303.89658,3589.7036,-8.887646,-3.102626044886126
264,702.0816181262664,50.6405994683156,0.5625940114155434,0.09007297,0.1346373971779619,25,110.03767,1201.3662,-7.6991887,-1.98244523381971
265,122.80732695730248,52.07567809027644,0.49032572606880087,0.2852938,-0.100543410216347,25,200.02162,3036.7305,-8.706016,-2.288154140921051
266,818.4871789385222,52.41894061591584,0.48712734018030235,-0.55758035,0.1737641847070727,25,153.40794,2032.207,-8.269919,-2.2731978535211463
267,931.8478942348002,51.65606776025368,0.5034937698069338,0.016811231,0.11081835443110408,25,679.07697,7459.875,-9.681829,-3.9953110155739004
268,399.6159240070867,52.56784947382744,0.4554306690209778,0.99203295,0.44984481134806104,25,278.17358,4150.8164,-9.045334,-2.7115300853803426
269,466.4009202816968,53.204073122943875,0.4397170250970134,0.04824644,-0.030885574274304568,25,125.731544,1537.7126,-7.967188,-2.185467437042516
270,674.2064902042518,52.50233188341435,0.4520720203795287,-0.12731653,0.04027178047323461,25,87.8745,1056.8282,-7.560011,-1.7912044675313314
271,1315.0655449483127,52.71746169607245,0.4484836609626849,-0.15233336,0.10252953309009058,25,210.18361,2357.8928,-8.43131,-2.800153794875886
272,24.924274783080534,53.971349745026146,0.4480162386983824,0.42932242,0.012493281245011414,25,709.3631,9724.578,-9.969677,-3.898623131153994
273,216.27410209332743,53.534325986230904,0.4618988737311071,0.058137543,0.06509580047486307,25,32.7789,582.4694,-6.9131827,-0.07493962405598904
274,252.36385417044332,54.18272997316151,0.4684888556238275,0.6842285,0.14617726475047235,25,129.59053,1869.5907,-8.179367,-1.9509671470058223
275,282.8100621141798,53.6783992426401,0.44498378897806706,0.30805,-0.10733989601572924,25,337.7437,4282.417,-9.079223,-3.184632360699079
276,665.8758348664052,54.07568868572022,0.4953143406108048,-0.07945138,0.12302843876693718,25,135.64124,1603.3842,-8.012594,-2.2179574725552955
277,781.2302562691091,53.876018729918464,0.486649111046479,-0.15121636,0.005541468744428624,25,412.3536,4447.7026,-9.120339,-3.510235180469379
278,1421.4792717691755,53.86310119495663,0.3945701980455628,-0.009294045,-0.0037578670262357404,25,55.5712,677.12445,-7.076671,-1.3726320091206285
279,84.67257205134088,55.50954588895003,0.45682191344439405,0.6468569,-0.5395072070727339,25,111.76722,1820.8672,-8.150696,-1.6083224540052834
280,95.47779011789154,54.645203260481956,0.4167005772703797,0.09437391,-0.09941329876254511,25,83.01085,1262.2144,-7.752833,-1.4511799697167342
281,299.3730299256035,54.566312018195994,0.519499278143382,-0.21781549,0.24440346936823534,25,181.8032,2403.6853,-8.452194,-2.3915434858967872
282,438.1229456721096,55.51234611437549,0.5053592793815661,-0.3427862,0.41328509215354975,25,206.90924,2827.5693,-8.628532,-2.48181706858335
283,560.0407797849547,55.01664300437763,0.5314028240780188,-0.255746,0.22616740111491984,25,266.84653,3165.5208,-8.751113,-2.8810217532447635
284,968.5045704765653,55.32700687175691,0.4989509188504255,-0.25660375,-0.019429925523695102,25,382.23587,4179.3926,-9.052783,-3.405823226762743
285,991.7656346085686,55.33156945915737,0.5279062315098162,0.11931139,0.16273050178308368,25,30.115967,312.34454,-6.2365847,-0.6347911268733121
286,48.13101465010584,55.712611643314396,0.4706223393403272,0.14497311,-0.07983718131143139,25,312.35098,4084.1628,-9.027758,-3.019964137629013
287,340.0506276874538,56.21598790678735,0.46843829857804925,0.1961374,0.0057652442514332285,25,164.99158,2188.6953,-8.350464,-2.3487503538157437
288,354.1662948804919,55.934710557090995,0.4838161623254571,-0.1546518,0.0038827765903946803,25,44.81957,570.6472,-6.890919,-0.9948292710004589
289,379.27387025703655,55.67999707520581,0.4858392792287499,-0.09163056,-0.013063836364195648,25,812.52466,9542.327,-9.949136,-4.149852048979562
290,485.9542566944254,55.484032740326704,0.4735455861933761,0.12139475,0.09100945303151316,25,636.553,7577.364,-9.698795,-3.890858835904854
291,1472.5093884624928,56.16037733338558,0.5313733047094501,-0.12998718,-0.12574129400670908,25,31.174702,318.9642,-6.259355,-0.7189584462269739
292,1647.986792734529,55.731903066862905,0.5302906929912197,-0.043499254,0.14394840838047548,25,53.423695,580.14685,-6.908845,-1.2430335329716167
293,762.5506474299979,56.66846007193097,0.4984195896032164,0.14085333,-0.037712337508693544,25,95.657196,1077.5936,-7.5811377,-1.8697142038606414
294,12.613395760648608,57.42616087430836,0.41686720757629264,0.74334526,0.30321473506594515,25,456.52237,7314.759,-9.660501,-3.195557581852947
295,140.41440381975335,57.926679501836375,0.49472003941501563,-0.054252993,-0.0541798849330575,25,752.8857,10098.124,-10.010601,-3.948774555276191
296,154.73703907892622,57.77071068623364,0.4239022562854362,-0.061249677,-0.08514214602048893,25,459.7985,6120.3467,-9.46694,-3.46417003109891
297,181.38599471533968,57.9188289227512,0.4062642154916177,-0.04718192,-0.10608799449777352,25,367.70337,4768.308,-9.19591,-3.324822757845535
298,320.1913185149436,57.598166569651276,0.484150582895464,0.037884433,0.04907561780481091,25,876.11383,10209.25,-10.022484,-4.272473191040115
299,530.3097241166469,57.9519333944117,0.5932768042761584,-0.051548086,-0.2216107312252093,25,343.0847,3740.5652,-8.9323435,-3.169030711027885
300,580.8252553472016,58.32617656414765,0.5493645222762413,0.051077634,0.18293872640979575,25,144.91493,1616.9781,-8.021761,-2.2753758287091874
301,132.13378821014734,59.37152407405344,0.4509479505621364,0.3196557,0.23241391590212937,25,218.96457,3138.078,-8.741659,-2.5686650611447073
302,232.39066049344518,59.32829142515233,0.43755473587641197,0.9895604,0.548901661545675,25,334.34726,4979.9453,-9.243061,-2.957500573971454
303,637.0278911072235,59.82831580349736,0.4589202097126595,0.27306408,-0.23252904346486045,25,44.64615,736.56866,-7.168033,-0.6571760654458016
304,700.3357542618197,58.64982551012844,0.5434069581340724,-0.46932822,0.030056137087762873,25,37.099945,480.58893,-6.7044344,-0.6279329795446056
305,67.20045941939962,60.16178340544377,0.48603278616573775,0.33784312,0.06564192194515978,25,242.43634,3621.4146,-8.897196,-2.5480051748317907
306,113.02595954848142,59.5743992922755,0.4605807326790484,0.29925779,-0.0006893724831231613,25,3424.395,41505.4,-11.545261,-5.7313165379339726
307,261.1552022615543,60.42043754395489,0.4240999458367265,0.13374507,0.08734784883107602,25,90.06594,1196.1049,-7.694423,-1.7094167280802843
308,293.24336909063834,60.13061960821175,0.48597384136442956,0.00022403541,0.05693850117377718,25,156.74904,1953.4105,-8.226984,-2.3047699289578523
309,729.6598328856643,60.51742087636198,0.49164247840345926,-0.15986536,0.1229510193996046,25,51.10712,604.30896,-6.953148,-1.1424492835150737
310,753.4014429072049,59.72722153300416,0.46633912915590425,-0.29753786,-0.16886556941514125,25,20.000664,208.30412,-5.796745,-0.32108303862252974
311,242.02254050530462,61.199048599845305,0.5096663389074146,0.13709816,-0.016326757426744505,25,276.60306,3190.9702,-8.759807,-2.9732499166714064
312,455.8460093012377,61.34685285961598,0.4615506317842381,0.037559237,0.1373019994503198,25,118.3086,1423.126,-7.883108,-2.090425304022336
313,1254.377510830713,61.36839392751719,0.43930621211485776,0.04740133,-0.02468764675048441,25,87.996,1002.57916,-7.5027966,-1.8505929745875813
314,595.5482027169247,62.54342332010733,0.5290914715233382,-0.45298183,0.11390785695152704,25,84.40905,1043.6589,-7.5463963,-1.578603205376803
315,951.6651867200044,61.91138554885798,0.5014910243679019,-0.15631342,-0.0888542057088703,25,70.99264,777.16907,-7.226289,-1.577084480769477
316,307.9220993534428,63.06526029171716,0.5224917450018024,0.056162152,-0.05634964060490841,25,277.78766,3132.5596,-8.739749,-2.995670573170152
317,411.77061809482245,63.221233321659284,0.43437877312673817,0.20587312,0.07531317980575966,25,84.69738,1192.5453,-7.6911874,-1.564798620094703
318,1097.6445927161571,63.33456044538498,0.5426888395530338,-0.21276611,-0.04338829412949421,25,185.19061,1906.7198,-8.200717,-2.6079512777122953
319,49.013652374432354,63.82893911161938,0.5133695660278524,-0.046438176,-0.32886075671068815,25,216.30623,2939.9941,-8.670866,-2.540421683566306
320,57.39287677681084,63.60889620587089,0.4688832592037469,0.0697575,-0.041823008937270256,25,4434.818,53657.4,-11.824074,-5.983277651586151
321,225.15609659323084,64.67010457130833,0.45525374511246686,0.39415914,0.14578323597197396,25,79.249695,1069.2992,-7.572748,-1.549344238593307
322,426.7406627795694,64.29178528726803,0.49353032733935903,-0.20343487,0.017352932952041673,25,360.18277,4114.698,-9.035845,-3.3172965021991603
323,670.2877711828698,64.14747513369672,0.576901146559851,0.36133388,-0.01974111064432673,25,32.35587,370.04385,-6.4206333,-0.5951841851142867
324,884.4123517748884,63.60675456207956,0.4153660734426053,-0.4065859,-0.04303684668881541,25,66.40243,799.7811,-7.257428,-1.5138133338562687
325,938.4586007946647,64.33638662420223,0.42007956111730405,-0.37838358,-0.03474378864956778,25,33.97215,418.2266,-6.553529,-0.8033339474387104
326,1171.0160311732573,63.887169333983124,0.4801837789081422,-0.14731367,0.06500829604316265,25,170.48546,1844.9996,-8.16499,-2.5561365112018386
327,191.43240562006397,64.70116708928649,0.4838297264570735,-0.07564839,-0.06574958286146265,25,880.7377,10864.007,-10.089975,-4.196748115997671
328,768.8806870378954,64.72515850351425,0.487272736803091,0.11091081,0.015502499151853734,25,194.32695,2192.2712,-8.352236,-2.660309189719608
329,1727.4466927297194,65.03074352879865,0.4934304419748821,-0.12591608,-0.04463192222347575,25,212.37572,2237.1526,-8.374239,-2.8081690491084856
330,601.9766778151397,66.29269535796406,0.535130839293825,-0.10599501,0.017065968149653478,25,89.83471,1148.7461,-7.6505604,-1.662006819837702
331,14.145341263431353,66.78023674092678,0.4741037851274826,0.27921787,-0.5977679295571146,25,220.43195,3317.488,-8.802024,-2.4160693433451352
332,332.15434038436956,66.67516450186078,0.49407133178076906,0.14138094,-0.45853673280507634,25,172.43765,2496.9314,-8.493517,-2.1561904267461114
333,341.0606953692891,67.01698645641649,0.5723804431858046,-0.26782313,-0.1587914210847737,25,214.86867,2473.917,-8.483463,-2.6241420059588236
334,684.4640319844375,66.72484686781786,0.4547079855696423,-0.19656394,-0.014478458235107008,25,96.970245,1154.77,-7.6562386,-1.8941654925249196
335,79.93501069076828,68.56262521723899,0.47057531706347006,0.18709247,-0.006414667784466556,25,327.51813,4325.3115,-9.090043,-3.083300035553511
336,207.35170631993418,68.43769076416214,0.47104987416541044,0.19367988,0.009885809587756476,25,265.2556,3359.993,-8.8158455,-2.885041111833857
337,361.04970562981407,68.14248290651518,0.45009291336631696,0.018793672,0.1527340604101857,25,157.852,2091.1274,-8.300951,-2.3245907729597035
338,516.8700999076547,67.49193572252868,0.4643596049867326,0.22295938,0.13324952377320307,25,59.160442,691.97363,-7.100224,-1.3945227441180863
339,754.6862317056004,68.28110474653373,0.5826990751600492,-0.03051044,-0.25582104293932423,25,21.611115,248.43825,-5.9880457,-0.09019880517624174
340,1189.6134024146656,68.26772921652433,0.46756806918894617,-0.20664977,0.013145825359476218,25,190.74059,2155.4175,-8.333828,-2.653243879512816
341,1353.5021718490825,68.25179545263994,0.43558216058879545,0.12638247,0.03539017973126168,25,88.725876,1066.8517,-7.57026,-1.8192430427245243
342,1762.8378150433207,67.71481352956886,0.43912951264448996,0.020640874,0.07255118239133741,25,395.2988,4542.88,-9.143328,-3.4725038752738087
343,2000.1470802019512,68.55363439187097,0.5219829804678383,0.088318944,0.3606102137367585,25,26.364788,284.39853,-6.134818,-0.45246588430757023
344,158.76812237941465,68.95976854695589,0.46975331998049347,0.29568413,-0.019016761457500458,25,566.2003,8024.1333,-9.760996,-3.5310144790902447
345,271.8773267174686,69.2350545258322,0.4766349503579829,0.3586091,0.16852840745616213,25,305.40692,4020.0352,-9.010574,-3.0025768966302913
346,293.5046634855441,69.20306126750299,0.46509819089896054,-0.1515736,-0.11624776429928127,25,340.16574,4223.936,-9.064294,-3.184369072784356
347,541.4859299164218,69.07646969531918,0.476345845266402,0.005832051,-0.08031562027139126,25,3697.7988,42124.47,-11.5613365,-5.847296616370613
348,722.5385197580775,68.82225528832996,0.44858653917530605,-0.2879403,-0.08451173323430243,25,167.48857,1955.5908,-8.228195,-2.5138455385692113
349,1011.7837037489295,69.55283967926565,0.6156217032517465,-0.17177592,0.11632581690184315,25,21.893135,214.05446,-5.8263106,-0.2682052236826871
350,379.9270849530197,69.53007995799261,0.4615333847187003,-0.14868385,-0.030195154859320318,25,468.07138,6074.598,-9.458794,-3.497907699252444
351,471.4332120993595,69.8759888666609,0.49261708969456014,-0.21043357,-0.11187613327483453,25,438.90958,5389.6084,-9.328893,-3.4318924525128622
352,624.4357334098935,70.33603407569858,0.3733168577501149,0.16631417,0.02215307206915861,25,65172.65,870770.9,-14.849759,-8.903720691014602
353,1129.8557460310503,69.36618774853228,0.47520801817043057,-0.04512083,0.11212436759625069,25,40.523914,436.92224,-6.6010103,-1.0238736813541893
354,1246.8711022024224,70.25145071590582,0.5117117797311692,-0.16834866,0.07628660773641943,25,218.09343,2332.2756,-8.41945,-2.772686729194953
355,124.77110996692313,71.08034090856023,0.5021801917128089,0.24276493,0.04216079479713615,25,758.18896,9384.81,-9.931064,-4.015946302310212
356,174.77932101361012,70.49686973349156,0.4608461387526608,0.38332394,-0.005818733250288957,25,434.1897,5641.2607,-9.378441,-3.416435811679687
357,420.5151924546537,71.5661846179647,0.4470201417881208,-0.2540205,0.04885362851739378,25,148.21286,1920.0316,-8.208271,-2.271249767864447
358,4.021606411181832,71.5259245545602,0.3864380266353655,0.73282206,0.10226163540696762,25,86.90097,1407.6963,-7.8712726,-1.4941019015446977
359,104.42742206319944,71.81738103745317,0.4459899472121339,0.08400567,0.015531524402374364,25,433.89093,5721.7305,-9.393818,-3.419274568013591
360,141.47374905045717,72.16958259961909,0.45274489827787107,0.1911385,-0.17483467054627314,25,748.8263,9546.8,-9.949645,-4.035336745004507
361,188.73098346229713,71.80633582565608,0.48617728375752345,0.40279806,-0.08228387483668553,25,1090.3359,13594.289,-10.333391,-4.447904561545432
362,911.738058951703,72.5323122107936,0.4305453703510727,-0.08005904,0.14672105006288574,25,109.726326,1307.9763,-7.7914996,-2.0535371741420185
363,1083.3271625612126,71.68350748946364,0.4531849032630728,-0.15428813,0.00012858563960568717,25,191.59618,2174.2942,-8.343296,-2.6920131007731527
364,1478.0367465613035,71.9234254401429,0.48715299060787665,0.01674408,0.07929481495141791,25,136.99815,1450.3627,-7.9036913,-2.3328394298054493
365,456.39376767212025,73.38932347756821,0.45184859829262203,0.1235329,0.10202794460783945,25,146.7718,1901.5554,-8.197773,-2.2467927615183685
366,495.5814579436213,72.84130205805128,0.4467560088598796,-0.020554751,-0.057510887384506444,25,275.19785,3306.9343,-8.798564,-3.0220316459246432
367,314.5781716120324,74.2340086036343,0.5084243920810816,-0.0511784,-0.043715501457451934,25,92.93623,1167.845,-7.6684628,-1.690328621180027
368,805.8679815968608,73.6560921764572,0.5183463677098152,-0.53963315,-0.543741947250531,25,124.86944,1668.2616,-8.05566,-1.8919234091789212
369,1385.8750947064007,74.37987443086499,0.42663714024684946,-0.27574167,0.0563512317324835,25,43.591877,530.94543,-6.812625,-0.9848488700989511
370,334.21781368406005,74.53094409760821,0.451637855816688,-0.19935057,0.04924047303977219,25,162.22307,2121.7205,-8.31672,-2.3692837373250115
371,398.78478853581765,74.72625910116844,0.4677420364218484,0.20603552,0.01157534614194144,25,346.35745,4076.2017,-9.02564,-3.2550906898292338
372,667.646957216275,74.9140427390886,0.5030842431936622,-0.046648014,-0.07793599626102635,25,186.65625,2145.6575,-8.328901,-2.5649078354788135
373,716.1386585733878,75.3396277185837,0.5013353902367657,0.039478485,0.043176582566993235,25,92.671165,1020.3498,-7.5218725,-1.8656349533032142
374,32.20017149447377,76.30187441872981,0.4780667906085417,0.19355519,-0.10751080982969802,25,309.63672,4283.4863,-9.0794935,-2.968089194679603
375,283.4151384557881,75.30133847109451,0.4747113041306629,-0.23460363,0.0598789556869889,25,199.67096,2689.5916,-8.574216,-2.523105060541273
376,436.0088499153761,75.52520025059037,0.5932743797111318,0.54833597,0.26768580868388847,25,21.632854,258.91052,-6.032874,-0.12531395978139892
377,784.9372861644865,75.44342216846455,0.49949702189196493,0.18744642,0.19476552733798444,25,87.06765,967.20544,-7.4637966,-1.7834722520439439
378,882.5098378242914,76.24249115563723,0.4879501484924574,0.14558427,-0.022815375970076157,25,67.834785,765.7726,-7.2102494,-1.4958915859284716
379,958.4810971063328,75.82715655030559,0.5080596453330898,-0.21634896,-0.03129344666473363,25,29.9296,332.19095,-6.3034697,-0.5958886417843113
380,1062.5463923993411,76.16670768270355,0.5624705710602027,-0.23102996,-0.03171582183377439,25,30.47086,328.22003,-6.2904124,-0.5414484543069427
381,1350.1463664082262,75.62072171322998,0.49307241610645497,-0.13514937,0.11563148441907296,25,153.41063,1660.6798,-8.0507145,-2.4121717584848423
382,1885.290482873836,75.7405372393018,0.4711101114966953,-0.33380342,0.015389983879152056,25,94.37187,1067.7638,-7.571188,-1.8717422980067928
383,49.846324904178495,77.92400567996738,0.44720450388467803,0.65402555,0.07629639893333436,25,187.53802,2916.8386,-8.662281,-2.293457218464989
384,167.74702333902377,76.94594544595353,0.4214653437044837,-0.22274975,-0.23138039804244637,25,151.3825,2306.975,-8.407607,-2.1246621476007643
385,517.2021109427468,76.85220499891989,0.46395315749792626,-0.27630585,0.017658929957677327,25,50.410576,608.4958,-6.9606442,-1.1838661111617759
386,563.9932071314638,77.07918268708963,0.49687251759072265,-0.0196438,-0.040521476375242595,25,717.27905,8067.4688,-9.766844,-4.074113943340399
387,592.1046661520843,77.04869234764621,0.45717121096385144,-0.020400938,-0.008919387019735709,25,81.3301,976.1412,-7.4737816,-1.7035425284703598
388,650.9529383728694,76.86910635246763,0.4829405687458652,-0.035029177,0.12466705702759236,25,221.18358,2538.3347,-8.511373,-2.789891136690116
389,15.812266875564376,77.58732850170921,0.4755560734832399,0.58344966,0.04757509406197777,25,344.83374,4722.978,-9.18554,-3.0606134127612554
390,216.366377876718,78.54052556473097,0.47085333742518215,0.41668776,0.04479227452093796,25,433.31055,6977.394,-9.609233,-3.1143443234930612
391,268.4098845923642,77.57223857968359,0.4846480060579167,-0.10497658,0.033630650432003924,25,2805.6523,32786.08,-11.289224,-5.50337178066005
392,303.31413212439054,78.07737986526885,0.50202782426908,0.3038981,-0.04699154212014553,25,160.804,2189.8853,-8.351053,-2.2092341738764523
393,526.2142862947552,77.90655213472897,0.5052471610673944,0.17860968,0.053778248626568576,25,86.55953,998.087,-7.497921,-1.7453273288512126
394,612.6082164017431,77.75642977285281,0.5212623604009161,-0.24747749,-0.10847723055198964,25,180.12486,2436.3906,-8.466867,-2.33817155816384
395,698.4282558525068,77.63175334391848,0.46039226597013516,-0.3536255,0.0689409484390802,25,37.772984,474.21512,-6.6899385,-0.8188291657057685
396,1253.7561301126202,78.41847973120205,0.5451841569293561,0.24683721,0.1660290362393763,25,17.852951,177.33464,-5.621984,-0.11258328489439035
397,1514.2957674062766,77.84313908236436,0.5365357848274525,-0.14506441,-0.01339522355908794,25,79.52859,818.7607,-7.282892,-1.6933428230690568
398,1585.5335338081154,78.08221393144994,0.460497240862659,-0.14985886,-0.04585160961888125,25,45.159325,481.14624,-6.7056932,-1.1513148053458222
399,1621.6782760105218,78.09639283471645,0.5136681701555021,-0.23412123,0.10620504914855593,25,31.953732,353.363,-6.370553,-0.6379298492984137
400,1716.852435088792,78.22607325220498,0.5129599082021606,-0.18219702,0.07672721684699949,25,147.05876,1517.6285,-7.9529138,-2.3858753599705596
401,89.64549930539519,79.23563093625121,0.45667896955592485,0.119609706,-0.1815294056622962,25,102.761345,1420.5602,-7.8811493,-1.7703851262620267
402,258.9753529085292,79.30525444820549,0.4506149845175715,0.61724424,0.1441266556312975,25,213.25461,2905.329,-8.657989,-2.582496057657852
403,446.32909173242774,78.44765568294231,0.438425062312409,-0.23597826,0.20020412068605217,25,57.68217,781.8047,-7.232746,-1.1852502721176295
404,539.3959977270321,78.78170475194449,0.513814674779871,-0.15147921,-0.025786016982315432,25,375.67987,4211.3193,-9.061046,-3.360748164910689
405,291.45759033451304,80.35739414766127,0.42468513144501024,-0.22073825,-0.06902695367396532,25,108.96111,1488.7614,-7.9320626,-1.8928360423665458
406,359.58303357604865,79.89153608867679,0.5099684020234887,0.14652257,-0.09928489161500491,25,2531.458,28525.775,-11.138094,-5.422338016891195
407,411.0173561753002,79.96997296004835,0.4589134208017553,0.7240342,0.25510319023305333,25,113.91871,1690.5062,-8.070042,-1.818782482643095
408,1083.7693723950106,79.70531023348585,0.4456927767931746,-0.032752775,0.1296313165228494,25,116.045296,1368.2542,-7.840417,-2.1053621032344645
409,1142.7021534963546,80.1475792375096,0.46448425647661473,-0.2738437,-0.09046145496943798,25,48.064545,536.43945,-6.823802,-1.1668855908867413
410,197.1332289072243,80.9563693644156,0.4320599970228636,0.45225105,-0.009056898648408255,25,266.72565,3808.6902,-8.95194,-2.8230681184992963
411,948.4614900708068,80.85864442684378,0.4523927128068028,-0.13067867,0.0009909829215304234,25,72.25235,813.8926,-7.2764177,-1.6467286215129828
412,1.7129601648300499,81.59166400009643,0.4509152475687215,0.51338196,0.03032702780780809,25,1652.2206,20122.773,-10.75922,-4.943492870141413
413,74.90497549489399,81.83236248782025,0.48282807388736604,0.39787504,-0.012772801470883716,25,684.2753,8299.22,-9.797593,-3.9377700230061183
414,236.11965633836581,82.30891655868187,0.44804661768612475,0.2090494,0.00034297983846879145,25,1137.3167,13622.051,-10.335607,-4.577042901611027
415,847.5447834559936,81.62118299633477,0.4804675018721081,-0.29683474,0.02915050658256934,25,174.55316,2001.2703,-8.253264,-2.5142605652781755
416,859.5477543659413,82.28233696150691,0.44715458643914274,0.5471491,0.019165483812335644,25,84.72132,1126.2914,-7.629127,-1.6413584446529603
417,909.1681553266735,81.92988395320373,0.3968512504901072,-0.24133623,0.06013608400892138,25,48.527588,608.2753,-6.960251,-1.1393144709173197
418,967.3919579856927,81.6946769745468,0.46195384593026634,-0.25293288,-0.030365186544666047,25,52.488758,615.5038,-6.973077,-1.2036463460689848
419,1043.1256296677145,82.24355947313742,0.4976711841518597,-0.031145869,0.0615078545168028,25,79.98555,844.7386,-7.316806,-1.7513972623056973
420,1053.1185890254953,81.8404053076957,0.5693804615354634,0.34752128,0.05159545651807158,25,20.012833,207.14488,-5.7906857,-0.1644305893429661
421,1340.6627703438492,81.92268644230364,0.40019775329690827,-0.14145152,-0.06906739494028354,25,39.09157,478.0263,-6.6986294,-0.980699011814574
422,109.52637420962671,82.74287179526286,0.4711818930817163,-0.089095704,-0.1331350697659823,25,827.1084,9985.57,-9.998432,-4.174004714546782
423,143.39556992666087,83.2891125075348,0.4689741987517268,0.37307176,-0.20529128637578095,25,261.06342,3720.3948,-8.926473,-2.7331834598223126
424,177.47712346735602,83.73812000995194,0.400421740179299,0.2607963,-0.06307258265170189,25,85.21796,1398.8777,-7.864449,-1.3824022728727456
425,551.6853747401057,83.20027719995507,0.5555649419040258,-0.03510142,-0.12204338909156348,25,31.542816,409.9602,-6.531854,-0.47038710634780956
426,581.9376456157758,82.82464336240672,0.429557199047126,-0.19693372,0.22845121346872413,25,141.5164,1808.1027,-8.143058,-2.26138331253781
427,749.5931926810788,83.18640740009775,0.5110416076561706,0.114051625,-0.03544832219031349,25,59.3924,746.6952,-7.1828585,-1.224730292852159
428,1363.1115835844391,82.75222396635684,0.5168621049264414,-0.143375,0.0428760095591325,25,2207.734,23247.713,-10.915951,-5.309604161362992
429,1675.332721275493,83.41333536500808,0.4548227682281255,0.1360863,0.09968973666693691,25,105.40182,1219.4514,-7.715411,-2.0113700766968003
430,2033.5793719095523,82.43926816922573,0.39294062985550826,-0.41478792,-0.08868687463496104,25,17.33926,204.10393,-5.7746286,-0.14168951778683314
431,59.89199058794595,83.43436300632939,0.4683123807780647,0.43455684,0.0740456728527256,25,805.81366,10569.615,-10.060148,-4.057317091275078
432,161.4502389005921,83.80672430192476,0.5216357203814453,0.07072757,-0.04159731628892058,25,51.778294,724.23486,-7.1496987,-0.9304670431593974
433,330.97854706832624,83.59128862360842,0.461782408357944,0.29824308,0.03587671828427123,25,151.86731,1938.7747,-8.218819,-2.284482645650631
434,503.38568971215,83.46138625719371,0.5064449354220475,-0.10534596,0.10292145484605973,25,296.22818,3584.75,-8.8861475,-3.00228973922876
435,817.1303071382082,84.0267384716337,0.48808403451879695,-0.34278345,-0.14907951724003454,25,44.78889,531.17175,-6.8130875,-0.9804348126695592
436,347.8859532653556,85.27179148080172,0.40495095622277855,0.28254017,0.2110453258873653,25,47.273273,769.4081,-7.215392,-0.8355964637113527
437,715.8968989161136,84.92842908216292,0.4739627328625865,-0.023601701,0.04389401522019012,25,21.017704,267.78308,-6.069458,-0.17994098273567197
438,49.73076223284416,85.55305257583974,0.46891885841063774,0.52508456,0.02356362666371273,25,1607.9504,20310.285,-10.76929,-4.848777021629448
439,185.75286402415463,85.82736051008831,0.48643793985350603,0.124128565,-0.052011275489268,25,2536.9111,29609.232,-11.178568,-5.405098326515637
440,210.57483588675376,85.86109252503547,0.4627773131642902,-0.031682696,-0.09339556871970386,25,54011.008,636774.25,-14.509964,-8.745023528629588
441,245.36485900683357,85.66523878861636,0.5149053091014705,-0.14534436,-0.018450480462469117,25,973.08344,11583.35,-10.159586,-4.310150805157454
442,464.34687647286574,85.48073146980589,0.567344997388044,-0.21801727,0.11149648013467423,25,82.34113,994.7594,-7.494295,-1.5266257357935897
443,478.43368372226365,86.26171855833539,0.45196946436468,-0.36264727,-0.06456460545579307,25,78.56952,980.5224,-7.4786434,-1.6258350605833505
444,1375.211177323717,86.1353194715479,0.514736888251256,0.20277658,-0.05691383425089747,25,52.680912,591.476,-6.929843,-1.2155103336027866
445,1651.193312652938,86.09077829722968,0.5271476252513118,0.004489115,0.00031984361529834704,25,2268.8948,23029.26,-10.9057,-5.3718288861123416
446,32.441122917523856,87.2961025681404,0.46606847913971666,0.2982834,-0.09245495426816448,25,11148.494,131484.97,-12.79719,-7.037053574515927
447,135.15160349672902,87.66065903421668,0.47640930285865474,0.30773345,-0.006991379311964547,25,741.99646,9449.259,-9.938495,-4.006352677541974
448,374.85990386081096,87.56278902416689,0.5127044483164214,0.031249845,0.16547278419681194,25,243.8436,2877.5762,-8.647567,-2.820420113418172
449,2041.9732544786948,87.60223634301899,0.4739714833702982,0.14040995,0.22245966139405698,25,58.4091,686.3854,-7.09142,-1.3473353409365465
450,313.2748171550043,88.32997378846756,0.46849360924423433,0.16355422,0.012228576263085898,25,994.68134,11442.942,-10.146343,-4.440725389906527
451,418.9314085797622,87.80093795926281,0.47586273511341026,0.20900492,0.03944638732921503,25,163.27354,1889.2892,-8.190746,-2.4647994808143068
452,450.61927879486245,88.3013728468596,0.5008960623984019,-0.12939222,0.0263405245781679,25,170.60674,1994.795,-8.249745,-2.455515916084101
453,626.4987169566637,88.21073302020298,0.4789907191056074,-0.36499438,0.13964263618823028,25,75.17117,1118.1409,-7.621241,-1.3316167681628532
454,757.6963188402771,87.4797804944173,0.426427101449455,-0.14091662,0.04209298684962181,25,39.538864,494.95544,-6.736415,-0.9185380910247737
455,874.6423141861522,87.55821273286276,0.4719017913433917,0.21858978,0.06202711210964145,25,80.98803,951.24475,-7.4457307,-1.6842500924341544
456,1454.8132803316682,87.76558093139838,0.471079342269132,0.05052188,0.10865362688362863,25,265.39667,2956.1748,-8.676826,-2.992780972599517
457,225.10705836138334,88.9833426158665,0.42381088436439157,0.8367801,0.024003833125286526,25,243.90846,3925.5413,-8.984749,-2.5635055490652796
458,401.2761819932708,89.10680605016118,0.4842330875614499,0.40091613,0.44117863118117584,25,199.31511,2709.2847,-8.582136,-2.4509092370175836
459,437.5017571060539,89.37346750545416,0.3847595753416431,-0.13213201,-0.08859735850667892,25,81.43003,1079.1117,-7.5826664,-1.7061382774531595
460,566.0324722386686,88.46052432544352,0.49410653779397656,-0.07069313,0.1503034509024448,25,4253.759,47063.027,-11.6817,-6.003616916006943
461,694.3586879399679,88.9245042819928,0.5050483191984657,-0.19762044,-0.04402828646716073,25,69.9768,807.92633,-7.2684293,-1.4957100966553338
462,1286.3866928748355,89.37360995446802,0.5047928192397546,0.09416865,0.12691715033384549,25,50.667137,551.01794,-6.852914,-1.202626779327047
463,519.1148467831002,89.67881380294857,0.4601507758712116,-0.04480511,0.073835462328957,25,121.01655,1399.4233,-7.864873,-2.148024751641077
464,536.3967904882477,89.81126704530011,0.4910598681038117,-0.15218626,-0.11670759445663528,25,75.75564,949.20465,-7.4433994,-1.5145156623634732
465,832.8158562891846,89.80298467162528,0.6060147743037912,0.12870015,0.40333034323017686,25,22.310932,252.79373,-6.0069156,-0.15424518606922058
466,1742.21916756891,90.29301928680798,0.5195208984559336,-0.4782463,-0.27403165966951937,25,29.55672,315.5936,-6.2478204,-0.6836452637526046
467,99.42705122348625,90.6269219263204,0.4850656154372691,-0.011438108,-0.01279771515820268,25,490.91647,6072.0703,-9.458343,-3.5641949912381365
468,237.92857576577018,90.69551034586672,0.4721665754519887,0.20455861,0.11374238335617397,25,1467.2242,17748.951,-10.6229315,-4.793491694587283
469,260.7586342330818,90.74892890167702,0.45158220352660305,0.17985061,0.0780667949697594,25,287.0854,3628.547,-8.899332,-3.014704487135444
470,300.7554958575067,91.53050695609322,0.3873672286403165,0.08604889,0.025382024752019422,25,67.909386,982.8443,-7.481212,-1.3856914478906646
471,325.11944381877385,91.41135205183058,0.5037870120230551,0.15664314,-0.019046219254153993,25,594.47266,6845.5522,-9.588521,-3.8249219405268233
472,498.40102820122144,90.93772906740044,0.4663808528373628,-0.18277691,-0.14615277989672665,25,74.66108,913.93195,-7.4022846,-1.5770206957335229
473,854.8134582225007,90.91545226391298,0.44240822973812216,-0.89236253,-0.3100558766004017,25,71.67389,1040.6279,-7.5432386,-1.2950354797829347
474,1077.6196142751028,90.42943716235197,0.5074813204584062,-0.05528396,0.17254220815331278,25,34.940674,452.7994,-6.639765,-0.6480437760300266
475,1415.7661176663441,90.5205798853224,0.4524070256090593,-0.09301287,0.03990574286205715,25,35.626183,415.14258,-6.545493,-0.8089992001973159
476,14.199683378867025,91.69623192711416,0.44957538016696474,0.19046804,-0.11142666889002528,25,1282.456,15939.325,-10.506174,-4.662058705838601
477,1888.339573168212,91.88189399572539,0.48944338163940543,-0.15542573,0.06012581894310852,25,17.29863,175.62323,-5.611455,-0.07142311595509879
478,0.8264133604346702,93.27291452275175,0.3544192613078893,0.49086845,0.5910361998956224,25,132.6475,1532.7578,-7.9636836,-2.4274472967524425
479,79.05633712831505,93.43787492772688,0.4387985998104741,0.2771991,0.009765792047338814,25,270.66962,3906.8188,-8.979558,-2.8018792188479553
480,636.5503929507689,92.65567354678663,0.40357696022556816,-0.20095304,-0.07884947203340069,25,55.616016,795.9202,-7.252174,-1.1703996178874954
481,179.3376614260839,93.58596539942724,0.4780987700038325,0.24052902,0.05087986041915977,25,109.49271,1637.2295,-8.0352745,-1.7548191914275786
482,290.9438713155167,94.23326808326046,0.429847923610234,-0.3350212,-0.596370290454396,25,97.96105,1579.7236,-7.9964533,-1.4675776403787744
483,352.7594188630334,93.99074316383707,0.49657544687898036,0.034957495,-0.08681753851892915,25,2823.8274,31765.77,-11.254898,-5.544792202174209
484,884.9466173321471,94.49672887677491,0.48619292153316007,0.015377695,0.18337455379785317,25,214.166,2368.1443,-8.436021,-2.7741657267655047
485,905.67927427129,94.2608805176121,0.5003349200803475,-0.10171466,0.008357873452572065,25,285.3936,3065.0989,-8.716111,-3.090682134988816
486,937.4466737054015,94.12064185399979,0.5174740569111854,-0.50122535,0.02596402179792474,25,48.846375,653.5806,-7.038248,-0.954097752746659
487,1132.9687034383803,93.94080472848442,0.5565232248115083,-0.15556866,0.04708935548890035,25,2977.7703,30301.584,-11.203663,-5.611976397946201
488,150.59947002303687,95.46570773859035,0.4622389579708849,-0.08509171,-0.01881374324426391,25,243.46555,3078.16,-8.720728,-2.799163377188612
489,165.07075320079042,94.81164341489988,0.463573435442835,0.53541064,-0.25606815182150133,25,396.12677,5596.9717,-9.369883,-3.220484840266421
490,427.72973017295163,95.21243208930134,0.47217575593271055,-0.010418793,0.0037731598161557826,25,266.22754,3087.592,-8.72405,-2.99682728059516
491,590.8123761955757,94.62245383339577,0.5287343884699572,0.04531349,0.04423807043164648,25,1655.2228,17449.504,-10.604458,-4.99454244345913
492,722.4500520007678,94.45285803769676,0.41790500793966534,-0.32216606,0.05723795328533713,25,370.7435,4459.791,-9.123286,-3.397835065984477
493,925.2264938488735,94.46641135184527,0.4282649369629197,-0.1313899,0.2638195633297521,25,24.286774,279.9884,-6.11785,-0.5114140741516686
494,971.220072767339,95.51853949969258,0.506444581840318,0.014385976,0.04809550254253125,25,98.598495,1116.1027,-7.619261,-1.8847821582533861
495,1048.479652321272,95.37548862526535,0.42613628825089517,-0.22834481,0.07325432864828232,25,114.7119,1389.7905,-7.857373,-2.0869895571749932
496,1319.2214679671322,94.75721659703552,0.46683616499882075,-0.18815464,0.08872306769346223,25,28.603592,322.239,-6.270446,-0.6089169914235633
497,582.6067477745574,96.4635887125394,0.4702725442820759,-0.26777053,0.03066184786317761,25,3001.0212,34723.336,-11.351553,-5.62004432627044
498,1206.178354086489,95.72438630967166,0.46077519790679433,-0.14881176,0.054153534929972616,25,243.46782,2700.49,-8.578607,-2.96825623709609
499,222.60031448477525,96.42055721888553,0.4697137004782845,0.41667736,0.19583208681615819,25,249.42744,3610.2822,-8.893853,-2.6416051239784895
500,777.8124928990565,96.90640145938885,0.5225270463109133,-0.08034919,0.018678836221262263,25,1210.12,12393.646,-10.232998,-4.676531724549783
501,141.53335697307205,97.81453466814438,0.4871231574170336,-0.018448934,0.026335236849616122,25,137.79735,1852.0776,-8.1691475,-2.0957259371548176
502,391.2301248664552,97.68400839105401,0.4609160365209781,-0.09323391,0.09449758714532826,25,105.86876,1325.0717,-7.8055983,-1.9233654850137516
503,826.2369147052881,98.00202551752055,0.4562556367012388,-0.23945735,-0.04962616305897402,25,25.716057,270.08087,-6.0787344,-0.6169519913411516
504,1102.8379694541795,98.28515588647113,0.5216586630484842,-0.1284778,0.14519069451928485,25,42.121902,437.6652,-6.6028547,-1.0240624559900118
505,64.35708381453522,98.59497848272328,0.4714636542569792,-0.008984183,-0.046715538233554996,25,612.9374,7456.766,-9.681376,-3.8410202495942487
506,116.08700075833265,98.631070031408,0.4961994835680254,0.2287964,0.016632266291631247,25,13501.012,156446.16,-12.985912,-7.204462190934393
507,300.89751649709035,99.35051975094628,0.45834402649733763,0.59607816,0.12247021471078844,25,281.65826,3709.9336,-8.923415,-2.9143512146162
508,413.8921641293537,98.92040582563739,0.4731407152526442,0.035817686,0.17956943487791294,25,207.42569,2590.248,-8.533353,-2.647060088611608
509,545.9559336130981,99.67550612350556,0.44320037990033145,-0.60304374,-0.25702796135178585,25,101.81674,1547.6165,-7.9741583,-1.6676861550599107
510,700.2016769243064,98.73721879149426,0.4999923173807889,-0.20950885,-0.016848149671288302,25,1242.7493,13227.826,-10.303721,-4.690677501704014
511,1010.5724641567319,99.03976981823322,0.5518659918677232,-0.05526219,0.08311631397391038,25,61.18298,632.1521,-7.0020537,-1.3882623457100123
512,1435.195498812476,99.3257713816266,0.34669739247043196,-0.038102366,0.053416548166586045,25,16.09808,193.78879,-5.718322,-0.2177862011361148
513,40.51900902117152,100.1613169603045,0.4579038239694088,0.19244468,-0.12848455424838606,25,274.55585,3597.5244,-8.89001,-2.909099060716915
514,286.6085533850011,100.41174985017844,0.509147152324947,0.2969841,-0.13115659724481063,25,199.60901,2429.3308,-8.4637165,-2.573381602251545
515,490.4405692689166,100.15508098118862,0.4732467578733619,-0.19418386,-0.1388431935269507,25,50.311058,619.7969,-6.9806237,-1.1011893452042907
516,511.6083329426609,99.6974719468305,0.4599201965334828,-0.27942243,-0.06193003196396202,25,252.18913,3020.731,-8.70028,-2.9188080649971115
517,659.7511045032979,100.21074289164504,0.4323353314688379,-0.20921277,0.29707532396628794,25,40.01787,520.99274,-6.792079,-0.832583328407152
518,325.6101034016843,101.20603556489438,0.5113811006704683,-0.16028312,0.06342038003236611,25,56.461544,723.7324,-7.1489453,-1.155992285764274
519,462.72923539741555,100.60579435950679,0.3580920973617249,-0.18464229,0.06562986916450292,25,25.966228,384.6958,-6.4627934,-0.48300539397801906
520,647.9863915850913,100.740999137444,0.48808176195270275,0.25943452,-0.03981220377404459,25,50.871483,672.20355,-7.0687523,-0.9661345144321434
521,736.0845760085873,101.65089339177732,0.44127603915443353,0.08662412,0.10038525050752645,25,98.91374,1178.2706,-7.6781125,-1.9581783202599707
522,874.3938661804731,100.94814037988982,0.3759697786581443,-0.027151143,-0.011283433886918269,25,24.006046,321.34308,-6.2674227,-0.40084095217471033
523,1649.6635684210487,100.56193609197504,0.4627190345213778,0.31676462,0.043166172796233915,25,38.085415,454.639,-6.644167,-0.7889818020249529
524,171.32811342714058,101.73861435955047,0.49969677809043495,0.0058537824,0.08947680961426635,25,927.62805,11421.483,-10.144306,-4.220623534441551
525,274.4844847419728,101.75706912115044,0.4750514728544009,0.028578226,-0.10067015075732055,25,191.69684,2426.401,-8.462406,-2.528725217751801
526,479.52353899136057,102.24737248272463,0.5164771380782512,0.070714615,-0.09990873022262889,25,227.50795,2623.1187,-8.547045,-2.7525959146462253
527,536.1563249307537,101.46053183750696,0.49210211043944746,0.19792159,0.2696996929295328,25,247.13365,3161.4863,-8.749728,-2.788782121915696
528,1185.5368725600401,102.27085257249429,0.43733523262787083,0.08524421,-0.13794649674297899,25,57.650158,679.4686,-7.080424,-1.404757215765737
529,1681.439881181784,102.57178968982292,0.5328330006769192,-0.3380698,0.12152794129219563,25,24.849575,268.21582,-6.071211,-0.40209996043667906
530,447.88073132291174,103.10432807307923,0.4813955662234997,-0.08727691,-0.025977293250522494,25,390.1447,4250.35,-9.071062,-3.464224659184514
531,1322.5628455436547,102.8564029202764,0.4675291628485828,-0.12352938,-0.023081255088041028,25,86.03333,960.20416,-7.4559093,-1.7941463982403945
532,250.6346173193009,103.63445826828345,0.42849178488322004,0.44483387,0.013888123952492512,25,1296.5813,16382.167,-10.535928,-4.691078174043786
533,753.4093912662598,104.41697950946475,0.4414690721105694,0.12843832,0.06544959446652428,25,664.6407,7864.9844,-9.739244,-3.982362759613963
534,807.7306106494806,103.9412225480208,0.5229714848267676,-0.044956144,-0.035307410599325434,25,40.909615,449.2356,-6.6311855,-0.9341678954059874
535,941.2243926621431,104.55066081058918,0.4506788389466672,0.12561649,0.13467040075654538,25,66.208466,774.8095,-7.222987,-1.4974768166397465
536,1034.925960965357,103.77045542520072,0.5114865354549961,0.09446334,0.11715622512093053,25,90.33741,967.0115,-7.463579,-1.8063480211903955
537,1333.2938830058486,104.52558384352167,0.4890428284728139,0.26877826,0.17765127912407078,25,72.82326,837.38544,-7.307314,-1.5574044917238175
538,28.493282868356776,104.45354630756447,0.45927531391638193,0.026017899,0.04557023415780027,25,287.25546,4021.782,-9.011046,-2.8737799170755336
539,93.4697735923994,105.04448797770749,0.4782978436956848,0.15646192,-0.30693726884426087,25,238.47105,3150.5686,-8.745973,-2.7111762291784607
540,210.29930869708633,104.51218908597751,0.500672742252787,-0.63885665,0.0623266724338996,25,409.6907,5720.3174,-9.39355,-3.1821468000523905
541,262.6798395286388,105.27368117475858,0.421557079890082,0.14526674,-0.0716621312019467,25,110.923515,1524.2545,-7.957644,-1.9262805489949715
542,401.98796171951244,104.75118125511725,0.4158676449084971,0.068544,-0.006114580999500238,25,84.50302,1043.7563,-7.5464973,-1.778040566214576
543,423.2950257549334,105.11110246533715,0.4242064017676243,-0.19566025,-0.028517318333870466,25,241.1538,3529.1458,-8.869174,-2.64729594759866
544,557.1792654340757,105.0243535593658,0.49137579857492947,-0.072430566,0.042335920646545816,25,52.50524,631.47144,-7.0008845,-1.1672686856187322
545,708.3210444746841,105.22094027165836,0.42365491290181595,0.06915783,-0.10753421967695444,25,36.302605,490.60028,-6.726819,-0.7333601103269873
546,772.0386702599988,104.6300047575633,0.4794102763138322,0.1265043,0.08778934569438186,25,30.745419,376.8325,-6.4403706,-0.5693087011362887
547,986.4999014935419,105.41744742514764,0.5078197746599331,0.3319682,0.014427236933908055,25,119.51771,1325.4894,-7.8059406,-2.1089269642456467
548,1071.261113037371,104.87229795518928,0.49670093403131566,-0.29496446,-0.04739339197715194,25,67.28252,720.74677,-7.1444564,-1.552442512075464
549,2024.7352620008276,104.50155721200449,0.43846009976729233,-0.091020316,0.07256982050740637,25,95.91021,1108.9049,-7.6122355,-1.9732082295355053
550,72.96922079517111,106.71768997414078,0.47151113951887436,0.09500349,0.10381767246191624,25,410.96823,5393.5654,-9.32969,-3.334908865318298
551,569.8284246020197,105.7915870920268,0.4406872460274303,0.04247899,0.02662182428473709,25,335.67545,3983.9043,-9.000772,-3.2464411156889454
552,689.1881653633502,106.1605259365013,0.47133530583800765,-0.007088607,0.023855169563799666,25,81.57621,979.9954,-7.4780602,-1.6686381898354181
553,136.95245700948152,107.47034369818883,0.4963479398817659,0.09426136,0.0687903614657257,25,165.13884,2142.3103,-8.327206,-2.3348343702678807
554,234.92228222531682,107.03582613485983,0.5069213974276275,0.034574293,-0.11747193358372827,25,394.72937,4623.0757,-9.162328,-3.361641390350518
555,297.8753600167676,106.8191023517366,0.4775454848113879,-0.2510949,0.04233199297241712,25,529.64087,7137.7617,-9.633905,-3.5550095463874873
556,412.10744062048144,107.37682698580093,0.47977968594577153,-0.06611839,0.09533767522228166,25,222.81999,2735.5972,-8.59263,-2.720826269071775
557,585.1658001339792,106.35196867216833,0.43676461876899964,-0.3601644,-0.07968056463536777,25,75.127106,1052.9623,-7.556032,-1.4781166388333844
558,901.1827631760092,107.17331695667973,0.5028844571147106,0.031281605,0.11849711701418177,25,207.68729,2212.9656,-8.362437,-2.762322096858734
559,1744.851378773773,106.68018907091826,0.4437174184498046,-0.06820359,0.12280435815304597,25,133.58322,1500.1733,-7.940354,-2.3279653598119463
560,867.2554488296354,108.52306890968973,0.5515627904884589,0.47418255,0.24356885824273758,25,23.404411,240.03584,-5.9506903,-0.3850291707919539
561,194.84981177172764,108.96192374641255,0.47646447612679926,0.06879952,-0.16680918621985644,25,1411.8687,17185.463,-10.587903,-4.7413358241977965
562,329.96988889313485,109.14796724442614,0.4412172190001217,-0.014212349,-0.039230256898224604,25,157.79294,1891.4391,-8.19198,-2.442120087591496
563,630.0944791211414,109.38702802077555,0.4922585331291329,0.096858144,0.1407167819037861,25,95.421616,1153.4628,-7.6550093,-1.8252228059497906
564,887.3707684913616,109.3214989630693,0.5611403981748484,-0.72094244,-0.32236399255894094,25,31.214592,353.5868,-6.37124,-0.6007034491117131
565,928.9799395076349,109.42059746395843,0.46223218304130564,-0.07333358,0.10506905822205312,25,59.79346,685.2758,-7.0896635,-1.380729278472785
566,15.792768715820825,109.926359678688,0.462036755858976,0.02523912,-0.11376626705824065,25,2877.2249,36249.387,-11.398251,-5.501400268652741
567,224.62028019082143,110.49887755604368,0.4820512902654318,-0.08034405,0.011551668173975663,25,1245.6709,14653.591,-10.41486,-4.615510429152806
568,319.8294316667855,109.52824663032418,0.5223836899045553,0.22640823,0.12921654858504497,25,407.62088,4805.667,-9.204384,-3.3674751225321886
569,337.5397702883387,110.54255478466706,0.4451940817611437,-0.2297585,0.011751789559353009,25,116.73453,1529.1869,-7.9611516,-2.001564803752811
570,473.51982356627946,110.35293936198032,0.44071258579653844,-0.32284284,-0.08701378560647734,25,36.438435,501.63608,-6.750972,-0.6531350837781287
571,498.4190269246964,109.84387563048574,0.4812797372779389,-0.22846943,-0.039156009280094835,25,424.03256,4814.34,-9.206342,-3.5081610162556727
572,610.2172640584693,109.5907525421907,0.5333835991255788,-0.03505923,0.09012082170594382,25,41.64266,521.5602,-6.793261,-0.876967420876883
573,1404.4669175964289,110.00124501500244,0.5084213438550073,-0.13132292,0.12283874415320653,25,28.017723,294.67496,-6.173358,-0.6166690842212212
574,595.3950595036454,110.69640359928783,0.3904042880205245,-0.1385679,-0.022401657153710668,25,45.309868,615.31934,-6.9727516,-1.0787893152543502
575,675.621021265596,111.02170954872011,0.4881719442975419,-0.061232653,-0.14130643971307683,25,49.671734,610.22955,-6.9637327,-1.0802587863649793
576,791.4514051017493,110.79701172532744,0.5095750531685788,-0.3169304,-0.08433017439249674,25,1160.0945,12562.557,-10.247696,-4.596708468535634
577,1186.8493239839459,111.36073113032373,0.514590093835183,-0.03341711,-0.01714068259630989,25,75.22946,828.0487,-7.2951393,-1.5790238640871446
578,1667.7736990191042,111.13038866745718,0.5807696924186481,-0.121234104,0.09163979680021107,25,100.223495,989.5202,-7.4885616,-1.9259052351684922
579,273.43175631138325,111.52670152693102,0.4746286259913605,0.44166708,-0.1589604782816503,25,95.7863,1379.2169,-7.849081,-1.642815615234787
580,345.79622408944823,111.92738418909043,0.5028341839863567,0.58707434,0.05235600202042438,25,270.43237,3216.6223,-8.7685,-2.9439940367710093
581,435.78376380464135,111.94230710131019,0.4911391630856008,-0.0119865695,0.03862762549843898,25,434.3719,4985.658,-9.244307,-3.4938686517832904
582,694.572355954932,111.82873044630908,0.5090491789568676,0.09360247,-0.06190682956144915,25,176.48088,2013.2283,-8.259733,-2.490775960602142
583,953.3750337756491,112.26245239647352,0.51974111761338,0.19846241,0.010568964110694738,25,221.90862,2424.8118,-8.461696,-2.77249736427225
584,1527.083362148033,111.42918496885761,0.42160494389736575,-0.009910794,0.14181321578182587,25,229.49069,2701.8376,-8.579148,-2.898747676999886
585,67.67616345953964,112.38222333090555,0.5050574267060096,0.44161814,0.004461801857211514,25,333.91736,4382.3726,-9.104273,-3.0439661957591744
586,285.75740681687046,112.93860577913789,0.47095203367540184,0.39841142,0.30689625778474894,25,223.48952,2937.7776,-8.670048,-2.66221077941223
587,422.77699184176606,113.2092389630321,0.45748309404348925,-0.13403682,-0.03246444297630862,25,5117.824,58444.95,-11.916867,-6.227802136902769
588,684.0255572276176,112.89004336082424,0.4789723488704114,-0.14058824,-0.020745120154356606,25,99.91021,1128.2305,-7.6309943,-1.960505764347193
589,1.018681178599492,114.1532983686127,0.4040036009323636,0.6419605,0.5269470330782208,25,246.09496,2633.4248,-8.551303,-3.102660681885818
590,26.36954914082519,115.42344986493332,0.5070658626403707,0.1639977,0.10045779469659478,25,452.77188,7941.0713,-9.749698,-2.816443414273002
591,130.4457576062835,114.0252883497383,0.47332575478402344,0.07647509,-0.16304095696994822,25,481.00964,6069.6885,-9.457916,-3.548544585483096
592,154.77569149693127,114.48768473045206,0.4526661212089567,0.049693096,-0.04833789597722413,25,4669.0063,57972.824,-11.908062,-6.056544949586636
593,186.13496936311898,114.30940389937706,0.4481053295857513,0.836634,-0.15222268697492478,25,487.8412,7202.9077,-9.64377,-3.4250973846639643
594,807.54018348113,114.23544884889557,0.43234760158943747,0.022403866,0.005017005624169321,25,109.325775,1351.3469,-7.826917,-2.0211117027109484
595,1772.1759531720786,114.6784165615993,0.30718045874771027,0.34525993,-0.023447210538466136,25,14.486749,193.90126,-5.7189517,-0.040738227773373034
596,1900.04656218938,114.16613326870228,0.4718261159958679,0.11732949,0.13534445162513306,25,22.608147,225.09052,-5.8808928,-0.4558380479392416
597,362.9319114727898,115.02222928312712,0.5227816441063178,0.021599272,0.16607747331231057,25,92.74511,1078.4714,-7.582021,-1.7804177903992313
598,385.01402293536444,114.68369830670653,0.480945552235687,-0.05298631,0.05242770488307572,25,108.52037,1295.425,-7.7810307,-1.9857432859999542
599,731.8688559583574,115.13841979699798,0.5132397611424392,0.08261515,0.12048981087155627,25,79.61359,851.0702,-7.324914,-1.7079606769372129
600,243.80055892828634,116.33781634371694,0.4826910076593587,-0.83500814,-0.18966684360934444,25,612.1498,8411.446,-9.812177,-3.713234283900894
601,601.261672159857,116.53001966012351,0.5033664633866407,0.10043862,0.09188788771056196,25,75.46311,907.35223,-7.3944397,-1.518728075028609
602,1140.8641270250562,115.96618322170117,0.5068958553114783,-0.16286956,0.03748742032533147,25,397.89642,4162.263,-9.048324,-3.460550858330729
603,1456.2626678585434,116.36757522230722,0.5287465502404645,-0.0053276857,0.12388761387644284,25,43.710003,461.1539,-6.659615,-1.0030955682707914
604,1511.6773106839753,115.72000068983147,0.5343368195581655,0.23286718,0.0451156781304991,25,23.042294,208.40918,-5.7972918,-0.4584966671238455
605,44.11685234510573,116.15868391982183,0.5147456379434825,0.1412254,0.1259344880536718,25,188.47105,2788.8616,-8.613567,-2.244502362964797
606,96.15445401607383,117.38129561188764,0.4702797942659215,0.5011125,0.10663858039373383,25,627.9367,8298.639,-9.797517,-3.7924436721910952
607,140.70998750014562,116.72798120623297,0.5262468239091745,0.3729782,-0.010082300108099917,25,435.75476,5031.369,-9.254215,-3.4511408536954824
608,177.15941010863386,117.01385762623367,0.4897745898812179,0.15355505,0.009438351104881646,25,1966.0453,22345.324,-10.872967,-5.14530954598463
609,456.221693031437,116.86638885189357,0.5050764647710736,-0.09617901,-0.08930888339500687,25,258.63678,3023.1587,-8.701152,-2.8825683361513645
610,549.730725540201,116.57363741228801,0.5096021783191812,0.087705754,0.01570097584454401,25,241.96799,2765.6897,-8.604508,-2.8291866172728715
611,750.4420889036495,117.39902640379891,0.4759352608753461,0.19021209,0.03869015329775718,25,115.19961,1317.4435,-7.7993298,-2.0739521776266234
612,166.71721729386542,118.12213896657285,0.47276309040781395,0.048399393,-0.770972877319368,25,436.91037,6779.739,-9.5780325,-3.125843842267544
613,1473.9526043767908,118.12000002734743,0.42708398549794885,-0.044105638,0.20657153841656659,25,23.9203,267.02957,-6.0663986,-0.43086350669100215
614,121.90534470212202,118.6250321928097,0.48139083313587083,-0.097337686,-0.5473117427965253,25,259.95734,3934.2405,-8.987152,-2.5519157430989985
615,581.7469816457101,118.81020966778742,0.4940484385883997,0.12014503,0.03383682941623161,25,316.46426,3526.9124,-8.868486,-3.164985162098957
616,661.0555538708844,120.12893305172294,0.25653440018347873,0.39068437,-0.02074630199897747,25,31.771812,631.86194,-7.0015554,-0.15436862715426103
617,883.7737402703283,119.51428722163924,0.48307991842464937,0.23902969,0.20735112274613762,25,17.884586,191.18146,-5.703614,-0.19289244925728416
618,114.66420082385827,120.11904151530959,0.40374080784716326,-0.39924908,-0.38632032381457015,25,358.4015,5687.7715,-9.387356,-2.99620231909958
619,394.4505782813061,119.7703623020067,0.47040432574098906,0.14442955,-0.0491381363585875,25,74.114334,928.83044,-7.4198413,-1.5412253552154627
620,793.4632528049624,120.52346858927862,0.48594045047288287,-0.4603748,0.0013499905737397685,25,150.43921,1800.838,-8.138686,-2.318331105273971
621,1195.3740741415613,120.1615345082069,0.5161450278488351,-0.09344302,0.030955770751033694,25,94.78478,1015.68634,-7.516899,-1.882086314985183
622,1498.0555513544361,119.48308681193434,0.41729205148069265,0.30767658,0.38983976245391216,25,18.773647,222.39136,-5.867795,-0.1796627391608148
623,1578.9763229729244,119.68397374481022,0.5133148279250919,0.18378977,0.1740360119293552,25,57.71124,610.03687,-6.9633904,-1.3142813832752047
624,1705.2706782695554,119.79859911694959,0.5241247551536564,-0.13150583,-0.09463795785828377,25,68.86597,729.7309,-7.157907,-1.550289468637271
625,627.5432327121445,121.39623797653456,0.4759119980198178,0.12639979,-0.0310561974771058,25,248.54039,2954.56,-8.676232,-2.87539932194706
626,779.6934421570446,121.61757396321548,0.45450238193004305,-0.28079066,0.021230905369198787,25,40.121662,487.5037,-6.7199445,-0.9437797883391252
627,843.0252054405105,120.74378752880297,0.4836931086835531,-0.11654912,0.06348327876054839,25,195.99374,2127.7097,-8.31978,-2.7032979448809784
628,34.865747851522606,122.10905265386965,0.44516846124786275,0.25139663,0.017910054741029725,25,300.26874,3956.1387,-8.993178,-3.0382555193843985
629,53.39416725187182,122.2413370449284,0.4634958179761224,0.25529388,-0.08872022260796776,25,4974.712,57951.035,-11.907653,-6.187143249959797
630,505.2793941219946,122.2847535078251,0.479636041613773,0.03505034,0.07614530047813221,25,257.5133,3154.725,-8.747404,-2.8874233314740296
631,1853.14814045598,121.55940110067854,0.41816904596600274,-0.25105864,0.13810560502721037,25,34.25538,402.79428,-6.512708,-0.8336748214188576
632,251.04460202728987,123.38182530395784,0.48987774817789226,0.12450744,-0.1872348221498494,25,408.51767,5182.418,-9.286331,-3.3240696990419263
633,475.25545712718525,122.96732761214595,0.5555068253375544,-0.13237225,-0.08387105539567973,25,172.65724,1831.4628,-8.156995,-2.493136909371226
634,525.4990849498563,122.87897300883994,0.45595527912201006,-0.19914635,-0.08147978695942312,25,269.9626,3121.5237,-8.735916,-3.0289655402046938
635,761.5208758668261,122.7329352876797,0.5587599121027307,-0.048957575,0.02304168679544104,25,28.075653,320.9442,-6.266074,-0.45549178945345103
636,909.5887731021488,123.14568071864798,0.5784137695665712,-0.15915094,-0.0910519846980151,25,20.934502,207.09354,-5.7904167,-0.17466615844224959
637,1633.7312908028318,122.78909889732307,0.46536392004172855,-0.017096888,-0.009770684949501944,25,302.30362,3293.8298,-8.794252,-3.200294656962944
638,1896.296741111409,122.51901197834354,0.3322912412699118,-0.09565338,0.0830994601541397,25,29.980797,388.52704,-6.473553,-0.7522823603870135
639,64.64162667096323,124.00543626548861,0.44704981132767824,-0.46324348,0.09801147729463831,25,208.02516,3208.0054,-8.765588,-2.3727851064817926
640,201.13684997316213,124.29668842626381,0.5292405720613604,-0.13920565,0.011606840015460992,25,433.08026,5834.55,-9.415018,-3.3059418303199886
641,444.41233218052247,123.14966140747927,0.4995446716862969,0.23716572,0.35013544733353763,25,29.18108,414.1042,-6.5427737,-0.32797812750954897
642,465.14044674272094,123.88099779085299,0.5151822477468918,-0.06842363,0.008128585474590012,25,161.3651,1813.4801,-8.146282,-2.4093699318253377
643,715.0836118516775,124.07912436105158,0.5036911015325288,-0.10511084,0.05408877777797416,25,87.98161,967.9393,-7.4646206,-1.7761375649320177
644,733.598480974796,124.02717414558519,0.391415372602514,0.17297117,0.0018913358189540056,25,20.023033,257.87787,-6.0285354,-0.19190170434756343
645,923.5214817881414,124.24975886960088,0.4349275462212485,-0.116167925,0.014786461511031928,25,49.90719,592.17896,-6.931133,-1.1947751249498204
646,1258.7343224813287,124.32097415435652,0.36146786857593083,-0.2016112,-0.043685116930228064,25,16.264572,196.1007,-5.7311974,-0.08224072185383205
647,418.63402758489985,125.00798173078738,0.4794525189589661,-0.07912854,-0.050860706867053546,25,173.46376,2236.8716,-8.374103,-2.409838892593111
648,648.4869708533513,124.97590431071957,0.5235531132354883,-0.1399708,-0.10541365671919671,25,34652.23,368150.6,-13.915064,-8.288042689221868
649,3.1098691203436197,126.98148340099385,0.4764166229947825,-0.32112625,-0.14350328083027555,25,374.34918,5657.039,-9.381474,-3.0075051684544003
650,98.39335844598658,126.29438815763667,0.44581903164862696,-0.08518658,-0.23185608101093771,25,281.4632,3968.8572,-8.996664,-2.878031320708053
651,288.1106014200745,125.7697094896421,0.5027762212379646,0.003404313,0.02655323196709561,25,128.65175,1700.0615,-8.076161,-2.017134963977683
652,311.31780041791535,125.76376717980074,0.4818091552502807,0.09190071,0.0060402870923453285,25,280.81317,3670.9326,-8.911942,-2.8898278168960405
653,346.7385424743113,126.66095254323791,0.4741577191780052,0.09550273,0.08563133174087,25,105.11024,1467.573,-7.916499,-1.774883798187271
654,376.6024529212866,126.35464764110927,0.4802156017346317,-0.25295407,0.04856783608559761,25,317.73914,3870.8289,-8.96951,-3.1191415984148936
655,605.9732682096186,125.4979341539045,0.5124205364236508,0.03470218,0.14820128711332936,25,686.1019,7599.3574,-9.701942,-3.9875526311267304
656,1103.223960504002,125.70389256860695,0.5292491871994204,-0.26917124,0.08960628268294406,25,59.99358,740.5114,-7.173829,-1.2212707385057249
657,13.901377634262728,126.19934785422032,0.4622244411359796,0.1668856,0.16943040789442376,25,189.50896,2816.0276,-8.624092,-2.322967611394179
658,124.65016276034697,126.9217361248643,0.4781650895805213,-0.07022458,-0.12057889461876027,25,266.6643,3433.2886,-8.839275,-2.8774731407012584
659,166.84968954219352,126.00062845447114,0.42567930399677895,0.11400241,0.23406567619752128,25,53.787987,881.2399,-7.3627353,-0.9027957146203042
660,275.6341188143022,126.99335844686583,0.48335906338537094,-0.022927733,0.01857175141786036,25,211.88617,2720.2153,-8.586508,-2.612300112874218
661,408.0654679216668,126.90346193146976,0.5070142827950362,0.038524944,-0.03878604064706881,25,234.31969,2739.305,-8.594101,-2.7914137050594623
662,963.5233730256892,126.99651916286018,0.3470531058515421,-0.078037195,0.14885566494299166,25,20.444092,239.86328,-5.9499097,-0.4571716337619574
663,81.94121549668489,127.73470560094438,0.4774707150893845,0.25308716,-0.02796730329643207,25,1760.6189,20587.674,-10.784018,-5.022251906516223
664,181.53941629128664,128.1253505639997,0.4740327019652588,-0.005601396,-0.1347203358512675,25,1078.6565,12524.952,-10.24444,-4.515225189398177
665,328.4085674850824,128.1315948178499,0.5475563912234469,-0.23754224,-0.04068877222065081,25,52.087616,640.2561,-7.0158844,-1.041121281941186
666,741.8262617820866,128.28141930415393,0.5244264535492594,-0.06541533,0.03191096802496085,25,160.11472,1739.1526,-8.100844,-2.41228565490822
667,158.08196895478596,129.11680678626274,0.47286591291926683,0.38325846,0.5832010618702305,25,79.92432,1255.9445,-7.747426,-1.2809331699662048
668,210.37195525234046,128.42921454381425,0.4857151111845859,-0.13932255,0.0009731732389561997,25,234.93565,3171.0574,-8.75301,-2.6404811500766128
669,355.18540599883715,128.45386805693454,0.42982294121936226,0.7995658,0.40171236383877745,25,198.84348,2839.027,-8.632924,-2.4622151885061774
670,395.13442835054536,128.66572281593741,0.45177569340483226,-0.1583847,0.12345553224067979,25,591.9557,7048.8843,-9.620301,-3.8742897405659593
671,428.76945108497415,128.90329379580564,0.4874217926415029,0.035681903,0.030870843081847926,25,3383.7136,36939.344,-11.418723,-5.784620294322721
672,1493.974357162227,128.63591300215683,0.4712979507218762,0.11200074,0.10219375927564141,25,59.233242,658.3669,-7.04617,-1.4164055398243514
673,1861.3309236415591,128.68260369639233,0.4275031304749074,-0.3645886,-0.015742225988418256,25,41.691032,488.62796,-6.7224455,-1.0328289869990812
674,135.00815093855115,129.61638680548222,0.4724472262133773,0.1006593,-0.04146754892986102,25,344.1248,4432.911,-9.116722,-3.143101574633633
675,222.05237093700185,130.67177989232314,0.4733460312302938,0.20713007,0.09560994516445645,25,2221.4822,26230.818,-11.0470295,-5.287921356929527
676,241.29474328433054,129.79823268232724,0.4661441284717466,-0.03465731,0.11736351175840487,25,181.2465,2725.392,-8.5885725,-2.2474808182472024
677,681.2608641187798,130.16991084415162,0.4493169786881723,0.116480835,0.03533668532268018,25,240.27655,2797.5642,-8.61695,-2.8995886527817314
678,689.0363324713038,130.30157575784847,0.5118620870698372,-0.071732044,0.061571980894215304,25,207.62999,2352.869,-8.428994,-2.6764137244954656
679,818.4589769915756,129.60788169548357,0.48529963052801156,-0.35560086,-0.0038540166611724966,25,63.999508,732.0061,-7.1612864,-1.4157955350226137
680,859.9843181510454,129.64732334881705,0.4751155138652273,-0.05151724,0.13947513123836996,25,98.78918,1109.4846,-7.612803,-1.9173525049221543
681,1085.5551975536719,130.598721435139,0.5350794457259297,-0.1997917,0.10533149495367801,25,49.61089,559.8444,-6.8701687,-1.0815953866742531
682,777.1983741815981,130.91779321491077,0.46480225897076066,-0.123075046,-0.05542831380163514,25,254.43745,2940.317,-8.670985,-2.939959392563534
683,107.39310683924839,131.9331604187124,0.44492327352329064,0.1500964,-0.07162516182639893,25,725.48584,9287.891,-9.919793,-4.009736197563873
684,808.437808105467,131.54808384484315,0.4491308451999444,0.10204268,-0.04877703089659961,25,255.79875,2981.036,-8.685918,-2.9980082809113062
685,671.7363789143916,132.3865445333346,0.4767776037679313,0.3044586,0.1259646694827714,25,62.05456,784.077,-7.2358966,-1.310829459757422
686,790.5413181229545,132.7995005937433,0.3914634434398813,-0.09167787,0.18895658291873504,25,20.767654,277.59253,-6.1085196,-0.22765405961231308
687,981.7592699786028,133.22285042708577,0.5581774491355067,0.06968387,0.25501925795261937,25,32.17202,350.52466,-6.3617964,-0.587041814464323
688,1013.6686707311543,133.25401731315614,0.5144150188448146,-0.18056482,0.013422622456574084,25,138.25993,1504.9855,-7.9438305,-2.272852441828714
689,1124.822992989804,133.14774965345705,0.4169456749891255,-0.115193136,0.055494443253990625,25,41.98347,521.5937,-6.793331,-0.9849713485066929
690,1313.9307267307072,132.96943971651473,0.43272339908659807,-0.032585885,0.14544719451787344,25,39.34833,443.84125,-6.6180696,-1.0615144205737783
691,347.2981990917099,133.8448160985334,0.4424148878401593,0.18749633,0.18951504003645764,25,103.04476,1425.0768,-7.8845954,-1.8192915113702783
692,508.7334150493465,133.94640634456673,0.4808525584132484,-0.43929505,-0.18535193958504864,25,54.075024,737.15497,-7.1688967,-1.0911719975944785
693,632.277218095816,134.0022790828154,0.4598278917051084,0.11059923,0.25144460142023567,25,317.4422,4072.4004,-9.024626,-3.0797013966024185
694,1650.993556306554,133.48615204030529,0.44934138827487446,0.2679069,0.17063535812836464,25,263.41528,3071.9268,-8.718527,-2.992731199321747
695,597.607775531581,135.1082664722397,0.4398915264212455,-0.13656478,0.21442900928260838,25,81.26058,1041.0757,-7.543706,-1.6363425859922969
696,649.2746559698624,133.78960559687033,0.49957439740182724,-0.39758974,0.31902553635907627,25,265.47098,4021.12,-9.010867,-2.615952998049482
697,20.31394434015698,135.92443405659924,0.3939223146930467,0.05705006,-0.2034456549484048,25,134.14001,2058.166,-8.283701,-2.0071372728418035
698,539.7383263573336,136.2593582863331,0.4857854751595972,-0.14435546,0.17203713929867628,25,61.299488,782.07086,-7.233115,-1.2157165894733613
699,1832.4822756406013,135.90484089630056,0.5042744056622903,-0.119768195,0.0034878312835650853,25,22.796917,225.86618,-5.8846283,-0.4885694784504224
700,61.874162231210384,137.1524875351801,0.47509758054793566,0.11843529,-0.061421505495147216,25,2519.1506,29170.893,-11.1623745,-5.427171103771064
701,253.13239052871893,137.3380019933404,0.44919298135385755,0.3914909,0.2236827744836142,25,262.18094,3547.0117,-8.874657,-2.8253081460676484
702,523.5387405644819,137.3739838306913,0.4391584089244823,-0.25830066,0.001437412041525224,25,378.6744,4499.914,-9.133011,-3.3928862549706116
703,614.5767320336762,137.07216778253772,0.5419772923758882,-0.09921458,-0.08417374182444667,25,167.45285,1887.4626,-8.189696,-2.4247970105473104
704,848.8568750865234,137.41042080131746,0.5353454922987632,-0.038365666,0.11502301736153747,25,56.913006,598.17633,-6.942073,-1.3102057673318637
705,929.453956027696,137.2299771798847,0.4453024742505596,0.16605471,0.04188140869793591,25,101.85307,1244.3407,-7.737348,-1.9205906904785581
706,1134.6974099879144,137.54397449160274,0.4047712604525132,-0.059409745,0.1675957025748109,25,250.73482,3146.7805,-8.744666,-2.9678445134124942
707,1378.2877263606622,136.95254524496926,0.3625910153191565,0.01539843,0.1075527362603359,25,20.847599,235.44882,-5.9297414,-0.47623833320862125
708,175.58682050747964,137.823609942378,0.4775784643999896,0.2681478,-0.07092246367101813,25,809.3356,9525.154,-9.94718,-4.161595800994004
709,270.6159285134512,138.18290466442045,0.4640114175748367,0.03916867,-0.06758619325560483,25,825.7176,10425.916,-10.045285,-4.131109748803802
710,303.4716282227594,138.09086576648917,0.4371051619870723,-0.3030416,0.023222988581200588,25,129.70515,1805.8326,-8.141694,-2.0381228179122286
711,434.77587570629004,137.95990529129833,0.5031721705857997,-0.04535406,0.012191808233647196,25,261.1473,2903.5657,-8.65733,-2.963821799407116
712,658.138329592296,137.7766344969741,0.5692459563547709,0.17966351,0.10563725288455697,25,97.49703,1253.4296,-7.7452497,-1.67580758651972
713,801.5032518188756,138.27760191828213,0.5162823126629889,-0.37540597,-0.03052701638768535,25,186.55011,2077.9153,-8.294069,-2.585722700119311
714,947.276650034866,137.73841121051305,0.5257995939090828,-0.026469612,0.07937333260658802,25,324.6664,3501.536,-8.860646,-3.1683177255750907
715,998.3175235844875,137.80096634140347,0.5405986641865639,-0.11291155,-0.2646400064606819,25,19.530663,194.23813,-5.7208357,-0.24828565076290252
716,1814.46727361626,138.06130545686975,0.4019472811963742,0.08928147,0.13270858013764136,25,26.8629,320.33694,-6.264018,-0.5656488123083047
717,46.177606423188465,139.49991266158398,0.500254794643005,0.56592137,0.05906178956282571,25,195.86745,2654.6997,-8.560039,-2.4165926955222843
718,159.27044317922724,139.0346637705558,0.5019645246600598,0.12182054,-0.14331999497399747,25,55.575962,817.6085,-7.2813635,-1.0036727312398201
719,201.955235370105,139.21208734187775,0.5017050686282226,0.37931454,-0.24142355399346427,25,192.07664,2582.5015,-8.530101,-2.4308114123334796
720,281.4154018313184,138.85007899521835,0.46708141279147875,0.11414303,-0.11640182971720264,25,26303.379,303286.8,-13.704634,-7.983102026283868
721,316.2036747871636,139.33279243186485,0.5310510410001051,-0.0076878024,-0.10599844082024679,25,54.09833,750.83453,-7.188861,-0.9644696773891075
722,360.61761469752196,139.11360938843774,0.49817960248683923,0.06526622,-0.13218277391220254,25,377.74353,4340.3896,-9.093822,-3.34368420514787
723,623.9726591442563,138.9056487782375,0.5241785995449488,0.010592118,0.04547938825462068,25,766.9854,8159.9243,-9.779216,-4.134771096867472
724,825.2274788797102,138.86727838751113,0.5021951658925609,-0.09254109,0.03542338008091572,25,289.48346,3135.9763,-8.7409315,-3.096779568289543
725,1159.0026910217666,139.46708767258974,0.33738035488155954,0.024331026,0.1928093307788639,25,20.89293,240.86707,-5.954444,-0.451798374821128
726,11.151174232615368,140.38185569601438,0.46018494112835934,0.22489889,-0.19047892690314056,25,321.49384,4316.726,-9.087886,-3.035069019513138
727,87.20750250529065,139.40165913202446,0.4285746926889911,-0.0371032,0.2171623669221402,25,424.0856,6987.419,-9.610792,-3.0265898935502467
728,423.3679551371468,140.1125410276466,0.5504113645982256,0.043088824,0.11081675956284132,25,82.36229,1014.7256,-7.5158715,-1.5242401261440754
729,30.06395959003339,141.116185069717,0.4502185321629369,0.17480652,-0.06641290236749407,25,12758.91,149128.23,-12.933899,-7.224424766261089
730,294.62652540811695,141.65122099928163,0.499186288327808,-0.03365609,0.13471014797763023,25,121.76792,1800.4991,-8.138483,-1.8308764325556552
731,782.2893418715863,140.89193682791034,0.45091051051992115,-0.13607147,0.07429385843780309,25,156.85309,1813.3136,-8.146182,-2.446683624817126
732,144.92206148833688,141.76807696655973,0.4892952526963107,0.5270381,-0.3716263523667946,25,211.15944,3091.8623,-8.72555,-2.4260874935612327
733,324.6964249209113,141.59155101659988,0.46825508975744495,0.2424208,-0.08088964349962587,25,55.4167,745.41455,-7.180995,-1.1627152771079805
734,352.3276084447262,142.52554282571907,0.44429096237918875,-0.38492572,-0.033613830199953655,25,190.01439,2451.7454,-8.473688,-2.5512613867295943
735,721.7903785464994,142.1282977314826,0.4987546037526416,-0.1202899,0.03595283303592542,25,298.74878,3196.0051,-8.7615185,-3.15037441756906
736,1465.276434644549,141.79259793123921,0.53571211633735,-0.23767911,0.19084881860217168,25,42.56914,441.61816,-6.6126175,-0.9796660042900038
737,793.4273140534939,143.0452940297177,0.5085278042521523,-0.13211365,-0.12306621215758963,25,292.20212,3194.6516,-8.761059,-3.087002773039462
738,938.7346458709341,142.94742577702115,0.5231459473438287,0.020576168,0.004598388343098232,25,318.94513,3447.439,-8.843741,-3.168158823509795
739,1039.0160867153409,142.99846947936965,0.4813269221726423,-0.13585213,-0.015760381551651607,25,33.651276,355.5576,-6.377275,-0.835032855995461
740,1081.4098544078981,142.5151831015708,0.36191764432096346,-0.40807563,-0.02284112305391977,25,29.207237,364.0681,-6.402957,-0.7639565470305711
741,1753.8167371986083,142.44903237462938,0.47936542492578316,-0.029998433,0.15662082845382388,25,39.212864,450.58463,-6.634441,-0.9358251376575353
742,118.97082819057309,144.40138776512234,0.4952126540101684,0.47307748,-0.09773164892476421,25,788.4232,9987.898,-9.998685,-4.059497390739182
743,262.13497774017577,144.31834760172953,0.5103078372925766,0.115309976,-0.026203605758522305,25,2813.072,30643.943,-11.215862,-5.555108627951292
744,342.42161422312176,143.69651395130904,0.4701206448519474,-0.2142082,-0.047164530090715764,25,540.9566,6178.7603,-9.477254,-3.779759966208695
745,460.188053944101,144.0491116633585,0.55989334151803,-0.14758582,0.023585763232295158,25,70.04742,841.32166,-7.312405,-1.38297061432764
746,477.04088308022733,143.9003943912737,0.477194832509539,-0.055649053,-0.06063287463093023,25,368.48203,4215.4263,-9.062103,-3.375060956844832
747,818.3354963448463,144.48959548551124,0.5150232865731129,0.28858608,0.10816104905511696,25,112.69091,1280.016,-7.7680387,-2.0362133398193754
748,841.3353792860936,143.4447237144538,0.45975559221317097,-0.2807709,-0.017317207043052115,25,150.47678,1739.9312,-8.101331,-2.410447879704191
749,961.9124560022489,143.82930575190824,0.5274656859980055,0.053628948,0.01855744094635278,25,241.06927,2599.149,-8.537078,-2.843882317966843
750,1335.535066843625,144.56656617164396,0.5064026883836453,-0.2020494,0.03083519461641019,25,35.38766,407.05893,-6.524143,-0.7736940257262971
751,229.79079685601536,144.96668540879043,0.4742224909085338,0.09402988,-0.046427299821100644,25,1284.3624,14844.312,-10.428901,-4.700431878375272
752,745.0654306827183,145.3415409157343,0.5058326658887663,0.041613884,-0.0036940472826102735,25,48.479454,553.23047,-6.8572655,-1.083954153651551
753,1962.8526844014896,145.10930123291214,0.4369516726374331,-0.15411423,0.12410502831618268,25,50.13922,567.6176,-6.88514,-1.2455508670217146
754,217.32381596677146,145.58562176358586,0.4371509765836962,-0.04870732,0.017977062796985348,25,824.3918,9934.855,-9.992904,-4.2196532849438935
755,400.06023543609274,145.93997544743402,0.4725801554239615,-0.09174699,0.07435074193976757,25,218.93602,2578.9219,-8.528596,-2.759962763966333
756,614.0763195891287,145.52853175918347,0.5170511558417785,-0.46120968,0.3588610781897788,25,220.40434,2855.3713,-8.639156,-2.611384530551832
757,641.2336031333336,145.954830288524,0.4825464914621614,-0.13979739,-0.030648756033516873,25,693.7827,7340.525,-9.664318,-4.122051587421597
758,712.210902761409,146.00446029873132,0.4366061974908429,0.08547613,-0.09166103079338524,25,32.898155,416.3924,-6.548757,-0.6856888321005634
759,1457.9613054344886,146.50495163277114,0.5265290485310218,-0.07474934,0.11020017179674065,25,72.66578,795.49396,-7.251592,-1.5655345561062743
760,1935.9369011626209,146.44201237951154,0.5325537522860695,-0.06587461,0.029044746174087723,25,97.676865,1049.8292,-7.5527964,-1.8836683645281282
761,191.94543480164288,147.54841695526974,0.43662496753970687,0.05242093,0.08673471932554212,25,162.252,2141.9204,-8.327008,-2.3523149980002716
762,63.157609516948924,147.60766512209506,0.45015130184124225,-0.054908287,-0.5899608059025375,25,530.8968,8076.6284,-9.768075,-3.3802290176415335
763,310.76840929091804,147.38129032507499,0.46258161811750553,0.55398446,-0.19108966352294912,25,375.56854,5394.241,-9.329825,-3.1166052543195204
764,490.7578960584964,148.00382758865908,0.568071608788064,-0.16334431,-0.2510595018353924,25,52.836246,587.6713,-6.9228363,-1.1538159363885025
765,554.9818655354618,148.6989583423998,0.5667376987549595,0.3160781,0.4309636832096189,25,299.14755,3663.203,-8.909653,-2.8886889557058244
766,686.3881329869849,147.19771891869325,0.42845868744962456,-0.28595245,0.06012327204656989,25,84.26875,1061.2052,-7.564498,-1.755243712196459
767,45.65403842842958,148.5130342580054,0.46243091562881683,0.2706372,-0.17734031883368628,25,120.17327,1745.9642,-8.105088,-1.9011791632142037
768,93.53964863356259,149.19606051241132,0.4717092478367771,0.19798407,-0.13585851009388672,25,20451.088,237943.06,-13.441182,-7.71091879651142
769,253.98545084236994,149.1915605143085,0.4901587111029349,0.08331987,-0.005605353448971546,25,408.6065,5372.3545,-9.325412,-3.3508432449434924
770,367.72912128194235,148.96271818291874,0.5180306326639791,0.0058725905,-0.06396160452999256,25,344.68677,3673.4504,-8.912685,-3.280015426085922
771,588.766958471586,149.06880786473832,0.5382357790017638,0.33730718,0.020179219953584415,25,33.91731,397.48938,-6.4983134,-0.6045502423551683
772,164.65178997946157,150.20309172837673,0.47684965724947487,-0.0056549734,-0.09009230252900326,25,2163.1182,24970.531,-10.993568,-5.262811955407832
773,337.03198223372493,149.97975656687086,0.48669451784209017,-0.018420784,0.020336629473739966,25,361.2458,4142.6353,-9.043192,-3.320764974991068
774,563.5078170287942,150.38356432535932,0.44229691785663006,-0.3281972,0.0014032264625732933,25,419.8226,5005.82,-9.248688,-3.5138507305610704
775,1012.9654077964036,149.61932611558368,0.43439347923798244,-0.010941499,0.1276231458157133,25,228.67155,2608.9263,-8.541154,-2.8983213728352695
776,1121.9494537733333,150.13227128027464,0.49595735424763665,-0.07601557,0.11147746541563044,25,447.5826,4900.58,-9.225618,-3.5436014036847814
777,1227.3210359085742,149.9174343230138,0.4995415019785766,-0.24608661,-0.02611343272330481,25,44.783165,469.91376,-6.680045,-1.115186452133388
778,179.93478519050296,151.1622355581984,0.5383915913993409,0.091100544,0.011999651723168728,25,541.88464,6363.6436,-9.509265,-3.6715927469292104
779,201.99193332507738,151.00620917773912,0.42990759753381075,0.7418693,-0.05492851099009816,25,143.81735,2106.7095,-8.309011,-2.0768524994648194
780,874.894400993852,151.3561228589136,0.540499111266227,-0.08465509,0.0691094509571184,25,192.34535,2032.8721,-8.270275,-2.6201752094049944
781,972.7214196625016,150.85907740932225,0.33213225157202153,-0.06379589,-0.020804197463228997,25,35.985344,450.6532,-6.6346064,-0.9893630259483823
782,352.232296482205,152.31153143701854,0.48594020460826337,-0.026385007,-0.0017294363888530923,25,192.26263,2218.3225,-8.365062,-2.6428812426215704
783,519.6447934805357,151.6507575823712,0.45157140750940716,0.15627947,0.07372233780424567,25,206.62843,2409.8179,-8.454961,-2.7294628217387555
784,601.5658448079329,152.3056495750648,0.5111744262459136,-0.43235004,-0.07189087609409617,25,52.787292,711.9594,-7.131138,-1.0197416325676667
785,1099.6707620397206,152.6032512230925,0.4798655143611613,-0.24936767,0.1733455778631742,25,747.8077,8826.487,-9.86447,-4.063583686648931
786,152.72855416812354,152.3085534702233,0.4531118018690241,0.48168877,0.15394870409269248,25,336.1139,4516.2573,-9.136947,-3.1082425503671374
787,652.1486887410704,152.96862107017847,0.4700770758426044,-0.14439961,0.00428398072599838,25,69.77601,831.1858,-7.299245,-1.530555390546223
788,770.4093860636101,153.18436573045693,0.5345741868070751,-0.27077022,-0.09205511333946742,25,1432.9297,15408.343,-10.46939,-4.799635021348567
789,818.5661106257445,153.56227542992295,0.5175237610528989,-0.37262827,0.03786061934189839,25,190.57285,2194.7092,-8.353442,-2.5650674842882415
790,37.55747486012193,153.66732737656707,0.3901329199503733,0.24970277,-0.11517297408879024,25,440.55975,6459.457,-9.52549,-3.378695022536335
791,281.13259318194196,153.7709914445712,0.46621703573768825,0.103522964,0.05935843701439179,25,3102.7366,35630.883,-11.379566,-5.673535314341244
792,294.081572418903,153.92486633977288,0.4885353789403086,0.023942519,-0.046569324169456104,25,5696.852,62978.996,-11.99799,-6.3353167127791
793,420.9972040637272,154.41247992581174,0.47822503330524807,0.087981775,0.07938346566964317,25,208.95773,2389.9297,-8.445963,-2.7261064139536972
794,1050.653977107634,153.7358517179496,0.4095288639455765,-0.028184207,-0.04455910325390572,25,24.981262,301.61438,-6.1986303,-0.489767590918335
795,143.06685106482243,154.61226672990603,0.4917502538036835,0.48299968,0.06901518462016928,25,166.52428,2182.41,-8.347341,-2.332225109563594
796,403.417666328531,155.50131244966937,0.49801238348115445,0.11180307,0.07847394464871599,25,405.41284,4764.7397,-9.195098,-3.401716198061137
797,497.49256519255647,155.61715493061072,0.3861782557151867,0.22802015,-0.008089315264791485,25,40.419807,548.35175,-6.847648,-0.9023125206257863
798,667.3599838821698,155.3531955733087,0.45832502062145763,-0.4265869,-0.06303752204454181,25,151.32254,1852.424,-8.169352,-2.331126558524493
799,729.9238607711771,155.34993332441505,0.45840626869834394,-0.0883053,0.036279666813503496,25,50.893078,582.75885,-6.913722,-1.2204611823374658
800,69.71823980972543,155.5166665573828,0.48130382852382636,-0.32557985,-0.26742691336653107,25,480.17432,6277.2593,-9.494425,-3.4784138869273393
801,119.23354577529462,155.83743462593662,0.4721944161171785,0.40824205,-0.07228174301805965,25,339.56143,4741.802,-9.189858,-3.0188394702984067
802,213.0566726244284,155.82257858898015,0.45295659121298687,-0.106280684,-0.30521276110090406,25,94.37688,1409.4944,-7.8726583,-1.5924884099231482
803,303.48691969508394,156.04378510965333,0.5357637907359045,-0.005617616,-0.1771566869343819,25,374.32315,4649.598,-9.168538,-3.2153124155239388
804,320.07193810011506,156.45404744461018,0.48515077323967337,-0.14431745,0.06125898151139105,25,120.229515,1541.7443,-7.970031,-1.9760398848718388
805,376.07289933060537,156.1580882327287,0.4994924531133418,-0.02286775,0.06299497683526326,25,192.78647,2279.9316,-8.394805,-2.58042732696377
806,437.0470878975077,155.9094437124689,0.4965556650868778,0.09467502,0.02810342268657626,25,706.3328,8362.35,-9.80582,-3.998072906362923
807,711.7658916794436,156.27452328879474,0.45407581783747347,-0.2639602,0.026694752717353276,25,94.171844,1092.9005,-7.5964518,-1.8987277030842822
808,760.076855758455,155.96909951705683,0.4965453458102413,-0.09548062,-0.00159262503486948,25,153.70995,1706.8395,-8.080482,-2.4008498268448952
809,845.4552619717374,156.19309681253722,0.45417990731687574,0.39666617,0.11497053700323645,25,28.405018,320.099,-6.263211,-0.6160024018803592
810,921.8014671838018,156.31826456324958,0.3879948366205858,-0.28134733,0.01202767950858656,25,23.389286,281.6501,-6.1242747,-0.4304390798495399
811,1036.0134819891032,155.93548015955028,0.5015043166726546,0.038644508,0.07406632850649339,25,103.4949,1101.1367,-7.6046033,-1.9998460135189662
812,1736.0249015727688,156.46772772763248,0.5430189497914746,0.038250867,0.15809857034842573,25,212.88382,2189.2944,-8.35076,-2.7661192131814705
813,236.32831804985852,157.16602406819337,0.4613186769251379,0.34072465,0.09259843463304639,25,107.16268,1596.7351,-8.008081,-1.706513211912934
814,412.78680873820855,157.86726200879397,0.4260814078222891,0.021530624,-0.004121369605179009,25,43.044453,679.01086,-7.079692,-0.7089404337975238
815,616.5035987830339,156.70554910196137,0.4888710017667244,-0.32898465,-0.029747577995290618,25,92.50029,1108.135,-7.6114817,-1.7746421038426967
816,1183.4472142908533,157.24558701502747,0.47080694147774543,0.03963746,0.06524705404082523,25,119.17231,1450.5417,-7.9038258,-2.0944613698919223
817,23.13045339511979,157.94226047957935,0.4832340196908305,0.14106219,0.005614084368484816,25,335.45636,4302.565,-9.084319,-3.1166095205363016
818,79.54356612333127,158.31811573258761,0.47004911334957566,-0.074295126,-0.14257990808101148,25,632.1943,7776.07,-9.7269,-3.861517694432877
819,222.98929026564184,157.71656458357626,0.5011231808266944,-0.11872441,-0.3184825773041818,25,247.0103,3229.4697,-8.772828,-2.7335295729898306
820,798.0984567578577,158.10265238040017,0.5067905204156367,-0.02249052,-0.007403756831853876,25,187.68335,2072.1277,-8.291041,-2.5856936085091373
821,1271.8411120031415,158.48814840444527,0.5621482432917321,0.33113742,0.2780410247851651,25,27.225513,309.3068,-6.225973,-0.3712524645184257
822,174.0147734913827,159.49293047250504,0.50191779088818,0.18750581,0.0451245082129865,25,10062.069,112218.22,-12.625158,-6.934975162012202
823,190.04076156274465,159.79957536612454,0.452394502770693,-0.19065784,-0.21020539250905004,25,420.4774,5568.214,-9.364289,-3.3715622039947886
824,548.8275606385445,160.32068299883892,0.4743139237187537,-0.15523851,0.046858360695316355,25,220.69232,2482.1138,-8.487054,-2.813897502403322
825,687.5517074562871,159.69632581201392,0.40820714522523494,-0.020308623,-0.09410153327370015,25,28.80431,374.05676,-6.4323435,-0.5408430147000444
826,1122.6419235993135,160.15579099954778,0.49048145791115794,-0.1460959,0.06695731622132631,25,155.33171,1695.4592,-8.073218,-2.437900643909175
827,455.2893366901823,160.87013036751495,0.4943213835317504,-0.14309807,-0.010709830990883356,25,353.99695,3845.2974,-8.962325,-3.325845606938441
828,1346.3374042566911,160.97629657417016,0.5374750790959992,-0.15942094,0.01608589953559198,25,823.58154,8453.919,-9.817645,-4.238322119979583
829,1400.024025051169,160.55139684595957,0.480420175297926,-0.0305705,0.1445947776588862,25,191.85606,2149.5813,-8.330885,-2.625802023510428
830,1713.9893961450407,160.9741211581945,0.49749310449654854,-0.07962856,0.038568490120024675,25,29.761524,320.05417,-6.2630587,-0.5829677011269573
831,136.09719004215083,162.04821810007493,0.5316940134935746,0.15675487,-0.010273850670615476,25,315.82483,3547.4663,-8.874796,-3.132470568317165
832,247.70874385981966,162.36168980457379,0.5134094173198346,-0.15842898,-0.006575442304554672,25,438.635,5226.941,-9.295619,-3.4538429436244416
833,394.1369427443833,161.88046314564858,0.431131476762924,0.24490681,0.10142055848263146,25,200.74156,2760.4268,-8.60244,-2.5840798064668498
834,961.9617143041316,161.55167319482211,0.5050913417960196,0.5021123,0.18870688922913836,25,18.005531,205.92162,-5.7842546,-0.0261111947726577
835,1219.7620796105602,161.88936052282085,0.5171210288964014,-0.09624147,0.037870270098609944,25,219.31473,2267.9502,-8.389084,-2.8143672360586542
836,12.517463832506582,163.2989697534693,0.4445016699888147,0.27952543,-0.13378915429436464,25,94.525055,1388.5259,-7.856385,-1.5864685728709906
837,93.52551189670736,162.73445163523084,0.4423439786312845,0.34930333,-0.07192728240570484,25,214.35692,2962.156,-8.67902,-2.5874816096642332
838,349.6662085611229,163.32020887061614,0.4561969708909557,-0.09654706,0.02448797619689664,25,364.093,4227.2065,-9.065134,-3.3439865359717142
839,32.166673401336176,164.16594348221645,0.5064180181841585,0.09981667,-0.09541549350553688,25,133.87584,1731.6692,-8.096162,-2.0842828419118464
840,45.73713011878421,164.13084738490255,0.4720268495650293,0.03846471,-0.10536004049637762,25,1050.5223,12407.379,-10.2342,-4.468292155648026
841,205.58500051877942,164.04037414031467,0.46772487287516773,-0.024757871,-0.06604576021605067,25,184.94128,2401.4482,-8.451183,-2.46388115032336
842,296.1536983253871,163.59462972853635,0.4931502777591222,-0.00021545344,0.09268913261000943,25,412.20908,5025.441,-9.252935,-3.384684838073189
843,319.36115270035856,164.18355166330667,0.43580997997802673,-0.20764552,-0.10748914774276493,25,323.7784,4015.2715,-9.009287,-3.198406238981968
844,479.91155312380965,163.88373556519792,0.4413787503743167,-0.06418782,0.011617510788515273,25,125.532845,1507.1492,-7.94539,-2.1659403378008832
845,594.7964710975813,164.41061441233063,0.49578177847736105,-0.19646072,0.03761931052259686,25,288.9823,3282.56,-8.790532,-3.057228177112141
846,747.9364754241699,163.67732082707906,0.5313172248196363,0.1937978,0.06729951450475916,25,57.755184,669.15436,-7.0638156,-1.2260687039631757
847,777.2431557648987,164.5255837026917,0.5194292527363112,0.45587143,0.035083113110526025,25,111.84731,1346.309,-7.8228617,-1.966067515830515
848,370.0975691264719,165.63499102582503,0.5336493907430373,0.19997928,0.33201828243358206,25,40.338524,568.50543,-6.886836,-0.6437768874928295
849,561.2280623670633,164.66929665265346,0.45714134163964515,-0.15352097,0.20146010405211198,25,136.14967,1703.778,-8.078532,-2.174100307822574
850,401.7714924937194,165.8440578901021,0.5049312976095446,0.044911135,-0.06003765375335404,25,910.7963,10788.692,-10.082422,-4.253459358912757
851,432.882538525283,166.17437278276515,0.49410544848398463,0.061761808,0.1187968481935612,25,75.296425,917.2688,-7.406242,-1.5031482468179806
852,578.0085402396334,165.9781524184665,0.49676496065845926,0.2144464,0.09658319259517185,25,455.803,5272.2446,-9.304989,-3.524059835578538
853,1270.3936263158607,166.33241435177678,0.5009029389202747,0.02895437,-0.03824878218973811,25,300.89145,3260.3086,-8.783147,-3.1649849148081826
854,58.69594746197475,166.77413120262295,0.46478812705282957,0.3139026,-0.07564025849790226,25,3581.6406,42695.4,-11.575953,-5.797430088457892
855,162.01921293891755,167.31930548545157,0.48730661097378286,0.24163125,0.09152436646499104,25,82.69642,1142.1306,-7.64429,-1.5480585522098542
856,276.36267730992284,166.70411316408885,0.48224955446124945,-0.079417326,0.017204625286334756,25,133.3839,1766.6184,-8.117857,-2.0716600062637953
857,286.1437822315816,166.61872921405012,0.5233561741512954,-0.38162678,-0.36938170928446584,25,122.94186,1739.7488,-8.101216,-1.8363549141269044
858,663.4956857165239,167.1244066943654,0.44902267726769085,-0.42154723,-0.16401569810616984,25,40.869053,482.1544,-6.707965,-1.020863737445814
859,716.9799306082671,167.18867580394277,0.47151221388419634,-0.117436856,0.08162416816366166,25,157.56573,1749.8656,-8.1075115,-2.479187442026831
860,262.5484075552655,167.7258791356366,0.46082810492223625,-0.9267212,-0.4605165421150075,25,234.02203,3419.037,-8.83476,-2.590880445672205
861,88.185346165083,169.32554913533937,0.47795138955774236,0.38073966,0.06412513594608062,25,273.7424,3452.3127,-8.845276,-2.9201447053132283
862,342.77287585024345,169.58930788962292,0.4565335230957409,0.11902214,0.0826483756046885,25,132.91698,1814.664,-8.146991,-2.0547948568275123
863,384.02858002281164,168.97076706343753,0.5305062275665414,0.25215882,0.0798418354601336,25,250.0879,2886.4436,-8.6509075,-2.8392957053835115
864,698.6440005275441,169.55973257109352,0.4562977518300206,-0.35927495,-0.1229145998711715,25,139.27786,1721.999,-8.090082,-2.2364049912401556
865,707.48609160666,168.63272618673528,0.5388712105071936,-0.22643806,0.0706893736445496,25,120.6385,1375.2278,-7.8459363,-2.067780673421522
866,909.5197787476669,168.61695326691898,0.4471620587313758,-0.17452356,-0.003843284448281449,25,29.790417,347.45905,-6.3522587,-0.6274102279696829
867,38.01874767464035,170.1833894932417,0.5055115468815455,-0.03240019,-0.1794153450356239,25,161.65239,2154.3042,-8.333267,-2.27621275923604
868,67.94079501059925,169.98545359827654,0.47504651332215836,0.29074547,-0.11401281405519519,25,477.013,6373.0957,-9.510876,-3.450746539374422
869,106.74399574683419,169.92634297052373,0.4454726186034002,0.6111105,-0.39731726359351066,25,42.97751,677.7652,-7.077698,-0.6827427693399019
870,421.1714767774634,169.53301260510923,0.5140168082424444,-0.061842803,0.0980080926633909,25,144.08675,1685.068,-8.066544,-2.241025067223447
871,500.57202048168944,170.0412515128735,0.4530262138083733,-0.08884174,-0.08805310874661036,25,95.16647,1137.6488,-7.640021,-1.894263536573364
872,1259.8430524764879,170.36823565228653,0.5045944581233986,-0.117576085,0.08968033862209786,25,115.085014,1260.579,-7.751425,-2.0908443759224187
873,1298.0399525227374,169.79931137661106,0.5857389480897948,-0.5314701,-0.020609914783675857,25,15.185395,136.5854,-5.338511,-0.005955843118947594
874,1890.3825491326072,169.90071971359134,0.37263535399247405,-0.09828652,0.1549355742185097,25,15.398658,192.22221,-5.709509,-0.008260021853996432
875,121.1194853829982,171.73936465835558,0.4554891733183475,0.24667814,-0.002837299633170087,25,300.78912,4070.4019,-9.024094,-2.983739600989131
876,249.27862474079777,171.01664480098387,0.4697117331084181,0.056510184,-0.022138666926700135,25,2637.9153,29599.51,-11.178211,-5.515498888529925
877,331.81068924523174,170.52177992616723,0.46233972491565994,0.16299322,0.10060229307505276,25,236.93288,2862.2053,-8.641752,-2.8349266911301356
878,931.2080642788052,171.0183499292864,0.5407904353046379,0.03413494,-0.04878464801249829,25,50.273376,510.8599,-6.7707543,-1.205028561162773
879,1124.4287220872795,171.59835850135303,0.4699997058608087,0.22654745,0.035318961768799985,25,65.32833,774.34656,-7.222338,-1.452021543145979
880,1344.1653718076848,170.7094742946188,0.45181745653494226,0.19960432,0.5874211673909474,25,20.705322,249.22217,-5.9914665,-0.20387757319584224
881,1620.4577698028925,171.65000577176482,0.42635249883559967,0.17596903,0.06547766866999512,25,28.85094,341.74966,-6.3342705,-0.6973851631229053
882,15.633626839290894,172.62764781793985,0.49693179355627626,0.22779994,-0.03586137093248998,25,525.81305,6950.7017,-9.605072,-3.536109432241404
883,135.72308829808352,172.21376036881202,0.4756437128259088,0.5157983,-0.1162695777960437,25,271.58624,4009.4155,-9.007703,-2.7041823336869775
884,194.39365895288853,172.34660251972616,0.4864356449912965,0.17866911,-0.09612267827304093,25,896.7322,11746.796,-10.174799,-4.171044625548924
885,442.9628235735992,171.51339964431313,0.4041531467218403,-0.21973586,0.05448471820337371,25,55.08286,732.6511,-7.162243,-1.2789933389749375
886,538.9580937797008,172.60200352369353,0.5054113733545255,-0.056416817,0.09688005282917017,25,64.32401,783.2158,-7.234704,-1.3410911628389521
887,647.2840356658423,171.8988171483337,0.4405529352439047,-0.3171759,-0.3164740862147154,25,31.111828,406.68787,-6.5231533,-0.6417815038813878
888,657.6821598405652,172.23628638322313,0.5101587014817476,-0.3200095,-0.09462949275258056,25,54.462017,622.4812,-6.985316,-1.2352833584426557
889,798.6528508952747,171.69434144185445,0.5264002716530978,0.08312813,0.006800810472775199,25,120.62574,1366.6971,-7.839181,-2.065733494995905
890,453.76229420276553,173.4883088869128,0.43155971780312685,-0.18661134,-0.08672049934733798,25,29.993069,383.48184,-6.459362,-0.6469961656895891
891,471.6832187793318,172.8616204752057,0.4740999188156926,0.030006107,0.1955906446951651,25,131.3107,1669.719,-8.056608,-2.134645951383284
892,613.8570715228561,172.80273444813412,0.4973608553626813,-0.08611163,-0.014006296612352568,25,2293.8838,24239.033,-10.961288,-5.388929929658657
893,734.670416740462,173.35665505017846,0.5220846736337117,-0.15021864,0.06258444536703785,25,28.837482,355.07336,-6.375795,-0.46201630371365626
894,155.89265476757592,173.70966867616593,0.47376447322805654,0.038403172,0.3462534262408751,25,138.891,2017.3213,-8.261937,-2.0109157717485937
895,210.9430185516681,174.22355679452622,0.4661193120301227,0.086771935,-0.03886627535653124,25,288.773,3481.885,-8.854536,-3.0560543350174463
896,221.22725746775927,175.08681840982703,0.39388018215150195,0.3924144,0.3326933976159974,25,70.82833,1093.4203,-7.5969677,-1.3481056517293646
897,590.1133297800916,173.78764746176802,0.5265616478207255,-0.20626065,-0.20778196530816712,25,32.89714,447.2134,-6.626287,-0.47580672122671397
898,600.4751763007747,174.32805603409918,0.4259042266703648,0.15297636,-0.0387882601977563,25,867.2569,10284.149,-10.030421,-4.304382973054985
899,146.6384428058957,176.3417416285345,0.484754452036774,0.6676286,0.3334837613479708,25,224.96262,3363.0964,-8.816849,-2.5017028768437033
900,270.11358411091237,175.15557633071586,0.49844763099167855,0.025611427,0.062205723236008426,25,215.98642,2937.873,-8.670083,-2.566687139785506
901,406.0284944716935,175.03307183684885,0.4646668234392396,-0.018964369,0.018543090122224694,25,7886.6997,86209.69,-12.33889,-6.730042796364144
902,894.8938782034827,174.33655372077027,0.45719205927771694,0.32479158,0.3363283698480604,25,38.64125,428.48773,-6.5798464,-0.9864493235778372
903,1910.6155664001615,175.15940027066418,0.5346544137337564,-0.11470909,0.12081896829069266,25,51.5378,548.1904,-6.8473287,-1.1790417784482612
904,0.625548554884342,175.7767187484974,0.7474390957098475,0.25070602,0.7238946373594571,25,1639.827,11560.903,-10.157479,-4.943229745089192
905,46.27034244998168,175.996026976355,0.5059329475779785,0.14988686,-0.07030488288107328,25,400.1352,4681.5557,-9.175976,-3.3659600826260094
906,373.81384772694764,175.5495166328922,0.4624951963274685,0.15103158,0.08855193612999207,25,4576.5894,52001.9,-11.790048,-6.104779656524304
907,1076.5199201755752,175.9222607932385,0.4038587759711472,0.123255014,0.02241792824312045,25,28.127357,350.20587,-6.3608084,-0.5673552576873963
908,2009.9063803489726,175.65804434152145,0.5240132294364216,0.03540102,-0.03722191933157744,25,29.4688,290.18524,-6.156688,-0.6887830538840831
909,322.7458443922566,177.13678894710677,0.4867625530755198,-0.06295367,-0.03553415254259665,25,354.26917,3959.0293,-8.993972,-3.326659123204437
910,507.281391839346,176.59294711487365,0.4979724625713879,-0.009896129,0.10100115924865838,25,48.632664,588.81647,-6.9249496,-1.1094399262778767
911,946.5955570886106,177.06719204492566,0.49129722847981677,0.0033616007,-0.09644916045711817,25,142.9757,1687.3158,-8.067991,-2.2970260076331597
912,22.599262362262575,177.51937022144827,0.46550870111492226,-0.31278917,-0.2788576099944009,25,844.08246,11135.418,-10.116767,-4.09701250538604
913,517.5103911483212,177.51996133281432,0.45673057881839413,-0.3686643,-0.024378390842909655,25,252.18272,3030.4158,-8.703755,-2.919227952736742
914,31.4356996525576,178.8890528163333,0.4686113198679098,0.03626061,-0.11704080756241088,25,368.97397,5102.5044,-9.269459,-3.125927799653121
915,171.05339483102136,179.11377511061843,0.515312031817269,0.1189712,-0.19631099739506824,25,356.39804,4394.759,-9.107338,-3.201691366119768
916,240.04506393101047,179.70375200350563,0.4643100902838794,0.059026398,0.29935062393928635,25,311.66525,4157.683,-9.047129,-3.022989838816767
917,358.6204313239733,178.38542429827885,0.4792708767621256,0.36458388,0.3214725237023596,25,153.9908,2095.9636,-8.303459,-2.185495476343298
918,706.6112603101762,179.25127010397722,0.4432667613235459,-0.067063354,0.11943531415651304,25,42.454693,562.05383,-6.8744445,-0.9475372489182772
919,744.3121045715025,179.138433272962,0.5109577272326092,0.26382646,0.0730730844212964,25,91.49634,1040.3716,-7.5429716,-1.7728100183062772
920,759.9229533359944,179.65547390868429,0.4701397093326828,0.14619212,0.37331939744848797,25,32.42374,404.97986,-6.5185833,-0.6305058754460897
921,792.7792466170823,178.93710715993095,0.5073962550725823,-0.13736017,-0.006923075023564123,25,68.67696,754.16547,-7.1936665,-1.5349865232910112
922,125.2582333854825,179.70894949239357,0.4441082192259704,-0.42055675,0.03662421677798072,25,1798.4966,24660.709,-10.980014,-4.907549392860019
923,138.2020224551241,179.4658976119575,0.4555274683015071,0.047922082,-0.008175513922286526,25,308.87836,4057.424,-9.020626,-3.032031071911031
924,335.273994075375,180.17737413299147,0.49854991044062014,0.14286774,0.02163312810273123,25,2101.8477,23225.719,-10.914923,-5.239000134185211
925,383.6472642743802,179.20878778884315,0.4065852572397952,0.12039378,-0.07172595335026764,25,80.04995,1356.4176,-7.830983,-1.3002245773379029
926,549.6979726547702,180.08146735938948,0.5111226781188948,-0.060451057,-0.10283039276176678,25,311.56116,3493.2888,-8.858087,-3.119897274838255
927,815.4637521518191,180.05248348292272,0.4579554592324056,-0.3059533,-0.008922421870759449,25,98.60702,1163.7438,-7.6646433,-1.9191980003316214
928,1007.4744488591035,180.41220031903413,0.47738759783654033,-0.31002656,-0.031284090047322466,25,76.000145,865.9679,-7.343755,-1.6415314869974313
929,1115.9645509815884,179.75479016851833,0.47305374547289375,-0.036944974,0.168980713552568,25,197.61618,2193.4702,-8.352829,-2.6753159141763003
930,1139.8563140016702,179.85783923457743,0.4742093573155815,-0.119947925,0.036381941731388874,25,63.716793,698.4869,-7.1103954,-1.4747213057912574
931,308.3751883753131,180.86703934908715,0.46481464917127313,-0.14564128,-0.04476197861765864,25,3762.8547,42143.27,-11.561821,-5.896364030086048
932,346.24136910725497,181.6256506341012,0.5413547015561013,0.14451796,0.06570622582361782,25,73.7345,967.87274,-7.464546,-1.366989250689406
933,572.1962205746592,180.50424003832796,0.3907381065365745,-0.17846628,0.040546664479755655,25,53.094227,700.23505,-7.1131096,-1.171683292373217
934,993.9393648769374,180.81738753013735,0.48470593398326034,-0.039954975,0.07643332673465714,25,868.40607,9208.716,-9.910498,-4.341221754648697
935,1184.6835160301066,180.9995807186878,0.5375785677115845,-0.17789465,0.013004267928087116,25,1925.6459,20089.879,-10.757444,-5.143251770380211
936,421.79475387549934,182.00074592513116,0.5283884600540393,-0.106782004,0.07230006123229332,25,30.059254,423.2293,-6.566439,-0.3694547647571431
937,530.9773939452523,181.90006957205884,0.4947216201073949,-0.0013355474,-0.011001328222159545,25,1461.6294,15575.48,-10.481104,-4.889098316277182
938,561.8365379133547,182.1010332445658,0.45428875096559046,0.11004796,-0.08223932822853894,25,48.643883,581.8405,-6.9120097,-1.1769023157566185
939,625.9438077442422,182.31898298340133,0.49270882935834515,-0.050262082,0.057413896566998794,25,275.95224,3044.0613,-8.708633,-3.042553865812094
940,728.5380007910585,181.75384628517887,0.4540945705895874,-0.36799216,-0.06365749187100596,25,140.1154,1653.8445,-8.046237,-2.312836839394044
941,150.46072801845494,183.128927132073,0.46951530407796055,0.12963754,-0.1044651795000013,25,7091.659,80889.9,-12.269735,-6.587076940827769
942,400.01249703189814,183.1041203638406,0.5172994733540984,0.109621815,0.05069941248809164,25,525.08167,5824.044,-9.413062,-3.7068391689801854
943,460.2096803073646,183.57391325988823,0.4630985824125391,0.3135569,0.13146400882516135,25,194.6439,2375.5088,-8.439392,-2.5957387581841074
944,590.546900402457,183.1070444755726,0.5424063134315275,-0.055901017,0.07348747092116376,25,40.36723,501.93066,-6.7516093,-0.7830099853546911
945,684.0765862690472,182.65059129669925,0.48780676944437806,-0.020302448,0.2445641092332601,25,44.56185,496.12488,-6.7389774,-1.0802507733929259
946,865.3791905874172,182.83319282401817,0.5128573839329881,-0.16583541,-0.05892706452096653,25,102.98708,1151.449,-7.653112,-1.9181380790660272
947,1047.418943297631,182.44536845255456,0.4455705403410196,0.2516656,0.15938460482900113,25,33.522232,407.74646,-6.525975,-0.7662082803607767
948,1282.7931892444437,183.24808431946647,0.39089503144645493,0.011515421,0.2533035774307902,25,33.67525,463.05344,-6.6640778,-0.7086270643298004
949,287.6953047119611,183.79413451642452,0.48730154207729254,0.13548031,-0.10036962052202096,25,90.00463,1135.1401,-7.637624,-1.7171693481599566
950,485.8773885631865,183.6392437307182,0.45406519195800743,0.05566655,0.07729553938039745,25,158.54233,1799.3235,-8.1377735,-2.4725174091237743
951,714.9754141984922,184.05503114780208,0.544157088594352,-0.10009417,0.03705381262468471,25,97.505745,989.9092,-7.488989,-1.9208526419650416
952,900.5454478823272,183.95797983892322,0.42742748496431454,-0.09531865,-0.02665763284280085,25,140.54189,1657.9946,-8.048958,-2.330813958310131
953,1091.3810989757924,183.96231861348852,0.4189973625963585,-0.2034829,-0.02761496324479121,25,29.600422,377.77252,-6.443076,-0.5880859961077085
954,9.508211912734033,185.35299064233445,0.5178756678488337,0.33859003,-0.03402054354065908,25,321.9821,4016.0051,-9.009486,-3.0654306658358568
955,64.51067283292683,185.53194570566507,0.4640168408221821,0.41785926,-0.10287622045119268,25,1937.0698,23827.412,-10.942693,-5.095621325020936
956,224.99998186753686,185.3924629638966,0.46125622861937887,-0.41169906,-0.43147064048691347,25,372.38177,5602.726,-9.370998,-3.021228588469596
957,266.75364027683753,184.57135979318807,0.44586009134954974,0.21077953,0.060717137991932985,25,12144.412,140747.06,-12.8710985,-7.177701676780966
958,351.9336730257678,184.77434520915745,0.3897087226759751,-0.3404575,-0.16415561383578683,25,75.96828,1124.2782,-7.6271844,-1.4914432004525846
959,801.3415182019062,185.2917565218746,0.466605692286754,0.12623173,0.05775773565677248,25,94.50495,1046.4254,-7.549271,-1.9180814493778742
960,99.86522191772256,186.12778584605374,0.45255567707559363,-0.12219723,-0.39556224881512586,25,653.70856,8850.046,-9.867364,-3.80048805633026
961,189.36990484345927,186.66540846506138,0.4507698076122049,-0.13070907,-0.23798503748483632,25,456.5559,6153.9697,-9.472888,-3.398994573742151
962,327.8310825835669,187.15265435092664,0.4861758037847312,-0.0005049204,0.00426901772168851,25,407.80627,4690.281,-9.177998,-3.4503270788110063
963,412.6018463570685,187.0401510286598,0.4889626542077068,-0.080423616,-0.07743608594781184,25,333.32806,3797.4312,-8.948725,-3.2281601203363226
964,1081.5623065170287,186.78710720172148,0.4459840459106915,0.052060038,0.0985338110316628,25,32.641663,374.25043,-6.4329057,-0.7552014952400434
965,1.6815712647541488,187.72293495600164,0.47207835084205435,-0.16059348,0.20189259392396106,25,168.9034,1957.1311,-8.22905,-2.4906631049971786
966,25.302980223783948,188.22637942065276,0.49476919233316174,0.2135887,-0.06380236482977018,25,224.86467,2773.7046,-8.607651,-2.728186861613127
967,163.6887337551417,187.70405564195897,0.4735852056431294,0.26437485,-0.0974947514087943,25,269.9793,3387.021,-8.824545,-2.9136705242178857
968,342.49211326959335,187.81315686399898,0.4284254952944508,0.05973107,-0.0611449910668323,25,82.87956,1130.5858,-7.633259,-1.6095561801219511
969,373.8766736301036,187.6542139877696,0.44444135728082135,0.13143708,0.048243740147542784,25,114.783356,1479.1367,-7.925021,-1.9996101315237298
970,442.59820734331583,188.35395770392014,0.4624841643921231,0.24738021,-0.029853689868660768,25,99.149445,1303.4572,-7.787742,-1.8089540939340167
971,469.9390279525988,187.2613532467149,0.539805485481706,0.12975664,0.24858371782967048,25,217.8557,2675.3997,-8.568472,-2.595934973982641
972,972.2163683049188,187.71553284828147,0.49929976257285946,-0.077697024,0.0796987761907473,25,3629.2542,39820.008,-11.500254,-5.824591963575493
973,250.77079484979086,189.55365560243516,0.49892156787207953,0.004772244,0.08921085948966481,25,979.7428,11974.707,-10.195662,-4.308721527115502
974,279.4784785330658,188.51985972411754,0.5427838904582785,0.42952156,-0.25525963015572656,25,130.32133,1883.7246,-8.187544,-1.86944420482135
975,432.78471885360057,189.31379074632736,0.4683951484706011,0.06890966,0.15483301418320153,25,120.15577,1574.5227,-7.992872,-2.026344002163564
976,675.7627297366439,188.94498632755617,0.5000219374948045,0.18282995,-0.04237550795293659,25,273.97668,3068.1,-8.717174,-3.019651222560123
977,173.71922534010585,189.88258161036853,0.47897744190070246,-0.56628454,-0.14238553022871475,25,592.2241,8162.0034,-9.779492,-3.704420366318238
978,232.8676940084878,189.95576963252492,0.4267267188217668,0.03690295,-0.06525595244938932,25,260.659,3348.1978,-8.812028,-2.9406539054036385
979,386.6116649868019,190.48843098561213,0.5116126009980315,0.35654008,0.026607349233568448,25,304.26614,3502.0288,-8.860799,-3.0904645082200917
980,881.2189176189004,189.70224143314624,0.4605978912401286,0.11246674,0.14852636006465944,25,133.35771,1505.3845,-7.9441185,-2.3014456876848377
981,911.8897206195315,190.69609523104083,0.47513869675159043,-0.03466714,0.21472816099119588,25,116.98585,1332.5302,-7.811692,-2.1234411827072677
982,87.96793398255126,191.34656759161075,0.5069521043812556,-0.11093468,0.041373276331582685,25,216.74994,3123.8455,-8.736724,-2.494345960723519
983,574.4909613204618,191.5223810243274,0.4453290931274669,-0.31299168,0.04926550989883676,25,57.906948,758.38257,-7.199721,-1.2169111904141212
984,868.7733203441522,190.91213756869678,0.5248199528819567,-0.00313394,-0.05043028327748827,25,226.01994,2354.1704,-8.429595,-2.8346715328946126
985,203.14456490226027,191.5638171569591,0.45283633144099983,-0.12174853,-0.007519416059024823,25,156.5256,2097.599,-8.304306,-2.291510833431585
986,422.73627875422255,191.8889444149539,0.46445533238549475,0.2531861,0.10632950002843218,25,49.055687,644.51874,-7.023089,-1.0067832180941463
987,535.4098695611494,192.10471070570443,0.5896485457143893,0.07574851,0.05068900925593076,25,74.123795,900.3727,-7.3860555,-1.3825029233862451
988,764.5222971676361,192.29722995291408,0.4960577902414791,-0.10517066,0.027997459078615002,25,20.180809,247.87532,-5.9855833,-0.1694436498131236
989,102.40940887187158,193.0571108927804,0.4612647063454539,-0.10221604,-0.12010516961666119,25,633.76355,8631.3,-9.840191,-3.8066338745256108
990,401.8498287727683,192.74282812065653,0.5042826563231946,0.047792565,-0.058421519709642,25,197.23088,2297.5408,-8.403158,-2.6001694498997354
991,560.8758527644338,192.88601815838422,0.511302164942951,-0.05389649,0.005250727736803856,25,271.628,2810.92,-8.622121,-3.066807612358333
992,829.1000893159238,193.0149313067414,0.5139519811097685,-0.0074087544,0.009208315397972528,25,3158.0828,33185.97,-11.302386,-5.7043940824277515
993,846.5257881411078,192.93603872009535,0.4648455202931741,0.23407485,-0.09360456233792705,25,18.52301,195.76149,-5.729318,-0.2643956938246368
994,1591.0450979471188,192.9050518136384,0.5570158508881513,0.03787357,0.06316675238658949,25,173.17796,1732.5062,-8.096687,-2.5448671164023913
995,76.8164212164862,194.4814443055807,0.4789732370384983,0.46513474,0.3037883113032131,25,422.3904,5896.8135,-9.426544,-3.2631073550996015
996,213.7559144005699,194.21911177520377,0.4399494043345906,-0.044044316,-0.019758364595610985,25,182.6646,2273.4707,-8.391724,-2.564996257605382
997,290.0065438920227,193.98492101581218,0.4028532333910012,-0.408454,-0.6986178839127949,25,116.56701,1793.095,-8.134008,-1.7797787189513001
998,360.10296468828284,193.395432948459,0.46654005257300446,-0.057641726,0.8632386331968379,25,318.26782,4665.7896,-9.172313,-2.8487912525676986
999,450.1006406354674,193.60247133275024,0.4916360920932049,-0.11515372,0.0813194903351217,25,162.41379,1910.2838,-8.2027445,-2.3960703837731065
1000,778.9441332640286,194.7709477820652,0.3729001684791801,0.19257507,0.27216074861260886,25,26.662952,360.99396,-6.3937497,-0.4934229845872611
1001,1026.6223101043965,194.399257689875,0.4955314779030991,-0.23151214,0.04981284296271205,25,134.23405,1440.7206,-7.8964496,-2.297051240265404
1002,1094.9058933657118,193.9447299506418,0.5138193194226993,-0.05154192,0.07659029217256387,25,1189.5687,12425.889,-10.235819,-4.64423581755426
1003,122.55887706194778,194.99267532784458,0.48531458299958224,0.095549114,-0.03923041140790153,25,72.91347,1007.3221,-7.5079207,-1.380881402775096
1004,596.5390666735115,194.83313198614,0.4624516022500943,-0.12868926,-0.06842298079799147,25,112.57805,1361.8811,-7.835348,-2.019825017684262
1005,949.329029208981,194.9987684727056,0.4572091549687202,-0.65885466,-0.06080360714521524,25,19.270752,250.88248,-5.998676,-0.07291642574789975
1006,1831.890840447951,194.5932340383674,0.46620575714036644,0.13618262,0.09385327360786003,25,261.89655,2904.9841,-8.65786,-3.0314549991640796
1007,332.1352507371516,196.3331941762665,0.4659478244173899,0.13188761,0.026078116221152584,25,310.94144,3607.4788,-8.893009,-3.18341983203267
1008,433.6002489215184,196.17010974089976,0.4952241468918718,0.24970062,-0.10826318094653217,25,213.89613,2578.0745,-8.528238,-2.6853278509669054
1009,520.3636355544609,195.45045511085075,0.48571121064723277,-0.2750241,0.05990249662802046,25,3064.5852,35727.72,-11.382513,-5.60206228205879
1010,544.3482958311897,196.25011104735324,0.4730960016453685,-0.3689385,-0.06159990959973335,25,63.03951,750.24603,-7.1880093,-1.4080831458072063
1011,1243.5489344525186,195.6335708977218,0.48592567419749627,0.21794507,0.0475898014346817,25,71.12572,837.5386,-7.3075123,-1.471988274410603
1012,37.74286127630738,197.0642735851218,0.3464659501375366,-0.23990634,-0.10016094898306747,25,31.41174,502.55472,-6.7529583,-0.47365060024480293
1013,95.05390513487606,196.659639020149,0.43883281465696117,-0.06029669,0.40957782117745445,25,641.68097,9894.623,-9.988498,-3.577835120262303
1014,257.1882227772234,196.90043920524326,0.45623848017946406,-0.009071989,0.06418864410360109,25,296.79535,3683.551,-8.915667,-3.057366899522764
1015,277.6044153515804,197.20085936987735,0.445070309825772,-0.3440061,-0.09183116625258783,25,114.70516,1473.4763,-7.9208574,-2.0331066002030767
1016,631.8447004240181,197.16550933780348,0.51261317856372,-0.11046803,0.03425005055229154,25,72.29899,787.91797,-7.2412024,-1.59838156889495
1017,787.9340790928211,196.92221085712967,0.46626451193120827,0.36865065,0.04965314150426041,25,44.831516,511.7187,-6.7725782,-1.086761388456277
1018,966.2096341874809,196.69152272134275,0.49149104908623925,0.14034687,0.00816895235072385,25,66.13238,771.59875,-7.218479,-1.4429320889282946
1019,1037.663656518846,196.97181083515517,0.47228702402525696,-0.2683821,-0.0928048709852615,25,62.33473,718.9202,-7.1417017,-1.4193390320130077
1020,12.750566215726083,198.3720058484783,0.46772600907804374,0.016181987,-0.005614911029654167,25,92.96706,1247.1923,-7.739834,-1.666785254261606
1021,685.1025303147247,198.3196896718334,0.49416130109311335,0.017659705,-0.02186830119891748,25,103.183464,1182.5586,-7.6820564,-1.942668267781709
1022,1004.151631253056,197.79700154906175,0.5603513024937324,0.18113624,-0.015659350578613975,25,37.603535,406.3153,-6.5221577,-0.7717835089682681
1023,57.45046491282514,198.86319157806523,0.4426354459410467,0.084083535,-0.11055230675308847,25,351.16144,4803.2373,-9.2038355,-3.1446122058637647
1024,500.3291178557847,200.2839843942216,0.4307804481756966,-0.13951628,-0.12199782059540401,25,48.487457,876.02625,-7.3562927,-0.5507103519917299
1025,743.3573651063124,198.91350722389416,0.5074311705039699,-0.2608108,-0.046397296571170275,25,92.0222,1000.27075,-7.5002937,-1.8669286337986548
1026,855.5320891531371,198.73283495191384,0.5182402026239811,0.19601406,-0.01841642708904673,25,76.100815,849.31366,-7.32267,-1.5980837233274738
1027,1068.214724747586,198.67124514317553,0.49621070992285105,0.036487967,0.21462214768440596,25,33.25454,359.942,-6.390581,-0.715710743745822
1028,1374.873126831396,199.44176440990546,0.5013739257866967,0.006441217,0.2494282672908382,25,78.35009,892.1859,-7.3761387,-1.6019558779100214
1029,604.9473803896468,199.80760391254287,0.4775258232573415,-0.47840083,0.01601724531578426,25,157.09164,1860.3365,-8.173979,-2.399806835329629
1030,425.5343316487902,201.3152109049984,0.442767666208442,-0.099502586,0.026273748692669064,25,112.41197,1446.4622,-7.900768,-1.995422368537691
1031,478.9152959144784,200.91877107664416,0.48163803233023994,-0.06117017,0.013590833843911874,25,91.54952,1136.4551,-7.6388807,-1.755463043294224
1032,695.9639347515696,200.58069574254753,0.5080944197093729,0.08292414,-0.00249947568915508,25,53.163807,641.8823,-7.0186386,-1.111761872651502
1033,834.8901201075247,200.46715801683996,0.46047873491168084,0.03299753,0.19174829930285497,25,199.2297,2357.3372,-8.431054,-2.6834366859333403
1034,865.6904751236231,201.23273667106739,0.5170472434819674,-0.40136504,-0.2552592196713858,25,25.354988,315.41617,-6.24721,-0.35524688382839703
1035,873.4179575842858,201.65803968674976,0.4223767857423812,-0.09073593,-0.05337925535156907,25,78.01922,1025.246,-7.52707,-1.6158102322521806
1036,1251.7809281689174,200.8959810223638,0.5071851970679659,-0.12524204,-0.04835622995763405,25,36.902485,371.6797,-6.4254217,-0.9226550453189564
1037,319.7289192751789,202.20380872095677,0.4490940325862687,0.59732974,0.40817600771854756,25,327.86566,4673.938,-9.174208,-2.9569803767160865
1038,529.200875709781,202.29837797471086,0.42961977720451483,0.11388458,0.017664308047447678,25,129.11064,1656.925,-8.048257,-2.1769817762294315
1039,556.0289772498553,201.38095996786475,0.44126938127942994,0.08370531,0.27685170742365217,25,55.30016,745.5869,-7.181246,-1.1661770545928614
1040,750.693509873241,201.5121334863703,0.4465704163496409,-0.3964888,0.15356358341427073,25,162.93816,2144.2183,-8.328173,-2.341368237692987
1041,819.3616768032228,201.85237767262632,0.4023197142849001,-0.012997824,-0.020349659819390346,25,274.01416,3308.348,-8.799027,-3.104435837406851
1042,1172.5487921999845,201.6953380012592,0.5295213720484252,-0.031104859,-0.1318196610972081,25,19.677238,195.59955,-5.7284193,-0.23973429987179257
1043,134.88168072886592,202.55806144560393,0.4623420218724192,0.17595364,-0.05833064058462663,25,288.25476,3675.2053,-8.913204,-2.977809540082448
1044,162.22528083481876,202.91217665464717,0.4838243593348073,0.14270948,-0.03600537388480465,25,444.51294,5681.4585,-9.386149,-3.41602535117439
1045,185.9649724056688,202.58991646910556,0.4648652468544035,0.15059328,0.038628117513738784,25,5921.393,68225.88,-12.084873,-6.359971450733683
1046,402.59661819360093,203.04169489937803,0.46956262917148095,0.060046434,-0.10860102207190618,25,284.9877,3467.8884,-8.8501625,-3.036371203199129
1047,169.999940512965,204.60011458460346,0.47037403685646273,0.21154591,0.03715717978159404,25,1475.5913,17698.383,-10.619833,-4.824877761726562
1048,509.45336575423005,204.4328083589804,0.46391566152645203,0.20533772,0.029082656455882476,25,19673.057,227478.66,-13.392352,-7.657925309253652
1049,538.059513991087,205.00702535441673,0.4582539248510093,0.18700539,-0.02827756326977076,25,65.363365,804.67633,-7.2640533,-1.4347407295968395
1050,924.5626863273886,204.5142709855519,0.4349406154314914,0.04017756,-0.17464310635725083,25,410.7995,5143.866,-9.278224,-3.462199142299014
1051,943.1162854584157,204.7967192459383,0.47660643178854467,-0.061796114,0.02564664965940874,25,110.90312,1202.5504,-7.7002583,-2.0995456284793717
1052,78.38297501817837,205.61737976803605,0.44014907818610066,0.3209227,-0.151192307303263,25,137.5267,1915.4185,-8.20566,-2.096720590139913
1053,215.3937684822864,206.4633854248431,0.44726309897963984,-0.28600687,-0.20076679502110786,25,345.77032,4607.208,-9.158594,-3.1662850093786337
1054,263.886827012665,206.1153367838906,0.4340385799547255,0.054212388,0.07203966168994667,25,308.19043,3652.4524,-8.906462,-3.192336166863869
1055,383.4718042932597,206.2377948363429,0.4875453309643587,0.12706442,-0.08698522663803814,25,142.51115,1660.9019,-8.05086,-2.289133795642377
1056,568.1802828311756,205.85319129081503,0.47293312303088847,-0.17700475,-0.06927078008004531,25,137.07053,1636.8004,-8.034989,-2.2343597595248887
1057,591.9913946773913,205.88573455682823,0.4467697277315249,0.5377057,0.48166824747706655,25,107.607574,1502.6046,-7.9421115,-1.8099159101834164
1058,622.8069814141186,205.5511416480763,0.4199084009274106,0.06382708,0.09798288099404347,25,69.534645,838.0847,-7.30822,-1.5803565054952016
1059,1039.5464107647097,205.6813030910874,0.49615360797733693,-0.31671602,0.044077496268049694,25,28.67443,314.8295,-6.2451887,-0.5631798057409877
1060,470.4214690870497,208.0506369029807,0.4859832011849328,-0.012867966,-0.08876641521311736,25,152.63625,1798.7305,-8.137415,-2.343749723673458
1061,1122.5096781499894,208.0328460529341,0.4989893154338599,-0.1298675,-0.021362500863965007,25,1707.4458,18883.957,-10.690232,-5.00382193324712
1062,1205.8253201454988,208.03546952764154,0.46332036794203774,-0.22092856,-0.156276119496398,25,45.028202,499.5705,-6.746492,-1.1043875599040922
1063,427.0555486392477,208.57804311861935,0.4894806073240055,0.061491136,0.2794052621626351,25,188.91245,2421.2505,-8.460099,-2.47380653436794
1064,579.8164073050043,208.47991080537375,0.45500236635092817,0.17298241,0.11895912285298658,25,402.92026,4704.6006,-9.181307,-3.448928371735419
1065,858.2966566729762,209.48861024195094,0.44310636739472853,0.23591226,0.09682228967356016,25,92.64358,1140.5063,-7.642744,-1.8256184485822735
1066,1365.7586252298768,208.55756249416982,0.4531408945629209,0.0136752855,0.0720674767451443,25,3210.329,38084.156,-11.45186,-5.694496622875944
1067,7.9279811398999955,209.48054817171004,0.46931530225951956,0.18926826,-0.04441672958168434,25,243.95436,3259.342,-8.7828245,-2.7367050341487866
1068,300.70362053497024,209.99654813373616,0.49541537651028,-0.014036786,-0.07801270682445921,25,65.4287,875.2827,-7.355371,-1.297779575871651
1069,336.8412130923801,209.79994859950105,0.46409839119929436,-0.0050444957,-0.030314257185931386,25,2636.5535,29341.709,-11.168714,-5.540881689777941
1070,502.24729758965634,209.07456271331773,0.43069499322615135,0.51664394,-0.12438762794617642,25,95.45571,1664.2793,-8.053065,-1.4088120221262257
1071,713.4922916693187,210.25585445470048,0.48701918954166407,0.084351085,-0.05999073486309207,25,122.190605,1402.8586,-7.8675346,-2.1339668877557085
1072,874.95052859271,210.10122215653954,0.49130900986930015,-0.053959843,-0.014729621263328888,25,125.61056,1437.7561,-7.894213,-2.1674315941004934
1073,108.9935766657626,211.04244737925094,0.48862128128205246,0.2529303,-0.09257885588602545,25,575.18616,7032.5786,-9.617786,-3.7392320374670756
1074,291.21795908418954,211.62539275616098,0.46514225861697484,0.857176,0.3135767000665576,25,262.35547,3780.705,-8.943932,-2.703183396273559
1075,559.4434617399081,211.14213529147187,0.45077605879352683,-0.07711341,-0.09432903592343947,25,179.08519,2130.253,-8.321077,-2.5715349702140973
1076,648.7941407040847,211.69961385880313,0.4771992800525629,-0.6515132,-0.21472917465595942,25,28.576065,409.4284,-6.5304446,-0.4064762508006413
1077,981.2214775082933,210.96841683656078,0.4513237717796713,0.6072267,-0.04221205196012323,25,111.80943,1537.2584,-7.966867,-1.9398920855615422
1078,1356.1562790315788,211.24266238971842,0.3067105250281952,-0.40988302,-0.03456810366394486,25,22.94167,371.2733,-6.4242344,-0.3047635628434734
1079,66.95653569456142,211.87486563642437,0.47577589720567526,0.19701606,-0.058134872074797,25,5902.807,67821.516,-12.078419,-6.360650782438317
1080,189.57178771755554,211.33306067590044,0.46869884732620093,-0.13994312,0.14578559900857602,25,119.60499,1837.1569,-8.160366,-1.8207622633086404
1081,236.67922666925398,212.160774121837,0.4736609292289164,0.106749736,0.04938675782054476,25,1588.6644,19000.197,-10.696896,-4.898461144613544
1082,919.0601042542684,212.07096638587169,0.48156385308294325,-0.06596877,-0.024698397299945347,25,61.85011,690.9161,-7.098563,-1.4242817615584542
1083,26.120056331417114,213.62477818853876,0.48611904494248126,0.23338762,0.07606258334032014,25,155.04439,2005.944,-8.255797,-2.269643455477266
1084,88.78925237451843,212.6529767228619,0.4587440545636979,0.85801595,0.07445434837018464,25,124.68873,2095.5083,-8.303224,-1.6403885954193504
1085,134.99999984801724,212.43224353887769,0.4943264809349501,0.122719176,0.031289555362281604,25,213.8842,2670.8855,-8.566638,-2.6422786900973314
1086,396.53000169111607,212.92841174112,0.4357686806272722,-0.11229648,-0.0734811344488636,25,3078.5457,35296.527,-11.369329,-5.719942070429002
1087,1778.3116627710488,212.85187412648082,0.45952617155499187,-0.23619148,0.10976819342361298,25,57.510975,657.0056,-7.0439224,-1.323468863910292
1088,34.002128972351834,214.34086431101042,0.4624360229380633,0.29171407,0.17067043562738007,25,698.68524,9224.785,-9.912391,-3.9207235800097444
1089,281.89416166370586,213.65497898103516,0.44911560259398425,-0.80003697,0.3003899251470368,25,288.27548,4360.891,-9.098938,-2.774037768473926
1090,1551.6873925904486,214.70518510881422,0.4901584934144906,-0.21850944,0.17673169336125777,25,68.937645,741.5841,-7.1754007,-1.6035336076589266
1091,1717.309892121407,214.05998832367186,0.5166355097677173,-0.009359681,0.009249565117302601,25,20763.227,216995.1,-13.3411255,-7.760980227581938
1092,122.22232289055707,215.57502879559587,0.501982785181648,0.26227626,0.13656581506189328,25,6160.158,73555.586,-12.166539,-6.322952150523136
1093,521.5568461265478,215.15126468175657,0.4669467714040855,-0.19029842,-0.054594876514057464,25,306.4595,3696.0305,-8.919339,-3.1155318328825397
1094,546.8945540652759,214.65994008498797,0.4872011844876634,-0.011561964,0.056061949022834165,25,334.98013,3717.2644,-8.925558,-3.2666765884541955
1095,574.793359003431,215.20008871374984,0.45003200255383247,-0.05861301,0.06482707730689023,25,403.25528,4620.0913,-9.161626,-3.483110466980068
1096,602.0862761599875,215.26714849365302,0.5010730000273119,0.022237252,0.10860954163531393,25,103.81682,1167.811,-7.6684313,-1.9684299603149313
1097,742.2832340465012,215.23802440012722,0.4799792776881413,0.029285701,0.004346069619432594,25,203.00188,2280.4495,-8.395051,-2.7014932753983887
1098,158.0005232166172,215.540881675177,0.49439772633388746,0.0486326,0.0016967923089203452,25,151.20409,1915.8662,-8.205913,-2.2351041443565562
1099,762.7671249841121,215.3055832449111,0.4321607537531217,0.18817513,0.18496081585068774,25,890.7371,10487.849,-10.051717,-4.375440951470965
1100,841.3883405349688,215.7501066072136,0.45222322922582275,0.06610865,-0.1105529230860105,25,46.958843,588.7696,-6.9248633,-1.081164608933948
1101,251.66417499287303,217.03939843752613,0.4839882470087847,-0.15794145,-0.16096521281970252,25,235.7929,3062.6304,-8.715237,-2.7179119578211863
1102,724.3196099401064,216.7741757453573,0.45479991297681527,-0.1455745,0.007210039828804285,25,234.42722,2676.9688,-8.569108,-2.8873466908261163
1103,1324.1897564069977,217.06169839806427,0.4223989336710919,0.0322868,0.10317033014143683,25,69.19558,783.3821,-7.234934,-1.6468692776463547
1104,357.7434208805932,218.5654792978812,0.43351103916513006,-0.16908856,0.1578014090909688,25,268.28583,3363.8008,-8.817076,-2.9706900343835017
1105,480.5613293205008,218.42769581064306,0.4604370722679678,-0.16831684,-0.10949258121682934,25,246.6943,3136.0867,-8.74097,-2.802805718228649
1106,566.151714060446,217.73804746513926,0.47953076037687575,-0.03959903,0.03817026168060867,25,103.48546,1207.6799,-7.7048798,-1.9512988262780078
1107,811.6187257216287,217.59751246490754,0.499161573834729,0.18997289,0.07619045898167172,25,99.86718,1164.4443,-7.6652966,-1.868969479743172
1108,266.4650261092044,219.27154813043163,0.46974137056476,-0.21318258,-0.06050994513162659,25,249.80879,3100.8657,-8.728707,-2.8581169669601305
1109,410.13296950287264,218.9985393842062,0.4885010162323526,0.01288851,0.05332655741046784,25,1190.0671,12862.885,-10.273346,-4.668805633565522
1110,611.6716451009377,219.2363290224844,0.46590443165127443,-0.5772791,-0.3705597170496366,25,186.61705,2507.0422,-8.497904,-2.4897469414989435
1111,828.1094766008042,219.5017296258639,0.4471127657841306,0.13390958,0.1442669323057443,25,3752.2705,43745.1,-11.602324,-5.880732036146856
1112,2.6269507177148155,219.74653529590452,0.46693602029301157,0.11001319,-0.09053349139750101,25,762.852,10004.209,-10.000457,-3.9779070658990956
1113,111.09749201644898,221.31797010418703,0.45604706774231973,0.3234768,0.00010176989460576183,25,160.49953,2208.1262,-8.36006,-2.273296311574634
1114,145.81738208400867,220.94806958225206,0.4703047331801609,0.41464674,0.16421707434822735,25,45.700005,627.5008,-6.9940357,-0.9467743492142856
1115,223.03580874725068,220.48505401329706,0.43837020624109097,0.06402663,0.08331032995513173,25,193.62224,2407.017,-8.453698,-2.6279773764791017
1116,367.07591049965816,220.67866702758488,0.48322350596269276,-0.3607616,0.08238880615704496,25,416.9279,5191.6274,-9.288259,-3.388707162222913
1117,435.31507190214586,221.12818156533814,0.4852507068231176,-0.068068236,-0.030524503793962723,25,167.16174,1896.1685,-8.194693,-2.4771511608501466
1118,1165.3730412602872,220.60371086087602,0.42886329935997397,-0.23545298,-0.02467237191830067,25,37.915462,431.65738,-6.587848,-0.9774574964208482
1119,67.82399620090818,222.4442250942688,0.4847393540416457,0.14190036,-0.02290881718714136,25,481.13156,6053.925,-9.455092,-3.5360121809822953
1120,320.1495192532118,222.2790215405792,0.4489993767660047,0.024560373,0.20855205100179805,25,105.73692,1469.2999,-7.917776,-1.8262227274837248
1121,456.9166443280993,222.17869448096104,0.4509953005620133,0.21138795,0.16163615141430743,25,388.942,4636.684,-9.165519,-3.395901429668652
1122,751.8729441351783,222.49315068210524,0.46724738660737497,-0.13662197,0.10266873550551503,25,183.66563,2082.3809,-8.2964,-2.6444875147718934
1123,1065.0387440713446,221.82954212417212,0.45469126646119407,-0.11632457,0.02753188067489576,25,77.71191,858.0066,-7.3337264,-1.7165773643332822
1124,1109.450548517479,222.68598409645725,0.333714569179356,0.22339138,0.1866776503902045,25,17.737064,237.51543,-5.93923,-0.09840453044930766
1125,1119.3872425214852,221.21515711271547,0.4682288503121092,-0.41600242,0.003174261568689506,25,17.571163,196.1426,-5.73143,-0.12630362617106283
1126,347.12534739718143,222.5855930086851,0.4596950307847082,-0.04011539,0.09761950620305224,25,3580.6816,40047.926,-11.506451,-5.847862285046245
1127,906.4236573169422,223.4077737052788,0.49434095942031797,-0.34960306,-0.08909581086726732,25,46.382298,537.09906,-6.825136,-1.0913040290064298
1128,178.98103521946467,223.95565709638873,0.44882324339180635,-0.23900273,0.03507298618322327,25,277.7158,3384.586,-8.823764,-3.0365584042563327
1129,195.99281802322938,224.34600795131777,0.4571983547991911,0.21929061,0.00042702009017597955,25,193.6432,2578.7346,-8.528517,-2.508200039520612
1130,306.85218226778204,224.0338717938475,0.4843205959916378,-0.010354205,-0.016858962037405896,25,1071.8428,11797.353,-10.1794615,-4.533346887206028
1131,491.66924450142704,223.81846669431516,0.5160673198144967,0.077360414,-0.011251584507810622,25,311.44308,3459.151,-8.847424,-3.1329358760979167
1132,670.7811921420258,223.28041190767388,0.46133333883630157,0.18931311,0.07879649919667797,25,42.343376,564.51733,-6.8791933,-0.9037680323045669
1133,1026.4991327998416,224.0156819526248,0.49163779593504353,-0.13378483,-0.09286723622869299,25,219.07138,2551.538,-8.517006,-2.7448078255549957
1134,51.49699042152549,224.72387373424849,0.447290865687199,0.27175754,-0.17352159651724822,25,1677.6045,20803.357,-10.795334,-4.945959412481724
1135,208.7460763573593,224.67923356810223,0.574777767541119,-0.29916015,-0.10674743159066728,25,48.035618,670.8846,-7.0666194,-0.7874881966145143
1136,238.7019057886444,225.02605734530397,0.52727034409966,0.28799066,-0.04081164191266882,25,64.02897,880.50995,-7.361836,-1.1633093667998848
1137,396.57828047584763,225.08347824791915,0.45137938899416163,-0.020088522,-0.07062045734304971,25,404.75012,4724.8975,-9.185981,-3.474993640777976
1138,572.3679098339124,224.8992109760564,0.4419836250319848,-0.20935845,0.05553344237010826,25,97.06963,1232.1084,-7.726622,-1.852841949811812
1139,692.484924898247,224.44656359297608,0.48522879512858796,-0.4237012,0.06330279882818442,25,14141.765,161212.86,-13.018499,-7.292780837418848
1140,976.6996341583133,224.4932166922957,0.44711036028364326,0.15197787,0.11371580056475371,25,79.81207,945.31476,-7.438941,-1.6881269463915418
1141,1364.2581898704839,224.55745690159796,0.5979231597030389,-0.516162,-0.230815739484458,25,23.439083,256.63403,-6.0232854,-0.1826664851771243
1142,1942.9169499741345,225.23483996856956,0.5016805079647589,-0.17714703,0.08016737170349732,25,111.740135,1188.6763,-7.6876593,-2.0950989303348777
1143,385.04042201914916,226.3140894060876,0.5210346200456166,-0.011343082,0.08736925499496395,25,221.08551,2589.1538,-8.532895,-2.7169589237869762
1144,640.4263956541317,226.35336446803734,0.455121936244909,0.17632394,0.16652420016939584,25,51.430717,656.22546,-7.0426326,-1.1325120664616386
1145,1238.8511486112366,225.5265073706863,0.6210717993184014,0.15047802,0.13541145395991688,25,38.7292,385.98633,-6.4664297,-0.8201606698642762
1146,1313.3027481998658,226.31948769497558,0.554649952341204,-0.006217649,0.1218086458981018,25,400.72888,4232.793,-9.066567,-3.3986797632549304
1147,19.75149378500528,227.09143529765527,0.4352788527663428,0.11501363,-0.06604611075057623,25,200.74443,2484.5574,-8.488123,-2.678902745557367
1148,164.6156720842506,227.17187032991794,0.4979180134915872,0.1393964,-0.09924446612315733,25,1410.3761,16604.738,-10.55058,-4.7602489753910495
1149,266.48829475239546,226.9841523203174,0.5149768502092961,-0.15849943,0.10598573738233082,25,220.56897,2780.0374,-8.6101265,-2.6252073968638525
1150,449.48769227564543,227.14996924897895,0.4396517674967137,-0.32434613,-0.03783345643365228,25,235.12238,2985.728,-8.687626,-2.814936878364922
1151,480.76563082779916,227.30848318237787,0.4986272680466807,-0.11384525,-0.025026003172617384,25,262.48206,2988.593,-8.688667,-2.95129521514593
1152,870.993743946585,227.3014327156057,0.5429354226866244,0.24272312,0.1846639324168057,25,20.182793,201.27217,-5.759459,-0.28828579167223706
1153,927.1640979691339,226.73826824547052,0.5051716566157151,-0.057398703,0.04724951966374766,25,212.57817,2303.675,-8.406054,-2.744288971732762
1154,1259.3865544673608,227.35872426739732,0.5497640998779244,-0.021859657,0.14474389930625214,25,141.33684,1715.1628,-8.085764,-2.1460751149113304
1155,1590.7240044404139,227.3961017183937,0.4140674297452392,-0.07004142,0.06974489142433861,25,47.514473,547.2137,-6.8453927,-1.2197721210733548
1156,134.02992102270161,228.5306961201383,0.5267094518773914,0.35561624,-0.012391141938569453,25,123.265495,1655.1758,-8.047111,-1.9158889464085647
1157,334.4747903260573,227.76114881299983,0.4505810036603229,-0.21305576,-0.013180458047450131,25,1860.9095,21308.281,-10.821371,-5.1287138326345625
1158,503.1412541533192,227.7469866043921,0.5124766818485914,-0.09620045,0.13557602389372225,25,124.29667,1505.6937,-7.9443417,-2.0413885032338253
1159,772.5958744853069,227.9719684033212,0.4594363323866698,-0.09691399,0.24034336454859656,25,19.193851,230.30112,-5.9057403,-0.16119191948369294
1160,1195.4860129813785,227.6700815656703,0.4465791378101213,-0.13059488,0.01538740807895894,25,31.880077,345.4605,-6.3459964,-0.7812512732685053
1161,150.74475235968674,229.0326590517566,0.45249393501959767,-0.4977506,-0.10071205319910445,25,229.10626,3231.2368,-8.773422,-2.6644627925138495
1162,251.54601468009986,228.78777865921205,0.4475365538584684,0.14536625,-0.0822309306571532,25,189.281,2320.5999,-8.4140005,-2.5930858972445674
1163,549.9402199718062,229.11942700895764,0.5137584719414214,0.01539747,0.10967925304933959,25,67.77831,779.4347,-7.2294493,-1.4772678496231535
1164,623.5957515173229,229.55947700792984,0.3994241318273118,-0.20830421,0.10263722024652946,25,345.82724,4255.5806,-9.072397,-3.3155974950728817
1165,746.6766717653688,228.65970179036756,0.4911236593341872,0.17274795,0.04475186295663342,25,386.84543,4402.5723,-9.109266,-3.3845278811759156
1166,912.3039391626656,229.03611343097182,0.4840927318678982,-0.08844938,-0.007970627413506955,25,99.44866,1068.3209,-7.5717545,-2.001896812408593
1167,1384.9284948178429,229.06479089136613,0.4304061703098453,0.077371314,0.04940634550392326,25,82.37914,948.34973,-7.4424214,-1.7874660654003824
1168,123.68171915655734,229.86804733260453,0.5203252021710947,0.44707286,-0.000870687971913451,25,450.2792,6193.2188,-9.479791,-3.3426112634095335
1169,290.22405179372277,229.65727413822478,0.45015122620355036,-0.07871826,-0.029256293233717808,25,130.14105,1625.4174,-8.027412,-2.196771912791572
1170,816.3484214510256,230.20852768674362,0.5834707184009338,-0.15089251,-0.1038547211991407,25,53.767754,562.8413,-6.875965,-1.2063692180084313
1171,851.2584794852294,230.35144707493183,0.4921288728777636,0.036673978,0.07960296212190789,25,43.2676,517.47,-6.784713,-0.9458723850948803
1172,519.0969075545465,231.14569183800117,0.4586826423283415,-0.18066081,0.21510343448539052,25,103.18189,1374.901,-7.8456783,-1.8224334026521891
1173,76.99742939456024,231.42052358132275,0.4919331841752785,-0.009742594,0.026031655171154966,25,36.01152,623.457,-6.987016,-0.24968801876827007
1174,347.34378692666144,232.21267763841576,0.4109475898210653,0.2578835,0.13679984326726127,25,99.950005,1491.9803,-7.9344077,-1.713938256503055
1175,532.412612446145,232.30992239168177,0.44163016226268376,0.071930856,0.02494367871365624,25,27.072433,383.2455,-6.4586926,-0.40908485766139313
1176,588.80726234952,231.73718339593773,0.474394454047675,0.14941075,0.027533767273800615,25,95.21221,1084.6431,-7.5882173,-1.8814603296809862
1177,1089.6101856742698,232.4009530636568,0.4499232567535507,-0.325268,-0.05305590280845075,25,74.072876,835.94495,-7.3054447,-1.6683361911069428
1178,1474.3560373670086,232.00619080528259,0.4764755128394848,0.032075122,-0.04786580074701605,25,58.05061,653.72186,-7.0384827,-1.394821474219665
1179,1.7128744542573981,233.47693014601592,0.37693551991671587,0.47995123,0.1745758538052172,25,81.43383,1111.5565,-7.614829,-1.6749874173111685
1180,61.08650239115047,232.76234893814507,0.47296138978542407,0.30094585,-0.016419519891080973,25,383.48007,5201.3633,-9.290293,-3.2139695337369405
1181,356.581980420409,233.3603150454076,0.471462128842649,-0.2056261,0.005282624367042469,25,1625.3073,19682.352,-10.735192,-4.881362742327971
1182,417.32598142818654,233.04483633055784,0.5089822070544697,0.03606876,-0.04453071908478209,25,305.41452,3399.891,-8.828663,-3.1193876603598127
1183,790.2006712118826,232.99359500541286,0.4242381541132276,0.16610862,0.17462420208060084,25,46.721928,535.22815,-6.821347,-1.2348682102674935
1184,951.890415285075,233.14192198480703,0.5116809409115781,-0.050259963,0.023011577358203673,25,1679.5591,17665.99,-10.617846,-5.026113669564842
1185,36.43704181294866,233.814959500528,0.4775651489986511,-0.06457791,-0.11655145193919329,25,1024.8438,12134.387,-10.210045,-4.423104895934755
1186,87.59155600400908,234.00098199920126,0.4267728098729697,0.36279967,-0.0625571424165346,25,203.4957,2850.2385,-8.637203,-2.5573778457898024
1187,201.86014603929883,234.44965361114197,0.5036762852766333,0.13380641,0.04625057598759617,25,508.8141,5852.0103,-9.4182625,-3.6569832138575005
1188,239.34080090252655,234.39864360857956,0.4800178323679227,0.5089589,0.054782647825630394,25,350.62808,4460.344,-9.123421,-3.1598519023439913
1189,433.26005178033637,233.8435275112002,0.4855031679631454,0.013867252,-0.005827559048640223,25,107.365685,1247.4741,-7.740079,-1.9817298558949066
1190,496.7658041736026,234.45235420743384,0.48600373026416355,-0.14124168,-0.013399088486024892,25,143.2116,1744.257,-8.104027,-2.259464357605294
1191,1000.6257779650985,233.9706845425008,0.48413259352366184,0.0027311936,0.002348052196374014,25,224.79866,2474.2493,-8.483608,-2.8101123257835336
1192,1328.7668136833715,233.76577927484098,0.4618647468352981,-0.087453976,0.026725137144615538,25,17.041233,191.56032,-5.705764,-0.054628563559968944
1193,1714.6511272219707,234.31992466251398,0.4871374156830982,-0.13839097,0.06534736522373455,25,1661.9684,18918.69,-10.692228,-4.957106655376924
1194,179.88626548160286,234.88887602561013,0.4843924332766438,0.12572692,-0.024394386298901012,25,285.52884,3350.128,-8.812654,-3.037308485244398
1195,219.1279211391535,234.9051014089657,0.4971667135008647,-0.39766344,-0.3869142434541074,25,569.32495,7863.338,-9.7390175,-3.5534623378342167
1196,469.35893506287925,235.18035193249457,0.44926724761652115,0.19678004,-0.1007185301793012,25,69.59359,939.6467,-7.432411,-1.4120088346816284
1197,695.2886705272856,233.43749833895214,0.4368663181001878,-0.43215632,0.2889229564403187,25,70.96425,1192.5367,-7.6911793,-1.0865683225309561
1198,712.8269361547866,235.33298401798965,0.47221282137925313,-0.35263705,-0.04207194509864709,25,45.17194,532.29175,-6.8153744,-1.055412120774739
1199,1760.860463273027,235.2445783040078,0.3582004549089264,-0.00739778,0.008880073801482891,25,25.44019,303.87207,-6.206727,-0.6036242474061342
1200,52.062809837716635,235.62514293117258,0.44654556177018057,0.19904675,-0.057392772621623143,25,747.39215,9183.108,-9.9074745,-4.0859597089203215
1201,379.55266750729436,235.70894256292914,0.44233847250137454,-0.16064784,-0.13772767467071503,25,236.52008,3026.481,-8.702345,-2.7921520527350765
1202,655.3203011734226,236.57552849872204,0.45776988468681884,0.06248854,0.19098751163177488,25,198.37286,2544.458,-8.5139885,-2.629767988018315
1203,757.4894629893655,235.7249500681794,0.35559742643359893,-0.10191765,0.09481757152126542,25,33.03365,478.5534,-6.6998262,-0.628363644566159
1204,1182.4940442060122,235.9664176790096,0.4691964360572423,-0.2896479,-0.15679882175427678,25,48.573174,546.96234,-6.8448935,-1.1590113316041364
1205,397.80885578919634,236.90480034488232,0.39081722233161,-0.28920928,-0.041757605843970716,25,43.75304,650.1689,-7.0325656,-0.8812225826720909
1206,456.4603405926911,237.54559866028882,0.4396372832840892,0.41371164,0.20593297844554717,25,26.547062,376.0663,-6.438161,-0.3886883377346992
1207,558.1116125123125,237.17366963101435,0.4727890165664212,-0.05310262,0.036331022788804034,25,96.40063,1105.1321,-7.6085353,-1.9106198358022923
1208,801.0296995309311,237.0618600579215,0.5804302143264144,-0.08061289,-0.0035913260002364885,25,53.923557,560.2821,-6.8710165,-1.1558839209475666
1209,1044.9954611598293,237.34204793471324,0.4423492509484345,-0.098290205,0.11674587590184037,25,24.032627,266.2042,-6.0630374,-0.44264199407968413
1210,229.36208588537247,237.93626527596214,0.44762393276329593,0.16459547,-0.10323255202324494,25,993.84845,12377.411,-10.231575,-4.365278475631939
1211,744.2569593973714,238.01257832224326,0.4925353472765348,-0.050650667,0.03943586491229367,25,1621.8519,17348.035,-10.598125,-4.989703346919639
1212,1482.9244248791365,237.588006124591,0.43396440423213695,0.13519558,0.17774215356082484,25,1816.0046,21641.555,-10.838222,-5.08776912952799
1213,1837.920971445025,237.8174723210802,0.46687864091668174,0.10403424,0.0918232632268092,25,60.60017,654.82245,-7.040309,-1.454938143759815
1214,269.8513881878223,239.21543136054342,0.5227683906662188,-0.04223634,-0.03393625149920214,25,99.47584,1102.7335,-7.606177,-1.9393150061907962
1215,312.3793413401704,239.12323334551564,0.5232709252932793,-0.51450735,-0.13805593187694426,25,156.95726,2025.0426,-8.266086,-2.249379098290045
1216,513.7718751207215,238.39755404803503,0.4878220189645045,0.069254875,0.30252053849812105,25,215.57472,2686.0642,-8.572791,-2.6593157279790174
1217,664.9000090698212,239.13017618067917,0.4768249493307419,-0.04589005,0.24132992276286275,25,55.551846,673.4599,-7.0707793,-1.2701355373464045
1218,124.12999480961456,239.69968628217808,0.46888389659058255,0.09627483,0.049718996113221524,25,5883.336,68449.83,-12.088431,-6.345325967217876
1219,191.20035299016794,239.7216135323332,0.4875592165605891,0.52649045,0.7014823042884265,25,358.25128,5398.577,-9.330698,-2.8887787371921614
1220,304.20732621361645,239.67793140680143,0.4900740883945002,0.014222015,0.07458821076961773,25,418.8827,4806.8486,-9.204651,-3.4603045537183763
1221,885.5130013322066,240.08506465134482,0.5183726523302306,0.13404135,-0.06920707009141372,25,45.076527,496.1945,-6.73913,-1.053976122697213
1222,0.6558852698173432,240.99411806957906,0.35671190310095147,0.6457893,0.5787187455975504,25,170.38766,1874.558,-8.182247,-2.7659009317602363
1223,100.70361751641914,240.78706819193312,0.47931701167917157,0.21508808,-0.08685440561147441,25,7224.535,84303.28,-12.314611,-6.5528528021144155
1224,136.8913446607246,241.29975312656205,0.5192666331465197,-0.063120075,-0.03363743582693323,25,646.8222,7689.0205,-9.714678,-3.8594397453588485
1225,173.7188777859661,241.266866113624,0.46607735815424645,-0.117445186,-0.0658176685336234,25,690.21857,8780.733,-9.858827,-3.927995831481803
1226,321.7891561775543,241.43638767659397,0.5021518232640174,0.14652087,0.14615401727970295,25,255.5464,2969.4954,-8.681706,-2.903075900964698
1227,624.5026762242702,240.31964788567072,0.4515520705787097,-0.18929945,0.24497133294068102,25,37.78917,487.91208,-6.720854,-0.8137345597126765
1228,1065.4323968904607,241.5763017357884,0.49822898456023845,-0.35326362,0.0575738122294194,25,67.455925,787.88995,-7.2411637,-1.4556102033112288
1229,536.0734962632755,242.01238979949014,0.49877576258241246,-0.0694424,-0.004723047928956646,25,131.75845,1542.6991,-7.970703,-2.179504091166702
1230,22.23477660208109,243.30190378449745,0.4570655149101428,0.27584782,-0.035189078767709984,25,918.3044,10862.16,-10.08979,-4.342180924323376
1231,157.79756554525,243.49610538540946,0.4812616447816536,-0.21540159,-0.12543735551976398,25,583.78687,7494.2124,-9.686815,-3.745706918136598
1232,211.83311282786235,242.53640535648512,0.44665280311164574,0.1742254,0.01635821203609001,25,51.28689,717.0163,-7.1388226,-0.9847564265875342
1233,259.85342444508024,243.0945791079014,0.4641523219290524,0.055634063,0.04612431423780872,25,72.25757,915.5431,-7.4041967,-1.477118700102051
1234,356.73774389271483,242.2428092105015,0.4795326901775402,0.10598436,0.22013441668501316,25,95.407646,1297.8107,-7.7830286,-1.7029569692056437
1235,489.01671530214014,242.89330919499076,0.5364571715109347,-0.24970923,0.027009268863339424,25,34.56683,579.1808,-6.907035,-0.15258355060575984
1236,971.7138047911401,243.0594839787517,0.4307385472123716,-0.05963192,0.020327662598275165,25,70.769066,813.9066,-7.276437,-1.614974631431417
1237,1134.5836804820183,242.81125345943246,0.517554649740358,-0.064524405,-0.06309465141184874,25,594.78894,6224.541,-9.485269,-3.90032993299319
1238,1334.7757986112724,242.80212309155863,0.5160846537025461,-0.02663463,-0.0019880215909607473,25,41.908665,442.687,-6.615242,-1.0246998275381956
1239,248.98615749380988,243.79510496491145,0.47842778401437563,0.5803469,0.12540478990345627,25,74.91781,995.90027,-7.4955397,-1.4706253930818967
1240,467.651148568781,245.03510751687583,0.47744596366764575,-0.34492904,0.11040968707787385,25,150.44862,2065.1462,-8.287376,-2.22857174143393
1241,1173.8879111406513,244.66159198000062,0.45014047590541884,-0.1301368,0.19524926928000047,25,204.27153,2417.7673,-8.458536,-2.711714619429369
1242,1773.9412363661845,243.81042943655143,0.524435332929808,0.110143125,0.06682187133435133,25,106.06014,1070.4585,-7.5739245,-2.0366086828837355
1243,47.414581797380045,245.00764379079973,0.500839331267862,0.29224554,0.13094915729209808,25,140.88046,1936.9463,-8.217793,-2.0577367955603427
1244,59.98458540849693,244.76398262607535,0.5111776883929344,0.12706323,-0.0990850926043316,25,233.82372,2767.389,-8.605176,-2.7762527548762357
1245,289.6201742362873,245.64488708112822,0.41531547772957367,0.10017783,0.10522186979144386,25,66.83664,942.3978,-7.435586,-1.3860846623364282
1246,391.95098873649584,245.29928819675274,0.4592955613575318,-0.08295072,-0.032115021136673784,25,436.73184,4940.1465,-9.23435,-3.5702584788000062
1247,846.8639936994399,245.20280273031406,0.4509540897312742,-0.18613982,-0.02364522913819419,25,67.95459,750.3224,-7.18812,-1.6082089367673436
1248,336.9058987537498,245.73261190799093,0.4576795898148744,0.64597756,-0.057601654046559474,25,402.6217,5500.043,-9.350915,-3.2836652753575413
1249,451.9592354510375,245.8390482368099,0.43693889579959627,0.11515254,0.07239950290547745,25,113.200615,1335.0428,-7.813738,-2.095382676320069
1250,648.9276064896484,245.52758719279842,0.5280030334230558,0.36073592,0.1185803005648414,25,184.91441,2112.9727,-8.312235,-2.5273870521187685
1251,756.8911713328533,246.12414783346878,0.4749429745455655,0.17117284,0.07491652247224129,25,126.78344,1378.7527,-7.848716,-2.255938832942453
1252,1227.4276239386181,246.1237265309464,0.43299341374817774,-0.09989792,-0.04961403773320927,25,69.84867,814.767,-7.2775836,-1.5991198761284744
1253,1305.4560380635176,245.80722482317177,0.3341028259538425,0.03738145,0.23095166630819686,25,19.230263,259.4979,-6.0353346,-0.21085327817418031
1254,11.184947331021943,247.1134776863494,0.5201850936615157,0.15023123,0.031026450564460056,25,71.27601,955.12024,-7.4501457,-1.296479932399321
1255,238.37605204173346,247.09712935295053,0.4226703396563684,0.63149554,0.383278965484389,25,893.78174,12215.792,-10.217304,-4.151439482870829
1256,434.7808042636279,246.5232643838408,0.48575482885861465,-0.27655435,-0.1891816098181978,25,175.74242,2323.723,-8.415461,-2.3632894992510254
1257,713.8294802855521,247.176880543215,0.5498843040588397,-0.12137282,-0.10018378978275615,25,309.99698,3269.0388,-8.78605,-3.13326362449438
1258,781.1150552233377,246.73222889534628,0.46104093559393095,-0.0005188196,0.09405369663661868,25,175.7105,1915.1309,-8.205496,-2.6210624962965863
1259,1544.5643398588081,247.71219930480348,0.5237281399311858,-0.290142,0.21415828623480018,25,16.815395,176.10109,-5.614405,-0.05034374272184983
1260,1564.200503352583,246.6178196051002,0.4422748296367976,-0.16245076,0.10099523919661584,25,52.75884,598.902,-6.943389,-1.3179784492482782
1261,80.78775262794197,248.6381443367471,0.47931748244700995,0.799431,-0.12560055376330087,25,240.45322,3544.7495,-8.873964,-2.591904764111193
1262,367.4702760369048,248.00975165322188,0.5167220039102205,-0.1541606,0.0031655486945295266,25,246.83366,2919.2751,-8.663188,-2.810153300571076
1263,427.3811662047725,247.54601650546667,0.5056992721590637,-0.22560486,0.02733755308155947,25,137.87735,1581.7295,-7.9978304,-2.2577334311596338
1264,983.9242573697486,247.69270334525842,0.48913860520300334,0.09471838,0.013796964669731423,25,116.67452,1235.5206,-7.729625,-2.1586099412639497
1265,551.9700560718857,249.14479714608566,0.4693656443836764,-0.42795187,0.12481251607984653,25,306.40387,3639.53,-8.902614,-3.143323850725869
1266,734.8671645106996,248.87073897944404,0.4718324805787752,0.23197584,-0.07853730297993797,25,143.34845,1729.2039,-8.094615,-2.2515889145457275
1267,1059.8017392839363,249.1059976662446,0.5118198109669314,-0.060696185,0.14748843140584428,25,413.9107,4394.741,-9.107333,-3.4735816136244937
1268,101.17553939361969,249.81757236558286,0.46210253485660757,-0.046122547,0.04415120656355442,25,248.55183,3323.4172,-8.803963,-2.772620357620576
1269,1018.0777621461028,250.28016528495613,0.48766673779718817,0.0059823836,0.008987051959817706,25,158.93164,1661.9219,-8.051527,-2.503344973280658
1270,1148.03324975306,249.53838992536262,0.5063963663373526,0.2110186,-0.009100275006357466,25,35.519405,397.79504,-6.4991484,-0.7685665595004031
1271,222.69492837392622,250.98502241160008,0.4551902147710262,0.022271374,-0.07548620628468104,25,514.06366,5899.906,-9.427113,-3.7316909383881507
1272,327.54859997721763,251.28296735914506,0.4854141896798011,0.04169797,-0.15253615153644826,25,363.2516,4322.7563,-9.089402,-3.2946865129884624
1273,530.3358213963892,251.2471532776858,0.46366782790332833,0.043267738,-0.026399532410202216,25,56.51222,713.37366,-7.1332927,-1.256209956936368
1274,1237.0631401750616,251.4788126365195,0.49113649774429263,0.12879753,0.20824663199117496,25,27.914684,313.52582,-6.240683,-0.5431456089151774
1275,276.34421824652185,252.243760999697,0.5652310532864421,-0.04156558,-0.13355823281230098,25,230.86734,2682.875,-8.571502,-2.7006685133855863
1276,283.0498052559318,252.26990945401207,0.5208465668920774,0.034376632,-0.032691472107944826,25,252.68987,2840.7034,-8.633565,-2.9112740423413936
1277,303.15296446482716,251.83272505393413,0.4802085294252422,-0.4322743,-0.1501875265739629,25,226.19147,2827.0144,-8.62832,-2.731131011978161
1278,633.4232237182463,251.75040451625773,0.44272252847563753,0.100764066,-0.07612327437343946,25,247.99217,2918.7437,-8.66299,-2.9550315961403366
1279,770.0626463074748,252.33392765442875,0.5246821817171795,-0.15924689,0.130911245352178,25,39.8173,431.24094,-6.5868,-0.951175005028318
1280,1116.605009863981,252.08636873842903,0.3971144005478722,-0.23158924,-0.16336821172929064,25,39.979862,463.567,-6.6652813,-1.0954895979773984
1281,1764.5301913526819,252.27807142534584,0.6320757405072336,-0.39540166,-0.16538447761018657,25,18.463829,182.70422,-5.6543713,-0.004670536007159137
1282,115.83463093339353,252.86268209416266,0.43027170404159826,0.20199561,-0.04901456007805037,25,200.1185,2568.7385,-8.5243,-2.6330182179075683
1283,205.7480688255119,252.88160682500168,0.5185997078595782,0.16404246,0.04027196999984775,25,184.66574,2161.91,-8.337094,-2.4980223083591007
1284,671.0197502573628,252.98079730352342,0.527679525366539,-0.084112525,0.10119009489682287,25,97.02636,1003.49994,-7.5037932,-1.9264130727661535
1285,877.5332114633602,252.89408727329808,0.5039526039075951,0.058727756,-0.027603787385992163,25,237.16586,2527.7656,-8.506843,-2.88032618446009
1286,891.3164742524281,252.87961675658428,0.3612115239122094,0.5466521,-0.062050504104424066,25,21.378826,264.03693,-6.054162,-0.3929483570176139
1287,352.86097207806836,253.53201935861784,0.5411125496745774,0.32490584,0.09832671704815513,25,41.195724,534.8886,-6.8206587,-0.779601458269505
1288,405.94754155397095,253.90428839962686,0.47721225841348724,0.008089226,0.06431137040705708,25,127.44906,1533.673,-7.964332,-2.1854735326042842
1289,1825.6737362840965,254.60953476194692,0.5024839288472841,-0.3342257,-0.1182985406563798,25,29.556316,331.63153,-6.3016396,-0.5877394577325594
1290,648.0360627000559,254.73462626399245,0.4424221631980365,-0.106964156,0.06304593452366465,25,187.82239,2106.0789,-8.308686,-2.7131153417967138
1291,795.3603928524203,254.86651784653822,0.4799781597957382,-0.33496103,-0.09278111943954007,25,72.077934,872.7395,-7.3522115,-1.5676572049164754
1292,106.98693310934767,255.43260898850477,0.4587887430605092,-0.13954818,0.039922690167541214,25,344.72607,4569.692,-9.149717,-3.1640014886229437
1293,251.11603805652638,255.69700801237065,0.4626848910305292,-0.09689448,-0.001548145949548232,25,527.5627,6600.678,-9.548971,-3.670140041413161
1294,430.1923868020195,255.82458453929857,0.44532652969120384,0.19368021,0.20018042421903423,25,110.9461,1428.9248,-7.887523,-1.9768358478716084
1295,1262.5063202357155,256.1547733713216,0.47907098862752745,-0.3074566,-0.009456407262159145,25,237.1207,2638.2322,-8.553283,-2.898139500609172
1296,7.246961030280299,256.6537679079161,0.44819061528983684,0.09749539,0.008559741493218745,25,1103.1924,13406.035,-10.318251,-4.519532502391881
1297,32.84564003480377,257.0599115139905,0.4400384451713796,0.24097377,-0.06767964127739488,25,282.0147,3427.003,-8.837286,-3.0470715285858874
1298,474.85123795971236,256.5481386649499,0.46332965275087074,0.1838681,0.08283800851103339,25,183.00728,2287.5134,-8.398409,-2.5110818956616052
1299,537.0856237954696,256.9252721715765,0.4669323822920657,-0.0780452,0.015693802775856875,25,146.87743,1687.987,-8.068422,-2.3732993605115964
1300,1897.1588973415123,256.5394244117473,0.42237750669866486,0.021832945,0.03047202356991881,25,50.11426,608.0031,-6.9597645,-1.196060454015446
1301,156.46153788677333,258.52797975399966,0.43973359336067447,-0.19213943,0.006106031057123806,25,122.40858,1728.7784,-8.094348,-1.9687228581098457
1302,126.02875633764154,259.4523448062278,0.42492059355807965,-0.56584007,0.35610461380841474,25,214.60043,3225.0042,-8.771326,-2.467590013088446
1303,196.88594219512268,259.0656694367912,0.4510368657159182,0.14127612,-0.004206605491306307,25,270.49426,3278.1768,-8.789081,-2.9878717181396346
1304,374.4260825617658,258.94475555759544,0.456641417988604,-0.14959265,-0.08451983818250454,25,111.48204,1385.7213,-7.85419,-2.0094512728478517
1305,456.67089932189594,259.077861319784,0.45189843659221285,-0.10097406,-0.044178207630136475,25,276.07385,3181.5771,-8.756606,-3.0719034983381444
1306,509.2625029744123,258.9142426610545,0.5613980973327294,-0.33153975,-0.6083772228315834,25,39.451977,729.2451,-7.1571836,-0.10105726529077581
1307,581.3388096262198,259.2641289666178,0.43207760190862066,-0.6145328,-0.23799502181424712,25,130.48459,1871.2142,-8.180309,-1.9869107985791916
1308,341.83913574341574,260.53495871423917,0.5164954967694739,-0.028788835,0.08801732982382632,25,338.193,3777.3567,-8.94297,-3.2172674833726775
1309,72.01426892654113,261.08382745927344,0.4581197164011466,0.20078304,-0.12497187835315854,25,176.40268,2234.0264,-8.372721,-2.4749039952306613
1310,140.49401322445934,261.02826183565963,0.3949264264217687,-0.36240137,-0.3082604866179943,25,167.35106,2636.116,-8.552411,-2.155524630864905
1311,389.6948379608801,261.4551170850402,0.47194755450573295,-0.18355203,0.06842593133686181,25,299.69968,3507.088,-8.862367,-3.1163986459411546
1312,397.9845925936288,260.9385261112905,0.46766284443993505,0.13442843,0.04591984742155137,25,193.58632,2263.1409,-8.386779,-2.6353297251726913
1313,1238.4944791021924,260.47894478060755,0.5139053035269512,-0.31942344,0.08379360109830528,25,81.558754,911.8726,-7.3998356,-1.662351663347903
1314,1585.9428467144342,260.8214531677581,0.4988167304029268,-0.05491048,0.15628232321218735,25,430.0932,4723.2085,-9.185593,-3.485143600675334
1315,46.57356393357859,262.2178244107199,0.47879012562187606,0.031829625,-0.10012139701477266,25,174.35274,2190.5376,-8.351377,-2.41138739140563
1316,492.73473018793925,261.86088376831,0.3524112626292076,0.012161875,-0.0036271989674309135,25,65875.39,822257.8,-14.78752,-9.075143204434031
1317,816.2192396973438,262.49686863156273,0.4892052197177901,0.14677152,0.07242631586237047,25,659.6698,7290.991,-9.656966,-3.997885293616057
1318,905.3097946528004,262.3054589706061,0.4822922530803149,0.07311291,-0.026947372002357833,25,108.84,1201.1936,-7.6990323,-2.0421691145949037
1319,101.95498714897607,263.07519431750995,0.464336167796626,0.51885086,-0.23442438461697182,25,445.8856,6164.2114,-9.474693,-3.3453177611809233
1320,262.1708054030387,263.378417650928,0.44649369242486814,0.10847669,0.10303606451051481,25,117.37484,1486.8855,-7.9306936,-2.0391070341963298
1321,326.45490129047073,263.14039696355223,0.4376324668983825,-0.37307385,-0.5510174192266456,25,176.55644,2503.382,-8.496318,-2.310120309621647
1322,363.1504345747713,263.5706211286218,0.4763113863162321,-0.27660084,0.014075263806153029,25,412.94394,5316.936,-9.314154,-3.338938982342323
1323,444.36190677995796,262.6273369981976,0.47280635753627004,-0.0735945,0.082269873788965,25,154.81822,1887.6354,-8.189795,-2.335391535464843
1324,711.9349081073547,262.71607618078525,0.45747242663492454,-0.095905155,-0.059360796182757386,25,45.724247,555.7636,-6.8622255,-1.0834592416843638
1325,1416.4954993980082,262.76932129448977,0.43301770834276826,0.22121926,0.07058031633866146,25,70.732185,843.09467,-7.314691,-1.5667515666733591
1326,299.3771623631021,263.8282720940321,0.5033320254192386,-0.0822185,-0.002472782427697214,25,231.90337,2673.9595,-8.567887,-2.799646884516611
1327,306.7156682601761,264.1015463402656,0.4885219394769308,-0.10047733,-0.009627012735937983,25,359.9319,4115.686,-9.036106,-3.3009065195468006
1328,594.0745853724562,264.00824991604503,0.46084423089487364,0.2979566,0.278700788261724,25,45.09365,671.0963,-7.0669622,-0.7762684113480582
1329,606.8005517841899,264.03342009017035,0.45921730454750304,-0.11591297,0.018766724293202666,25,3618.572,42328.16,-11.566573,-5.871934353250908
1330,634.9420676854475,263.7663833077541,0.4825363004734859,0.11632151,0.0677388727163594,25,6127.5957,65360.766,-12.038293,-6.468199281543383
1331,62.58957632780394,264.8227819727506,0.4606884717744481,0.15506916,-0.11614336453945569,25,1441.4667,17313.695,-10.595975,-4.787168994534643
1332,651.6943080696246,264.83874011950746,0.48183219908467656,-0.044812836,-0.027988047590580017,25,388.50397,4351.732,-9.096655,-3.4272749179754163
1333,887.1039314861871,264.8869179848443,0.5078934568956126,-0.25532463,0.05830104058340542,25,53.21513,575.7381,-6.900563,-1.2234961281899221
1334,1141.8128423580501,264.99141697076806,0.4483964536522973,0.7560589,0.18549879738077235,25,187.64104,2396.1333,-8.448777,-2.5393136084150862
1335,1279.1618288043917,265.0866475227506,0.48060994819624053,-0.12075578,0.07159174673938515,25,19.920036,224.25476,-5.876854,-0.19825405926871248
1336,83.9524334206778,266.3353402654695,0.38952894312959224,-0.8029358,0.11316325079568314,25,118.67188,1936.1937,-8.217372,-1.7579630248210436
1337,575.2259832626869,265.7155730614353,0.5204625958291327,-0.14984876,0.011547916389352937,25,450.3898,4820.139,-9.207649,-3.56786675047077
1338,279.2839592815252,266.45132623459887,0.4786363294244178,-0.17838068,0.029002803287592808,25,416.81918,5016.961,-9.2511015,-3.4114406972128735
1339,504.68001182245126,266.7984838769971,0.476081176352136,-0.29724494,-0.4668173647274557,25,142.76967,2494.1577,-8.49231,-1.7209800603226593
1340,541.8646114397087,266.8996628330528,0.494643446553571,0.21248244,0.21360221047396116,25,97.11539,1188.4685,-7.687469,-1.7605217264382595
1341,704.0390689252921,266.6338246059698,0.5935861635170132,-0.2087662,-0.03536955191888168,25,29.971825,359.80862,-6.3901787,-0.3812836709215569
1342,850.4092674598844,267.1813986490815,0.4228648857997536,-0.818197,-0.26856806717475523,25,41.53745,565.1242,-6.8803596,-0.8471126149134823
1343,863.3891645928852,266.85441203776276,0.333511774903466,0.0014905647,0.02296769296187412,25,22.16504,292.2919,-6.1645417,-0.42218441288831465
1344,986.2449504435375,267.1079530734278,0.5042292926899465,0.042426746,-0.017927251180010352,25,196.8213,2032.0017,-8.26981,-2.7475050904302103
1345,111.07863950169464,268.4220346597426,0.49343491743235535,0.20155996,0.07456286484056604,25,203.44115,2489.394,-8.490234,-2.6146372194447345
1346,151.1125389453293,267.75050890580667,0.42658459657129644,-0.2665626,-0.38853684270705585,25,344.51883,4713.413,-9.183339,-3.1393865445259466
1347,1366.0355283578945,268.16713728219673,0.555333712723942,0.2186203,-0.06745417558714177,25,25.676228,270.10135,-6.0788164,-0.4094094664979187
1348,202.41876637696907,269.5119229804487,0.4685999513337833,0.3843623,0.028650991121470928,25,258.67828,3184.1667,-8.757489,-2.9098063178315665
1349,750.1847121041748,269.5065709997174,0.5012584060985763,0.21295594,0.11512143103127351,25,1006.3891,10986.034,-10.102102,-4.455848662751535
1350,1076.0049305671503,268.54946960862816,0.3847159034708098,0.33760938,0.35827029490780077,25,17.702198,218.15881,-5.846932,-0.1548103273669749
1351,1407.0002090739304,268.7106302229936,0.4893206265297959,-0.077127285,0.10639607707550532,25,201.95184,2142.461,-8.327282,-2.7474203601792766
1352,137.24392697186278,269.6685637219987,0.4715896910336146,0.020313026,0.029765227557611178,25,148.8755,1924.1404,-8.210591,-2.220975251259701
1353,246.81172204995462,270.3275230489566,0.48979301968105704,-0.1195837,-0.0017656210354022495,25,5867.593,63365.53,-12.004633,-6.395926564437852
1354,393.2029174587947,269.71704150227094,0.4878909289126104,-0.074870594,0.05988330295513701,25,349.35114,3845.1035,-8.96227,-3.3089766223345194
1355,367.12868404208115,271.35954683799133,0.5041049024302351,-0.15926303,-0.08346811719228873,25,595.3831,6766.3853,-9.5758915,-3.8556048236429903
1356,430.3591226196713,270.92906829187467,0.4248043546468896,-0.020021874,-0.023837456454268224,25,229.81807,2870.0032,-8.644706,-2.8131315716425758
1357,796.0363647493518,270.569666242606,0.4878412261230417,0.0036983886,0.1597758639751639,25,2951.4736,31779.816,-11.255379,-5.657182121083888
1358,1171.2615947298539,270.78559233007337,0.46264122337791347,-0.21908364,0.05098456084192363,25,183.01086,2028.0787,-8.267712,-2.63809663176658
1359,1618.125454868462,271.05743642134075,0.5198025030541459,-0.018499428,0.04144810827021887,25,78.36776,812.2528,-7.274228,-1.6767623900075854
1360,1903.620841361598,270.95458563817414,0.4460533308691724,-0.19664133,-0.1850172547775577,25,30.206905,334.20193,-6.3100224,-0.7041808760623192
1361,221.74266208828936,272.5174702382834,0.47452192954272104,-0.37898695,0.1483967118164447,25,247.52193,3175.205,-8.754429,-2.794134622600729
1362,317.77600712250273,272.3971920024308,0.45751562935126483,-0.07904886,0.16000671584583245,25,158.626,1877.1835,-8.183766,-2.4300169214451732
1363,334.5441580009178,271.90314923334876,0.4666915681379563,-0.30930474,-0.1262606862004154,25,476.652,5565.3726,-9.363735,-3.6194232113178533
1364,455.7491018828461,271.73163581538944,0.46380736324465616,-0.2106655,-0.017629107053374924,25,191.25536,2320.1006,-8.413767,-2.6177807265968878
1365,475.58321006087425,271.9446023375847,0.5316760887105564,-0.07422374,-0.12177488861907776,25,304.9176,3420.1284,-8.835106,-3.084088591418857
1366,912.297270532482,271.81454299416515,0.48729877611183453,-0.19831456,0.20549828744686238,25,24.288761,279.72314,-6.1168213,-0.3048699482835116
1367,1249.824082432304,271.8490065408492,0.4374175655075248,0.09789824,0.06966605870984893,25,73.247406,840.8102,-7.3117447,-1.657227588833119
1368,1.9485920416828206,273.06588087149436,0.43444465713846775,-0.04074177,-0.1590995232356583,25,173.27884,2302.7751,-8.405629,-2.4402075547989903
1369,20.51787261671234,273.07408247333063,0.4767410889549669,0.03448648,-0.18596175261637832,25,1636.514,19127.74,-10.70416,-4.9388261927972374
1370,90.27937067320387,273.3417436134805,0.43684191590987625,0.09611506,-0.3812513050095686,25,194.54381,2678.605,-8.569772,-2.5061883524989037
1371,419.12037558725393,273.4810277321212,0.5060556386521889,0.053322766,0.10515919725649031,25,97.24511,1154.8389,-7.6563034,-1.8259834966003496
1372,1568.789437801802,273.43882086670067,0.42030338962429103,-0.012427429,0.07546423177546563,25,42.721855,509.05817,-6.766918,-1.0364155367468983
1373,179.06336025092483,274.31148979486505,0.5199998917797779,-0.010394371,-0.01566818702846315,25,1429.2826,16021.057,-10.511727,-4.795569772359117
1374,555.4258469838514,273.5871213926862,0.4181513765225601,-0.2892844,0.03920796282896501,25,45.56903,596.10645,-6.9383097,-1.0172270344573378
1375,676.024090365374,273.770297882309,0.47811877840963773,0.038701084,0.10459862466714093,25,125.36939,1409.1207,-7.8723707,-2.2078369736485466
1376,731.8991223893452,273.9634332930262,0.46070064348415457,0.5416687,0.3197003829711347,25,181.9925,2738.5044,-8.593783,-2.2356492755726496
1377,1111.3310549197026,273.9659474133267,0.4608743360504194,-0.08626805,-0.0001944162156777606,25,174.59792,1938.6359,-8.21874,-2.5889044707062148
1378,1194.3081623089233,274.12239000112675,0.360498985219091,-0.27903932,-0.27170646567202517,25,19.705734,230.12128,-5.904892,-0.44260775601532554
1379,161.439071190473,274.95154405440036,0.5024574112710669,0.247482,-0.1873626429641307,25,150.93048,1916.6833,-8.206376,-2.225414279089988
1380,438.66838611275045,274.80580145739293,0.4530397209268752,0.19270459,0.04317594115918818,25,505.98663,6525.8643,-9.536595,-3.630678779728649
1381,617.0674915950897,274.79608548673406,0.48008166065692165,-0.08088505,0.021464334299012164,25,359.13467,3881.392,-8.972469,-3.3759546047470756
1382,998.5282733823398,274.78971982826044,0.5012368557402892,-0.23680119,0.007686800944676997,25,46.038963,499.26395,-6.7458253,-1.0998277896472983
1383,120.82769017773336,275.5704609472852,0.38709800794240834,0.33447194,-0.2561372014564507,25,459.53833,6546.7217,-9.54006,-3.433634605500088
1384,660.50735155302,275.5215213551749,0.5383567125204903,0.1859993,-0.038422498105196365,25,35.532597,396.5188,-6.4956594,-0.7666911828845995
1385,527.2495476177982,277.2880737629925,0.5775279481091401,0.0041933805,-0.032123641790544145,25,92.82238,1017.5799,-7.5189214,-1.7649608094159672
1386,857.4417899672902,277.27193582532715,0.5098247521898596,0.12533623,-0.01181971224089076,25,84.51272,948.9256,-7.4430804,-1.7239372796273777
1387,38.42203482144108,278.2956129189726,0.4700691178269156,0.22459914,-0.061427813656945274,25,319.1295,3763.822,-8.939073,-3.1834182517030856
1388,137.00316382071495,278.0394233681121,0.5220038212055508,0.040603306,0.06196155639320187,25,155.13654,1853.2029,-8.169807,-2.292895085318941
1389,353.6565586728184,277.4988396723016,0.42370043377576977,0.2791569,0.12198923369321812,25,5314.4434,64469.82,-12.023392,-6.27675911129237
1390,379.8981326489012,278.9492140922244,0.4510579894383205,0.038892664,0.30220706474399855,25,156.88768,2039.944,-8.274046,-2.3336219317314475
1391,485.30010321324517,276.6548947232487,0.5004949965652088,-0.087184265,0.2981566206467558,25,50.081238,867.83777,-7.346096,-0.5721591877858422
1392,959.1089774587499,277.93903566074226,0.5939159959528706,0.020217916,0.00963536616425757,25,31.133553,309.4605,-6.2265134,-0.5609774425786578
1393,1214.5513174254334,278.63669964615735,0.5248428730538862,0.37981758,0.0832628907104906,25,20.368336,213.10078,-5.8214626,-0.26050949248931204
1394,95.7003839637971,279.3406855894572,0.4330990970207616,-0.14503813,-0.012060806389163693,25,163.2628,2161.0645,-8.336669,-2.349950019374864
1395,260.88072236424665,279.5835884384779,0.49341662225065586,-0.13808851,-0.0124798438748742,25,53.333813,753.13306,-7.1921787,-1.0146882315751196
1396,411.10136290405705,279.0421189612836,0.4409465753498907,0.12883687,0.10786480395832608,25,79.02249,1037.5609,-7.5400343,-1.622828210289429
1397,470.4045270192628,278.6590071535672,0.43692436910028576,-0.16016744,0.05103176219222559,25,208.61577,2495.9543,-8.493092,-2.751741426055662
1398,766.2097760631111,278.33013799931575,0.4792008396489947,-0.014681383,0.18509001729517804,25,70.50174,816.0719,-7.2793207,-1.5554686070441635
1399,74.96417022905692,279.71215217491306,0.4418919266099047,0.087479144,-0.009292064648316282,25,101.15443,1291.4248,-7.777673,-1.8859634852122584
1400,209.95506669742204,280.0537822983017,0.4990321303883541,-0.034524344,-0.06219587277631522,25,248.21059,2794.5435,-8.615777,-2.898263597520281
1401,426.113999972562,280.0954850395229,0.49630833139577785,-0.09412913,0.05701130504168051,25,49.895752,608.95935,-6.9614706,-1.054881142617706
1402,874.8794518267965,280.56256158276864,0.4283171786631516,0.035012327,0.06893164013572188,25,92.00335,1105.5815,-7.608977,-1.874564769384971
1403,1970.7078649906723,279.7933032420624,0.4924932919610774,0.05370618,0.0382292101873568,25,90.09252,1003.4407,-7.5037293,-1.8056062014854999
1404,775.3297005027234,280.7260629286881,0.5174179889627145,-0.39092973,0.06345210725967028,25,26.193016,307.0422,-6.217995,-0.4270285386336524
1405,1069.974698072417,281.0071431420852,0.4499671182517232,-0.028986933,0.09341740861237051,25,39.699284,436.86136,-6.600859,-0.994795393335848
1406,1591.1626174398045,280.7412315899745,0.5209580408439192,-0.47985572,0.010116243763287475,25,23.668365,251.413,-6.0009694,-0.33056105594780255
1407,17.406804943782454,281.82900753795917,0.495469135186322,0.11738868,0.2912617725253909,25,298.39496,4093.5823,-9.030258,-2.8503800225603455
1408,88.54034069154436,282.0766025682271,0.49660479265726964,0.2389416,0.0076417546566982615,25,82.61004,1059.0587,-7.5622997,-1.5789782423205876
1409,169.92471811153632,282.08107150073937,0.45543450101520366,-0.13174039,-0.3168775461812195,25,194.31384,2668.4624,-8.565653,-2.505563261552006
1410,239.80026415938556,282.2582284570889,0.4931601494868964,-0.12921394,-0.022589464792091552,25,3038.1108,33121.86,-11.300287,-5.664229524896203
1411,290.6606524497033,282.74208070192367,0.503667167178233,-0.14292063,0.20191266004825303,25,525.08484,6537.307,-9.538497,-3.593147221632902
1412,604.8402030577045,282.2833007216399,0.5033076550093382,-0.23073077,0.06505276480127636,25,213.67123,2295.6104,-8.4022455,-2.7842060910485573
1413,784.865982097639,282.23101511597406,0.4700475414458852,-0.000758166,-0.011308859552282956,25,68.25768,827.09045,-7.2938824,-1.4715868173472137
1414,25.526816740736027,283.3675575451052,0.5237826561589188,0.13252299,0.16231852504142752,25,296.96036,4052.2515,-9.019241,-2.844694626445295
1415,402.35603073814514,282.6044068281556,0.44575544388719013,-0.2552155,-0.06225048931757136,25,44.351078,620.33954,-6.9815736,-0.9572833219733051
1416,1752.4733028064243,283.2176876894856,0.44811470449410684,-0.5026718,-0.001649825501982241,25,61.832027,724.82495,-7.150583,-1.441017549584227
1417,54.39342788194338,283.95649830608227,0.4448403559575019,0.2857146,0.37347290649743514,25,160.31104,2427.8066,-8.463036,-2.157877712670005
1418,123.910172426865,284.2614160943908,0.4591301227448828,0.056757852,-0.0015512186488042942,25,348.03955,4195.1074,-9.056858,-3.260739255614838
1419,198.63884313091344,284.0131126102311,0.42991432624389614,-0.13370527,-0.03232881112713662,25,218.1826,3014.2698,-8.697955,-2.625404354743803
1420,346.51889599296715,283.2580387590338,0.502358667471703,0.15500991,0.04690713605517356,25,79.07676,1201.3577,-7.6991806,-1.2965204510256836
1421,549.4781841970494,283.7049020026657,0.5428757069118398,0.010329697,0.09900122197858448,25,29.113743,374.07812,-6.4324055,-0.42588712351812186
1422,720.207278021924,284.66160458417244,0.5486862820826061,0.40554124,0.14323191834321608,25,51.279602,573.5718,-6.8964696,-1.1496137143852097
1423,1022.8580746210256,284.3313491813444,0.5129067580932547,-0.05285704,0.06697622857518949,25,409.89972,4254.775,-9.072191,-3.4887382867181587
1424,1472.2982663991422,284.19718777635296,0.4152629672104271,0.060464792,0.11598975192591694,25,47.372883,554.72296,-6.8601904,-1.2001077028068055
1425,134.6994710438035,285.3141062828579,0.41478654828820466,-0.082271464,-0.14973611435747028,25,256.80276,3492.7737,-8.857926,-2.8393239109428197
1426,272.4475306391285,285.26015719440653,0.4254151394739187,0.2408174,-0.18764439857646223,25,141.96172,1941.423,-8.220301,-2.2138208396512478
1427,302.9087000980543,285.1936698210781,0.4233477463108627,0.3003381,-0.504974770340473,25,954.0604,13438.439,-10.320872,-4.186992657245508
1428,451.8258799549642,285.17116185344685,0.4603418082326393,0.22756644,-0.01145688225836642,25,512.6183,6917.6855,-9.599902,-3.5312227537772447
1429,678.639047431081,285.462069992303,0.45423458365677744,-0.18428785,0.11217709119774953,25,83.74683,1004.7761,-7.505173,-1.7234883271859887
1430,815.0951863499135,284.56958439807624,0.4703806099238022,0.019740628,0.10292603668730285,25,107.80903,1204.0189,-7.7015834,-2.051545947680338
1431,866.4331398335355,285.62561857016385,0.4848768902948707,-0.4591068,0.11361099239535105,25,32.30301,388.56653,-6.4736633,-0.6981696708059227
1432,1779.865308398574,285.29545962870844,0.43056875730606464,-0.18276866,0.08854613938152849,25,35.09958,374.16904,-6.4326696,-0.988305873212057
1433,1.0295346735179165,286.0836084424513,0.46401593412916103,0.40962198,0.40339884582671565,25,410.48083,3892.9312,-8.975692,-3.6413574737305443
1434,633.1289715572212,285.89864745728977,0.4778526043472053,0.021333054,-0.0037822835411058004,25,41.753517,526.2227,-6.802924,-0.8673663011287237
1435,1127.1411038771778,286.0783350458061,0.5702144262240347,0.026464442,0.06512171105142887,25,219.59709,2216.377,-8.364109,-2.758726213386715
1436,1452.7831799997386,286.0106096974985,0.4821977144466037,-0.2645817,0.13625566717393042,25,20.183304,223.04688,-5.8709903,-0.15218159344830537
1437,1954.13885757221,285.5378264073386,0.45850723232774543,-0.21692546,0.08600202420542256,25,55.668552,612.0954,-6.967048,-1.3619464400892578
1438,223.72882973693123,287.06300023228175,0.49785547241594075,-0.0076842206,-0.05640286602390516,25,286.30774,3289.5608,-8.792845,-3.0380376183134072
1439,328.57047923632496,286.6010887928439,0.4664861379573499,-0.2555367,0.03125532093124507,25,116.7946,1479.816,-7.9255195,-2.005960397319067
1440,432.0181493551955,286.3024088975249,0.45972403736059975,0.37511915,0.37253560986047224,25,79.584465,1099.1447,-7.6026373,-1.5071558141664332
1441,479.5362630000028,286.7109319281849,0.4681795675529471,0.1614887,-0.06408261416304442,25,360.75027,4231.5195,-9.06624,-3.315134049456818
1442,701.8571750560229,287.61681299018176,0.5285498726752033,-0.2876141,0.07434003328861015,25,22.495483,262.52283,-6.0479174,-0.25968141663455335
1443,762.1009122564926,286.69655504162387,0.6276028363210319,0.9008248,0.6524173166434076,25,44.45929,562.1146,-6.8745623,-0.7497341001379636
1444,380.46508967278305,288.3970439736515,0.45666469148988836,-0.34476158,-0.1999743430520729,25,183.2664,2621.8564,-8.546522,-2.355493754910948
1445,421.34671183896563,288.00387037892074,0.5030977417653032,-0.1241219,-0.08942121410321387,25,118.042755,1410.8135,-7.873674,-2.0277396508070016
1446,510.4543569360922,288.2408511478193,0.5003185839069068,0.064213,-0.024304315245664797,25,13184.496,143200.02,-12.889857,-7.243566908515699
1447,646.0760233589187,288.1974417175355,0.4569658547838279,-0.056495883,-0.04246658045901073,25,27.63916,327.35886,-6.2875605,-0.49708135713083573
1448,888.596319251247,288.1260930280755,0.5057628137080012,-0.26351184,-0.037352625321629584,25,117.9459,1273.7966,-7.7627506,-2.1233166950500983
1449,521.7700441187839,288.991080940652,0.4248829368076853,-0.29092225,-0.4808492912417835,25,53.644047,868.9543,-7.3474927,-0.9222295150480758
1450,806.3426284869623,288.62628706924534,0.48099533698080366,-0.12349015,0.07383239983877155,25,91.0196,1010.71625,-7.511573,-1.865528867337175
1451,1210.1994606426053,289.20542281603576,0.44328358831296477,0.13142678,0.07261778562023023,25,58.046497,699.25494,-7.1115885,-1.2985338503318589
1452,1371.489132606221,288.6458004154579,0.4206088938758474,0.120855086,-0.04459383554510838,25,44.625614,538.5014,-6.827967,-1.0623675213215962
1453,77.51386202484836,289.5308615411952,0.49134597783124767,0.078817464,-0.0702600153823884,25,171.7859,2162.682,-8.3374815,-2.40919508890686
1454,253.88203788296448,289.46097079164986,0.42077845256023105,0.24931951,0.22126486075608306,25,97.93659,1367.3251,-7.8396797,-1.7678521655532315
1455,539.5950671719784,289.4833426748131,0.45062687413605723,0.771618,-0.07054614418462167,25,83.20306,1214.9768,-7.71142,-1.5624542653184323
1456,1350.6567719089032,289.8448964124384,0.45492147692496065,-0.11700311,-0.1361405129486447,25,25.769695,263.35776,-6.051365,-0.6979736532454544
1457,124.29743118646618,290.94444472195494,0.4582862494527283,0.06927562,0.021492367152002763,25,458.3073,6274.4326,-9.493937,-3.425714509073167
1458,209.59952550778516,291.1560381839415,0.41888895991289143,0.06152884,0.06055927001717498,25,36.43883,613.3297,-6.969235,-0.3803950663703489
1459,719.7597937836741,290.8598913128562,0.5275663991315681,0.004519578,-0.005015573544307048,25,51.211243,588.9235,-6.925147,-1.1514873154065794
1460,744.9155616444891,290.96608294145767,0.48913712652908037,0.15014856,-0.02649111198184107,25,74.66662,853.40656,-7.32789,-1.6238012120554302
1461,980.6714407158477,290.6197858721668,0.499879514024011,0.15394454,0.02180836806887956,25,148.8543,1671.0059,-8.057445,-2.3542747005856426
1462,1013.1791893157297,291.62406860063567,0.43116118238820733,0.07962189,0.09821832397087037,25,37.59784,439.6548,-6.6077795,-0.9430653279843243
1463,1112.7025317476023,291.31340014350167,0.4872895930887436,-0.2462333,-0.01059048243286106,25,162.49326,1778.2657,-8.124991,-2.4605183964294133
1464,1594.2375728117768,291.53565877339935,0.4623680446846629,0.4290528,0.07571198878388859,25,33.8342,380.93567,-6.452129,-0.8146022562656213
1465,18.706870479228556,292.1275043667757,0.4801461974889943,0.08154474,-0.08156790977527842,25,214.81369,2809.4495,-8.621553,-2.6206203214217383
1466,51.84647672506198,291.92969383685977,0.49285713734888364,0.11522951,-0.05543470178244853,25,505.6574,5970.452,-9.440018,-3.641236275362327
1467,400.5362002468827,291.76547001006054,0.471318770938942,0.075029954,-0.024418635976209933,25,113.281364,1348.6848,-7.824776,-2.0376412449326513
1468,603.5321394273751,291.89626635791956,0.4864930536378877,-0.23735455,-0.11994201343242342,25,306.14157,3547.4792,-8.8748,-3.1193367244399743
1469,102.1511434307944,293.0283700393862,0.4667262995937816,-0.13228711,-0.009798926600119872,25,198.8537,2514.4675,-8.501115,-2.593046323486469
1470,141.21664295891057,292.3709618581647,0.4633187592679619,-0.14382651,0.09839740719314354,25,374.32632,5316.8633,-9.314138,-3.1513201754175912
1471,362.4986074655291,293.467697091708,0.4916633793043449,0.29014122,-0.009199743061566333,25,36839.203,411998.5,-14.037239,-8.35808617455607
1472,677.3492255725721,292.81889407749225,0.49184277521509107,-0.10823279,0.024772364131856725,25,156.28864,1789.8176,-8.132022,-2.3837965588642946
1473,1036.216083978338,292.5721827737331,0.3603776140073123,-0.015334911,0.12337866431947501,25,29.025864,358.07,-6.38492,-0.6659859191525391
1474,1304.46016574317,293.0566633484257,0.4538911453012381,-0.09897691,0.061877476839105924,25,43.67786,507.2986,-6.763159,-1.0175407423853675
1475,1619.7440477705356,292.87792087740604,0.47650976677594575,-0.0129000805,0.011692910674043851,25,130.40074,1386.5632,-7.854849,-2.2960529696643226
1476,1973.8936623768018,292.57694571889397,0.4284860555632543,0.26907602,0.1370518253516891,25,28.200516,335.19287,-6.313237,-0.5851830083663518
1477,37.01945980852319,294.3805926840444,0.4802605307767315,0.12987924,0.036941659025171006,25,3512.7236,41056.867,-11.533464,-5.777908382710317
1478,93.3339599812201,293.81871976189905,0.5293718926394717,-0.061779965,-0.13052964228358652,25,290.24115,3380.561,-8.822472,-2.9994789289450168
1479,284.38895505868624,293.4915916469664,0.4440509706234082,-0.21582256,0.015120887783602363,25,102.796745,1342.0887,-7.819453,-1.876949858879823
1480,391.88030484043924,294.38521354070286,0.5233916752844038,-0.08091566,-0.05772058911390592,25,69.53307,863.9207,-7.3411846,-1.3798341673623673
1481,586.4983575434443,293.99040543389515,0.4817877185954406,-0.237061,-0.0273615903341508,25,63.819347,755.90826,-7.1961727,-1.415767436985722
1482,708.8350756402368,294.18652683322125,0.46542671579085215,-0.026310045,0.0395386121265981,25,282.13214,3084.5894,-8.722993,-3.127943006620252
1483,908.7143102055119,294.14867809137445,0.46221616272048766,-0.11347058,0.03901880856629346,25,52.440434,613.4333,-6.9694185,-1.2153382996423194
1484,967.6431821456641,294.026963100416,0.51692954602176,-0.14160277,-0.033846898911520804,25,56.73807,617.0267,-6.97576,-1.2740646911422315
1485,1145.607735498154,293.4732844928485,0.5028404479796968,0.3580511,0.16129307527968573,25,125.7111,1383.2598,-7.852259,-2.190065411593321
1486,570.3720339236851,295.1398569966035,0.49719213647661725,-0.31321406,-0.012560788414503987,25,53.057823,634.15967,-7.0054965,-1.1803020127818165
1487,1269.3473346574197,294.7859637439142,0.4310157528246618,-0.21699339,0.1634427224842787,25,29.171432,329.29996,-6.293979,-0.6904353836247568
1488,1948.1718496254564,294.48280056374546,0.43463549268116886,-0.28051612,0.2566356128062518,25,47.15795,568.6063,-6.8870296,-1.1348861087898072
1489,2018.621055792878,294.8821221504865,0.5212799275768042,-0.16134807,-0.10104324186274795,25,82.00813,893.33765,-7.377539,-1.6994106189829938
1490,822.3163383571828,296.9002917746993,0.4731215120514,0.34087485,0.28339527382042984,25,26.001835,306.1884,-6.2149715,-0.4983300360470988
1491,69.6864541512862,296.8356884912968,0.528124080648489,0.08637301,-0.08359563022717777,25,119.20034,1372.1643,-7.8435154,-2.050090048086401
1492,259.66486748735605,297.0798170716456,0.4874745468986872,-0.120341495,-0.08202221219626818,25,191.14752,2294.337,-8.401643,-2.5726338103536395
1493,273.18030978853994,296.9831688076057,0.4554220022159705,-0.030510435,-0.7064072686587328,25,395.061,5857.332,-9.41925,-3.1044306732939537
1494,327.2713011949094,297.375413101985,0.5004589404298883,0.22890078,0.03109706598069721,25,1487.8984,15945.325,-10.506583,-4.899692648063919
1495,527.8880927008448,297.303508986236,0.45737148169687686,-0.61522573,0.03193344085661035,25,320.38766,4279.8506,-9.078571,-3.1044864313403964
1496,665.3969817110237,296.87551913439506,0.4622139917014542,0.17443427,-0.11412916171099154,25,54.29308,680.9682,-7.082817,-1.20704206891065
1497,784.4357694411951,297.3801575872312,0.4093441982512391,-0.2575581,-0.08615435374080618,25,57.51888,709.9962,-7.1281404,-1.3912814727546858
1498,809.1113055672112,296.60248788621806,0.4564204594721443,-0.18732956,0.04377743899442535,25,82.722595,951.44037,-7.4459543,-1.7323603569020336
1499,245.67546287998186,298.2417851253741,0.4685931519485367,-0.41799808,-0.14846282924223583,25,222.91484,3144.965,-8.74404,-2.5487881107525903
1500,1071.4109600811512,297.8995592276003,0.5131630332957745,-0.19805156,-0.03245999822772827,25,234.00087,2518.2214,-8.502735,-2.8559783621924595
1501,499.29775840592765,299.2927235994794,0.42969040085154225,0.2909021,0.019383593659775485,25,73.43266,987.0757,-7.485876,-1.5139329894597782
1502,640.4048803021384,298.64182698817154,0.5166361162701105,-0.25947845,0.022000823263416378,25,370.00055,4140.4966,-9.042631,-3.285022024713715
1503,766.6021155789988,299.42452862393094,0.7929872993087899,-0.34232247,0.049545417139218506,25,23.861565,234.80663,-5.926776,-0.07389699562406744
1504,1185.0635739719964,298.6552698916154,0.47670369779372734,0.016338814,0.04204345307612402,25,186.90665,1994.3536,-8.249506,-2.697541205072887
1505,1533.070373135273,299.0685472175905,0.610397929962756,-0.2542974,0.16559557043588213,25,54.74102,511.24442,-6.7715716,-1.243643504614946
1506,180.97489290261666,299.68207349733837,0.483631817049685,0.12450961,0.06434926475429167,25,1234.4584,14118.659,-10.374484,-4.637673035894108
1507,198.5066594150885,300.3907628226555,0.5177558421463045,0.28779235,-0.05966055302507745,25,3159.0479,34909.03,-11.357345,-5.663312337003735
1508,649.2754998332213,300.1513537539173,0.45622760532718026,0.14674395,0.05581686422002586,25,215.79225,2591.3538,-8.533817,-2.781167720281818
1509,832.0261429898976,299.9531053253213,0.5070222806085951,-0.11441716,-0.019798185286472203,25,421.358,4358.047,-9.09823,-3.5352955739214966
1510,1396.8010375478023,300.0775890884399,0.45253737141550643,0.04422319,0.0395802556842079,25,57.716274,642.5059,-7.0196924,-1.3916946698117127
1511,57.55289514223206,301.1635376785458,0.5081968176948672,-0.06916517,-0.03235178945462405,25,304.78412,3627.8774,-8.899132,-3.0557904830851372
1512,167.21548121598917,300.86913948512176,0.49650961054294296,-0.09385691,0.06323228836116795,25,151.62082,1761.3613,-8.114621,-2.336198264240706
1513,224.86803421705534,300.6772569341585,0.5308319677674201,0.16072378,0.14169633341356944,25,586.79755,6661.298,-9.558897,-3.7822677219924334
1514,346.0017118295543,300.93275309643207,0.4639424007573712,-0.1052662,0.06655491944874643,25,220.30927,2673.0247,-8.567507,-2.751697824586099
1515,439.49941968471626,300.8451189355429,0.4242875712351967,0.20976825,-0.2219213695610692,25,44.618855,593.21564,-6.9330316,-0.9982823217925496
1516,472.45652126536066,301.32643377875576,0.44418626957663987,0.03571421,-0.20199246581779415,25,170.65402,2130.8125,-8.321363,-2.4554159732738903
1517,1094.2586680387183,300.80708712408887,0.5323051911159649,0.05496571,0.032159059115074856,25,73.56893,788.6463,-7.2422056,-1.5528741780272368
1518,100.55893047603504,302.27987687564314,0.4781866578529566,0.113574214,0.043985276173096235,25,96.68089,1322.4076,-7.8034134,-1.7243707837856954
1519,210.6567755159776,302.2912652561591,0.5150659756890628,-0.16643862,-0.080169595470195,25,1691.079,18376.834,-10.660677,-4.996424069333082
1520,384.11147611229575,301.66306690485203,0.31887169459049325,0.25309494,-0.1392525830982846,25,40.07021,626.4841,-6.992275,-0.9003802044367527
1521,423.9223127940881,301.5425032543815,0.4276656095009974,0.08789245,0.07316703783250508,25,343.32758,3966.8433,-8.996113,-3.363559005594607
1522,756.093115986197,302.40990980705385,0.3943953066787191,0.0012198595,-0.02017722674509087,25,154.50125,1914.9946,-8.20542,-2.4311908796509565
1523,1781.1891264220733,301.94590304600894,0.497652104651119,-0.08995988,0.08604317897184308,25,18.730717,207.8909,-5.794589,-0.10653862219565628
1524,20.889379690891325,302.612539242374,0.46770322220687616,0.1665078,-0.05990014771800533,25,79.95622,1035.5525,-7.53793,-1.546428454311908
1525,520.1759246698247,303.5123430629045,0.46108857439361683,0.051597994,0.08378993294719579,25,43.83208,631.2229,-7.000457,-0.7836612434586472
1526,880.5918965671232,302.50424636257225,0.38987499218238514,0.17017467,0.07585815580725432,25,70.00078,880.9247,-7.3623466,-1.5547213189685263
1527,42.338069257013245,304.1169496792543,0.5316636738747087,-0.010308561,-0.16409965612362148,25,306.7067,4072.8972,-9.024758,-2.9062031973391758
1528,81.28076782828217,303.6952158906644,0.49093615075791386,-0.06612262,-0.04599187012320238,25,355.3569,4298.6226,-9.0833235,-3.2337488267338483
1529,116.80290265440684,304.0627365689084,0.5003431101841227,-0.050945386,-0.06586297119157433,25,196.36948,2277.4744,-8.393634,-2.6030363313771767
1530,298.8589905147422,303.7765782928094,0.48377856220106386,0.12515809,0.06883947888204989,25,3149.58,34573.773,-11.346867,-5.698948447063912
1531,410.3088564598617,304.3681451009937,0.4621269692131263,0.13732676,-0.05700631442820456,25,157.65826,1876.3383,-8.183278,-2.40436114309606
1532,125.91958137353731,305.8119359774958,0.33350976708164987,0.108300425,0.1623375601927166,25,22.761719,366.80005,-6.411073,-0.15513579933069988
1533,241.92119652830732,305.2903881805472,0.4662375802428483,0.22236869,-0.0639325168554731,25,215.98817,2676.902,-8.569081,-2.6941064310690086
1534,606.7676201033095,304.5169855254945,0.44611552228337387,0.1136602,0.05380820879332438,25,186.33168,2188.2913,-8.350263,-2.6336009182739955
1535,674.7093247347392,304.8932469337007,0.4110657685027613,0.10837577,0.17530124704948033,25,46.093018,588.84094,-6.9249954,-1.0531136978050877
1536,869.7237732085565,305.3785830558668,0.3002416987297312,0.10944741,0.01474380447951419,25,16.950382,236.85542,-5.9362082,-0.06550469278778048
1537,1418.9664852255896,305.54363418574127,0.4742290183423431,-0.18817505,0.042063422123638734,25,18.173752,208.84619,-5.7995663,-0.07691788383690687
1538,141.06306222055667,306.2415306274102,0.4811835258401951,-0.06814119,-0.0811172970339427,25,82.068855,1067.8685,-7.5712943,-1.57289119067906
1539,992.4422944208617,306.3545162940611,0.4581411692381152,-0.1441261,-0.0012187504021368087,25,102.08548,1210.3956,-7.7073183,-1.9356237780279573
1540,1017.6440832435337,305.88293084578146,0.5206893552106192,0.061528616,-0.002993605497162618,25,39.038193,423.36862,-6.566797,-0.875317112989728
1541,561.7251604838617,306.99954247734144,0.4875588127085318,0.013556024,-0.07491977855465806,25,181.61446,1962.574,-8.232065,-2.6366222884335615
1542,585.5036398347798,306.99289659126845,0.44285277370913134,-0.06790284,-0.010440974931417863,25,244.57307,2946.5632,-8.673289,-2.94894242678006
1543,626.9913294763379,306.64261190728837,0.4632270679286875,-0.08694266,0.1350001117652317,25,286.00885,3265.3403,-8.784821,-3.104528591150804
1544,1224.371045036056,307.35621212250095,0.4795870058239451,0.20117709,0.05163929311438015,25,62.678677,694.88916,-7.104789,-1.4533788779896266
1545,4.7860829320027785,307.50858048503005,0.4590539769864063,0.110698424,-0.016871963661957985,25,97.71497,1329.0731,-7.808872,-1.7664746991025155
1546,149.9848691627424,307.6351653872701,0.478716949652413,0.6353346,-0.23649377360003143,25,287.1747,4289.8486,-9.081105,-2.763269712803187
1547,529.3321758222662,308.53744169371186,0.4962839988468639,0.21310334,0.10794000758862576,25,239.37567,2710.3633,-8.582569,-2.8696167344567645
1548,701.1339114380636,308.67111257438864,0.3575875404741209,-0.15832208,0.23183209473538458,25,27.310467,345.4621,-6.346001,-0.6888451977288794
1549,842.6580037042397,307.88616645734413,0.44840268806650685,0.036179207,-0.09649930849876133,25,54.773716,646.5856,-7.026565,-1.2885808311669658
1550,1204.3386744561358,308.3040430446552,0.527195764677918,0.19966662,0.024062346336678184,25,457.15552,4904.5723,-9.226502,-3.580598524140495
1551,267.6280720093927,309.4656688751595,0.4785735616957823,-0.20619568,0.02753454722525233,25,426.2808,5247.5923,-9.2999,-3.444691495347242
1552,63.106048413954305,310.30956496933106,0.44262455859771194,0.17249818,-0.0038729058603316963,25,97.896835,1290.0079,-7.7764807,-1.8254668751497412
1553,309.3182120808458,309.53294017009415,0.513254785900318,-0.077144176,-0.009311066360380971,25,270.28293,3217.5813,-8.768824,-2.914029540706149
1554,389.79273750440956,309.6323984754282,0.4617486081085956,0.16644248,-0.027064303420691094,25,136.90298,1698.9855,-8.075474,-2.2160931859261783
1555,451.09794829853354,310.1637931246838,0.4794018960010075,-0.0045855413,0.027128613343361984,25,240.78127,2666.658,-8.5649185,-2.91797696077741
1556,482.16453167266076,309.78698513048124,0.39953662141780083,-0.080379725,0.12617916070497834,25,27.880924,398.83746,-6.50199,-0.315667402113955
1557,510.81826409347065,310.0205314112217,0.4448393096881363,-0.12910089,0.0486785910353485,25,53.910484,680.22217,-7.0816274,-1.2143564956647344
1558,966.4296464758313,310.5440355510984,0.5322484921019042,-0.3529848,0.05345656920819959,25,43.4674,485.98514,-6.7165575,-0.9610940850451516
1559,1058.87086292237,309.9848434458154,0.546240461337492,-0.037613943,0.09288399618618291,25,231.95822,2333.9163,-8.420214,-2.857692372487635
1560,1427.842955303472,310.09053568612495,0.545050468345769,-0.020478701,0.038376423093877815,25,764.199,7852.6006,-9.737534,-4.146334637294563
1561,181.08007875691507,310.9860534046123,0.48888974748569997,0.13126911,0.10778223772856343,25,200.63466,2608.9058,-8.541146,-2.547221018673718
1562,223.78742920360926,311.51306127803593,0.47257811626933816,0.048786797,0.07464052607828783,25,2141.7124,24755.715,-10.984188,-5.258413879767078
1563,256.7276268392347,311.0067623864067,0.43788527583508924,-0.010448249,0.04819147016823939,25,87.0502,1130.482,-7.633159,-1.7060789157667167
1564,18.36204963551394,311.74127475261776,0.40792877079887674,0.3033847,-0.19892297995131641,25,86.18004,1267.0848,-7.7570143,-1.5949008657194905
1565,33.307427292262496,312.1519843702686,0.4954953863653409,0.24043822,-0.028525628534067565,25,469.8709,6115.961,-9.466162,-3.4738812090932125
1566,360.7146630736039,311.9320155314884,0.4961048302882925,-0.0659258,-0.07324944296501017,25,495.29208,5449.064,-9.340805,-3.6885440067560307
1567,98.30395200352166,312.91456106025703,0.46622760005118646,-0.033310026,-0.025312657371071,25,4240.97,48057.89,-11.7044115,-6.035207797912063
1568,170.82790909928866,313.6084920954757,0.5071384227807518,-0.089365974,0.262831855698073,25,163.51524,2063.0476,-8.286273,-2.327850551873028
1569,442.7459992867215,313.58597002954417,0.5009489625514248,-0.15888284,-0.2295081609626773,25,20.108196,268.56833,-6.0726366,-0.047294103512690505
1570,493.51762904558063,313.1623751282778,0.47452073961677066,-0.029964482,-0.03329938365195525,25,398.94464,4537.593,-9.142064,-3.448387451093229
1571,792.0974274970566,313.03214296764975,0.5150935216784756,-0.09588554,-0.026773322727891364,25,399.06985,4036.4167,-9.01499,-3.497582804985127
1572,1110.4250523057888,312.57467382644705,0.42159948463951497,-0.103329234,-0.007683568616492177,25,21.347431,249.5724,-5.9929914,-0.3749687759646354
1573,76.60375332300977,313.6335670760729,0.4513167797808386,0.113861084,-0.1425334875158746,25,155.12279,2020.5422,-8.26367,-2.2988641853722136
1574,887.9587115918629,313.49031775215155,0.3908588346228786,-0.1405103,0.1079613827410895,25,22.714798,290.11978,-6.1564436,-0.3815651298671079
1575,1234.1010628779293,313.6986530782529,0.48572729427598815,-0.0041755815,0.016615383388153875,25,157.51945,1687.6158,-8.068184,-2.4592414545313246
1576,136.7335998013075,315.4377147135629,0.5324168985500272,0.34999278,-0.14581921872835876,25,242.01546,2902.8132,-8.657047,-2.7597828393707853
1577,146.35645544597364,314.7343194757947,0.495072856670121,-0.15612034,-0.10040068857184369,25,328.2636,3880.0522,-8.972094,-3.157943896890041
1578,343.50673345466606,314.98819913933403,0.4860044006429291,-0.11184498,-0.11619664276662334,25,218.08461,2487.0066,-8.489192,-2.7721163159188364
1579,414.24843493991375,314.7592211769801,0.4572112752961353,-0.4089396,-0.2894308862332947,25,24.76538,342.81607,-6.3376527,-0.3285431614021921
1580,589.3248081346024,314.8318045045596,0.47527060263959364,-0.12304989,0.002609770802633257,25,1197.8661,12910.547,-10.277362,-4.688819595073925
1581,759.1009234572261,314.94704558824714,0.49117102377629696,-0.1374424,0.040040703636688824,25,252.865,2663.605,-8.563675,-2.9873272107894118
1582,898.88015835174,315.4027595954512,0.4728301789382032,0.13155992,0.05181662071056476,25,31.050007,361.9133,-6.396511,-0.686695162306329
1583,1008.606561247332,314.8475066378666,0.494994300698087,-0.0398436,0.020206094678620803,25,24.572834,286.75266,-6.1437683,-0.34738223048957173
1584,161.48893313516075,315.80293421413353,0.4410739730472137,0.047824554,-0.09337958272047277,25,246.46913,3149.1006,-8.745466,-2.848295050324169
1585,401.5979880884438,316.12859237447606,0.4452754585868848,-0.035833776,0.06581311329875143,25,366.97183,4439.452,-9.118323,-3.3365493334825906
1586,456.5019623345551,316.22075537905795,0.4823024043140654,-0.34468648,-0.16888075511448583,25,215.81972,2505.7688,-8.497353,-2.7520789615857915
1587,670.4399879360617,316.1681724074869,0.4797908972278934,-0.10829774,-0.05644365221009787,25,111.24461,1278.1842,-7.7664833,-2.038286348763018
1588,1336.726568918864,316.1648416287327,0.488825212653625,-0.08037914,0.055745123188600386,25,211.74947,2253.25,-8.382024,-2.812925619032467
1589,117.03733856914195,317.24131823848506,0.5451406671155452,-0.30584398,0.08707408257459007,25,284.17972,3618.4648,-8.896311,-2.866305751254021
1590,297.5078773506931,317.292595700907,0.48200491948324337,-0.6075277,0.24965807853131125,25,57.676235,816.6984,-7.280154,-1.094311974643576
1591,317.9162376376111,317.53694869244765,0.5098548187580669,0.09801621,0.047828068046650137,25,581.4107,6929.172,-9.601704,-3.7631468592608974
1592,688.8831771661955,317.274757210739,0.4375501049928066,-0.71642834,0.10894276868303651,25,33.371815,448.5812,-6.629603,-0.702221509240719
1593,243.2710739294466,317.9994406196228,0.46944109480891705,-0.19718331,-0.17148176255953643,25,213.85173,2900.5125,-8.656187,-2.5767325484569623
1594,286.53211273545725,318.4588462995896,0.447735519661363,-0.37714127,-0.03290637863290649,25,91.79488,1194.2594,-7.6927466,-1.7275535977646195
1595,645.5807597290777,318.0195677595954,0.5421726186048741,-0.06178263,-0.08791831499756785,25,220.12183,2310.8582,-8.409433,-2.7604931166229307
1596,768.3771782184059,317.6861017195489,0.47625095878703794,0.16238254,0.08475229339357028,25,56.673733,694.41064,-7.104041,-1.2837921171467208
1597,1710.573624955996,317.6371520612169,0.4913313038149888,-0.25390413,-0.06956776188812339,25,120.79923,1393.8741,-7.8605585,-2.1084537157017906
1598,1627.5753485586552,318.85535563559614,0.4898377971118618,0.24003775,0.09475704211726826,25,27.839848,318.23706,-6.256877,-0.514036896926635
1599,40.63215038355515,320.7241542594712,0.4628456484890048,-0.07083453,-0.022096917180303467,25,103.67257,1509.4359,-7.9470367,-1.7040237834997973
1600,549.0282414124952,320.3978265466818,0.4704577383472209,0.061186466,0.48062637845787554,25,98.02709,1281.7646,-7.7695208,-1.772038896989435
1601,631.4124637468744,319.7534530941278,0.49793250634848957,-0.347005,-0.029672999969483554,25,114.64196,1270.303,-7.7597685,-2.103212541132024
1602,655.3876908810978,320.17974149036024,0.4838871951986893,-0.19025481,-0.0896637789830466,25,36.980064,460.89023,-6.6589937,-0.7525495903447947
1603,803.4477149251511,320.050737118361,0.4823367959931078,0.048920948,-0.009482936421566371,25,176.53282,2036.9132,-8.272431,-2.5389041987932814
1604,921.2105365244824,319.46064605078163,0.4260879299414711,-0.1559202,0.17505418866317712,25,53.372242,630.437,-6.999104,-1.3734313481797547
1605,1493.1787710145254,319.67763214981926,0.5384552458230865,-0.20813374,0.22009574610275862,25,29.15763,308.75204,-6.224025,-0.5699496780628124
1606,1788.7535159963847,320.18856345134895,0.4528718919512784,-0.06051235,0.027341079225991615,25,41.50224,443.36246,-6.6168976,-1.1120601759264301
1607,57.1151456800172,320.8413707485313,0.47988210706221673,0.042794757,-0.026052865563375185,25,105.04542,1352.5735,-7.8279023,-1.8517451396257196
1608,375.1215244628401,321.18724525736064,0.5301272058705685,0.11295597,0.031903695865774614,25,108.81251,1250.7391,-7.742917,-1.9528540408292856
1609,5.895912391813661,321.62288834266366,0.4488586632890411,0.23680644,0.002840069296518662,25,88.25704,1153.2832,-7.6548395,-1.6799369138110816
1610,84.07625884263186,322.16276385419627,0.4969303339807357,0.31500137,-0.2689743886402531,25,90.66629,1251.2672,-7.7433753,-1.6340917316114643
1611,124.70800262195523,321.58198936820827,0.4912379606427566,0.26425698,-0.03698379168468746,25,165.03671,2065.6614,-8.287648,-2.3351555070518137
1612,176.5264511620483,322.2489959840655,0.5080771185854506,-0.235848,-0.1591609042899103,25,1656.4281,18345.113,-10.6588,-4.962418186216873
1613,262.5166145688514,322.02750081813974,0.47675216736991993,0.2031143,0.08029289242623038,25,89.50254,1250.805,-7.7429743,-1.5769801942938702
1614,392.6237751878337,322.0866194939944,0.46816414481190527,0.1518577,-0.07363647766265576,25,173.68092,2213.873,-8.362882,-2.419916763189267
1615,748.9602295609312,321.7766775094967,0.5036446207273011,0.16388598,-0.02042836592320308,25,202.6795,2316.8616,-8.4122505,-2.664620020459541
1616,14.387378905099226,323.08956009707265,0.4946238486372864,0.04491467,-0.019931183685807263,25,138.79103,1778.0465,-8.124858,-2.1325582062975377
1617,253.50426534175116,323.1898872957198,0.4824034346260985,0.12744594,-0.052385128767991486,25,1191.2676,13321.11,-10.311351,-4.639817191924436
1618,271.67065366545893,322.73998616537455,0.46978256671253255,-0.020822218,0.1095618137442307,25,65.83502,920.7503,-7.4103546,-1.2633288702799645
1619,416.13293992627877,323.5656406850245,0.5025024189527789,0.28224427,0.16735630720813136,25,466.8894,5116.472,-9.272427,-3.6082277170175256
1620,426.5640818464175,323.594709071882,0.4183267722504427,-0.39182556,-0.2754493625580247,25,24.32175,382.57492,-6.456791,-0.07826543567033996
1621,537.8591661588047,322.8241998189048,0.488166937557045,-0.47812328,0.279558423080117,25,85.556625,1139.6273,-7.641907,-1.6216512338564495
1622,1083.9642833712217,323.10084632952146,0.5324843287944958,-0.11340075,-0.05868858652398357,25,159.36821,1639.2482,-8.036612,-2.440534958114658
1623,1102.3819663935146,323.04989812671744,0.49491534868775666,-0.25421122,-0.08863825480098088,25,167.08525,1827.8505,-8.154852,-2.5191367697153293
1624,344.9361156823642,323.65727756238937,0.49573537161258835,0.16415137,0.061027967962637326,25,127.5841,1492.5824,-7.934846,-2.1229758340253198
1625,468.39802818978507,323.9818654722118,0.5324625733793231,-0.18187258,-0.08925136349984522,25,216.23624,2343.5066,-8.424665,-2.7349809973819506
1626,563.5176934204619,323.8569537146712,0.5047537147692638,0.14935637,-0.02611536681996344,25,49.17757,579.3214,-6.907299,-1.0734495676628304
1627,201.03092959068175,324.593296325543,0.42790396180926754,-0.049531,-0.17358259340309048,25,342.62262,4994.6406,-9.246261,-3.0164348047745024
1628,364.79262348061246,325.00417858366114,0.5253957464643425,-0.03989444,0.030283135209755323,25,70.60306,828.3675,-7.295558,-1.4668510668705512
1629,1304.434855656228,325.00803501905756,0.5143465098053382,-0.10137025,-0.11613028517374485,25,23.220688,249.28964,-5.9917603,-0.3621375335003596
1630,950.6167895202342,325.47196903639616,0.3917230860758854,0.34952042,0.10049642037000102,25,286.06387,3497.3894,-8.85936,-3.1945821018187988
1631,1858.482409453644,326.4961057633516,0.4679110511652091,0.16434585,-0.00876561170987514,25,101.20928,1165.7988,-7.666559,-1.9511023648720027
1632,46.64533150198032,326.73649366535466,0.4524185811801796,-0.00168288,-0.04535674088453964,25,416.38834,5339.111,-9.318672,-3.391510566752658
1633,108.00364925532124,327.1950849928093,0.5033270463850661,-0.03382942,-0.06875360483915746,25,2572.9353,28177.943,-11.124773,-5.477997728769207
1634,313.5252884189072,326.34596083743145,0.419351084151457,0.21389885,0.24226622948764823,25,24.712132,370.3662,-6.4215784,-0.1961160191036534
1635,399.3721483865313,326.71478658710527,0.48897843421390536,0.102626875,-0.057870090320837154,25,133.92587,1682.547,-8.064918,-2.1315252382236816
1636,873.1322391560209,326.9167435349322,0.47545123629742725,0.048511025,0.05600552108594754,25,183.33972,2035.954,-8.27192,-2.6348123291453165
1637,155.13754303354017,327.4916138737796,0.4741392015028171,-0.31653988,0.08867422367462846,25,253.48409,3245.919,-8.778344,-2.856183128113114
1638,760.3810716797063,327.82147711108746,0.46782478173027947,-0.02956898,-0.07867373615736993,25,42.65612,531.1418,-6.813026,-0.9163495434854708
1639,1118.8148315388132,328.16206751412903,0.43270514313485803,-0.114067145,-0.1627868172042187,25,20.510159,232.1146,-5.914256,-0.3492851403411043
1640,1144.152642421316,327.6158714692796,0.4500926814477263,-0.096576035,0.026566386492631516,25,31.463215,337.514,-6.3207293,-0.7634899293654873
1641,61.994693183355935,328.6308671586083,0.4447048762235996,-0.036784276,-0.011477981925452713,25,756.05304,8820.683,-9.863756,-4.172864046073005
1642,234.11490056449907,329.1879308579502,0.48327972611812087,-0.20873454,0.13662572415779717,25,151.08104,2129.8596,-8.320877,-2.1209405466969473
1643,492.475807304561,328.80212680917555,0.4987459372353147,-0.2608919,-0.06469467174639502,25,263.73785,3200.2544,-8.762961,-2.9285962030343224
1644,588.2345693647603,329.1355048688064,0.4944003997464348,0.014072793,0.009549222006259099,25,405.7767,4352.867,-9.096938,-3.4910117661901454
1645,18.62182124012065,330.5892734472591,0.4941426979266544,-0.24162115,0.03768726155767822,25,286.12878,3814.8997,-8.953708,-2.8975830242846596
1646,32.70591480519256,329.0871847948412,0.4412247505192644,0.38443887,0.18767292009813316,25,94.90679,1349.4609,-7.825401,-1.6964703816386009
1647,133.44913345623402,330.317720873397,0.533566638224719,0.11443072,0.031016792185019973,25,882.64136,10417.884,-10.044449,-4.174158086361028
1648,221.95120961778906,329.92237812698176,0.47955828425193486,0.05853526,-0.09194336092116334,25,159.57195,2028.44,-8.267906,-2.3401427919759765
1649,328.12911817540885,330.06831672701793,0.476254038275121,-0.012585748,-0.03314408473072526,25,397.7076,4295.434,-9.082518,-3.4967253272198584
1650,1250.9753746511317,330.4001567394053,0.5751581284350379,-0.119983025,0.08332695677870176,25,334.81577,3456.8386,-8.846698,-3.1914791824253856
1651,162.72171475489432,330.9417129853172,0.5217969620896739,0.26940694,0.019803280391846038,25,318.30365,4292.4365,-9.081759,-2.895958218544434
1652,271.27011293119904,331.4293089562738,0.5146283649222035,0.25844052,0.052522347620186684,25,295.76562,3357.2153,-8.814948,-3.0587474909217156
1653,689.6091754798152,330.81805480984883,0.4506404642637451,-0.28822905,-0.131233006760045,25,96.76114,1144.1406,-7.6461983,-1.901263904899031
1654,813.6492211785161,331.1273265868314,0.49249518152578137,-0.16313459,-0.022043838530409195,25,173.90454,1913.9164,-8.204807,-2.556475158398342
1655,1316.1233417517963,330.92520961475077,0.5201437130019105,0.010990999,0.026534786909710558,25,1095.8297,11513.855,-10.153051,-4.547431775890811
1656,1914.1247932281328,331.0525076798846,0.49578762814385413,-0.1604725,-0.16589436864357368,25,72.63992,780.8902,-7.231475,-1.6083019037917738
1657,521.0562804003165,332.06961736119536,0.5194564609197211,-0.048609663,-0.0016592160978777925,25,1089.82,11158.706,-10.119034,-4.565963879466492
1658,554.8733194747991,331.56403106680773,0.5058204454571067,0.06680366,0.11450266738482498,25,80.66006,931.7611,-7.4232616,-1.6459887506212845
1659,696.9432235212588,331.7582456720676,0.49080308908565473,-0.1876444,-0.009117148219704115,25,166.26208,1804.7418,-8.141038,-2.5275007141155754
1660,1.3346102637005264,332.7993582285366,0.4246341375596397,0.7131367,0.656163901741435,25,19.49279,239.06754,-5.9463015,-0.16550828833440523
1661,71.07929519221356,332.7687849692417,0.4533116477972985,-0.08554173,-0.08820341115973823,25,179.87207,2172.1409,-8.34222,-2.551968152862274
1662,283.00751830061665,332.8960064735085,0.48278717497532375,0.06828735,-0.002433583336763945,25,120.1195,1437.1528,-7.8937573,-2.0829231394018786
1663,670.5876004631084,333.0691230646647,0.3883325151859683,0.04466311,-0.04927905375121249,25,20.103027,268.34247,-6.071724,-0.16608179202265347
1664,835.9847398746915,333.1895304520717,0.38335539478479624,-0.15165721,-0.37913040709407714,25,56.32799,828.108,-7.2952175,-1.13898840563763
1665,1770.3429193262407,333.1337220726772,0.5712743525451136,-0.07927932,-0.09268350349585738,25,266.42017,2655.1704,-8.56023,-2.9961342851755153
1666,363.4053838253999,333.9127521655771,0.5083874479713725,-0.08238093,-0.05342613849287178,25,374.67786,4126.1323,-9.038857,-3.3607956569700557
1667,439.896579117059,333.90552806851116,0.4587439843951742,0.15932733,-0.1752406212982101,25,281.23767,3439.9307,-8.841373,-3.0376840613958898
1668,534.4600857877077,333.81793251516996,0.4900351852656667,0.13141596,0.009310361835304221,25,93.97751,1204.6554,-7.702157,-1.7027210643680015
1669,777.500023987467,333.64035744900576,0.4828472625504757,0.14716095,-0.021041364373947807,25,486.42767,5371.1797,-9.325174,-3.6853482802681325
1670,477.2722725914467,335.2931712360015,0.4867468018015964,-0.051059205,0.0018228194818012953,25,54.951256,639.5867,-7.0147486,-1.251766390206467
1671,613.8991461242301,334.53527001395247,0.4881243320892497,0.031383146,0.1831460497727184,25,1275.5011,13825.46,-10.351698,-4.7248191746955195
1672,827.5604137780598,334.93271894336976,0.4859088501020123,-0.35502094,-0.05956095212581084,25,54.1486,644.99677,-7.0238934,-1.215781827419863
1673,876.0902889617345,334.8204918443707,0.488382887336285,-0.057285666,0.08614225137073162,25,105.98542,1197.1877,-7.6954055,-2.0076848006199675
1674,961.7790634528131,334.58281154237505,0.4747266497624974,0.1266311,0.06619728045601075,25,4037.0183,43998.02,-11.6085825,-5.998882035505869
1675,1462.5328752444284,334.9089598213566,0.48293900589195077,-0.14186147,-0.08280857467229344,25,86.52383,965.1546,-7.4614925,-1.7879644941894641
1676,188.24980373437796,336.570035715095,0.46448378790371714,0.26321784,0.03753634705399127,25,75.32728,992.23676,-7.4915385,-1.4903793975124606
1677,420.2056170707321,336.21209277147443,0.47810849098738595,-0.116877116,0.13814379479602204,25,63.280666,785.8802,-7.238391,-1.3555527217511054
1678,603.6140683884173,335.74524248218273,0.5073596850832295,0.18035235,-0.11533899952161808,25,70.44103,892.65326,-7.376707,-1.4682631648786741
1679,842.614477215207,335.7960924091312,0.455667788713474,0.030886073,-0.057617570385674416,25,126.59046,1466.4546,-7.9156713,-2.2141981630021075
1680,45.449527156757725,337.2437991199844,0.44692357294131496,0.0852847,-0.024315643067338383,25,580.2462,7263.3164,-9.652838,-3.811565983852667
1681,92.27136654094777,337.23528200111775,0.5250383290104081,0.05989163,0.01748723417103371,25,285.91705,3385.631,-8.8241,-2.975470509709572
1682,123.50122687799424,337.2225518408087,0.42384544139394237,0.1340465,-0.30661323589334855,25,63.55569,969.45654,-7.466321,-1.1511935282893515
1683,352.9350019906248,336.8638852968059,0.4787878677252804,0.07753877,-0.046973117721300854,25,63.187008,813.10675,-7.275369,-1.3342003850999726
1684,634.8178531388269,336.5737482890601,0.5029976326659268,0.22158284,0.09455205952739089,25,210.48586,2391.5786,-8.446712,-2.6978115064481494
1685,291.87671895135526,337.6479489140216,0.4197122478511834,-0.038254317,0.08673669806592195,25,95.21385,1193.8005,-7.6923294,-1.9149576646904998
1686,394.5833741813203,338.2796175382541,0.4766790882126479,-0.19237912,-0.07099020640768507,25,89.52813,1074.1733,-7.577686,-1.767066087999357
1687,465.4378919434623,338.1364182334061,0.475965465019418,-0.089458436,-0.11646987336686243,25,124.617805,1451.8776,-7.904825,-2.1473422481953612
1688,576.8567753671267,337.6963899749808,0.45676803699993773,0.07669766,-0.0018130358262954482,25,216.06358,2458.0696,-8.476485,-2.7979847433191454
1689,728.5495516000375,337.9411048082658,0.47825847049839826,-0.0030128588,-0.04714174471488646,25,405.68588,4329.551,-9.091107,-3.5428994801257345
1690,889.7765249723886,337.8337701968962,0.46140327627036626,-0.09344564,-0.06220112557899459,25,763.04865,7899.458,-9.743994,-4.300019188631107
1691,951.6524896001516,337.55886892476093,0.4865689042960572,0.31754336,-0.06146617166982282,25,76.54526,1013.0258,-7.5140514,-1.4878453483050396
1692,1197.9173069290275,338.33113098989475,0.4785244337599974,0.06217689,0.1199456963839687,25,65.84571,715.4238,-7.136409,-1.5091419187259403
1693,1889.0104231368055,337.8239155077191,0.5350276089342334,-0.07410162,0.11094638716406317,25,63.24162,662.82764,-7.0535016,-1.4318434255087524
1694,2032.9947793774104,338.4244621921727,0.4926115053561756,-0.041483667,0.10150130276298219,25,57.825047,624.5386,-6.988898,-1.378870250288875
1695,222.8281794740958,339.63462719342346,0.430045140036094,-0.8375851,0.003983578540578789,25,200.97499,3072.9238,-8.71888,-2.4190453167583144
1696,305.55490951201347,339.247809817082,0.4670321250195965,0.39128587,0.03509088516109249,25,141.72052,1887.2207,-8.189556,-2.1639080008307694
1697,405.5536785377257,339.3867118242524,0.487608475735819,0.27239326,-0.025998976578072708,25,56.846447,735.4938,-7.1664476,-1.1341595826524538
1698,767.7626624479494,339.9423281987578,0.39868311122612676,0.20727003,-0.030548185443122943,25,65.427055,975.09503,-7.4726176,-1.287369971007837
1699,932.5955220089616,338.76491116032537,0.4521089922557028,0.020076832,-0.3576279059766449,25,194.54227,2530.645,-8.508078,-2.545076245254248
1700,1.889108100198284,339.778474813749,0.23488997211220736,0.25307372,0.021524514085590963,25,23.696766,393.0682,-6.48617,-0.251607427372189
1701,909.2535299124828,340.10553676321257,0.4880601955938666,-0.06483086,-0.011591306344293317,25,236.8671,2611.1565,-8.542082,-2.9013084558789215
1702,990.8077102874531,340.35856756610997,0.4863533758527051,-0.054045722,-0.10398076028846195,25,147.66576,1754.6226,-8.110459,-2.3292022165149358
1703,1233.9400201531141,339.83696185091895,0.5395986990839678,0.12437519,0.03798796189534283,25,340.66263,3351.293,-8.81303,-3.3026895400109746
1704,214.61982405931775,342.0616127782567,0.4322642433331362,0.44916564,0.5910707772339135,25,85.93945,1401.899,-7.866792,-1.3310352023925707
1705,259.9150778591727,340.9788566719568,0.4977335649453524,0.012760709,-0.0006769222881855367,25,1194.5128,12817.65,-10.269522,-4.657158347851708
1706,374.09232336081897,341.33179591093574,0.5269696446271929,-0.09532455,0.16168024873023107,25,264.6477,3029.6487,-8.703481,-2.915165565880372
1707,542.5119817800733,340.72125758902433,0.485936806393353,-0.16344011,-0.052191166369838116,25,174.42728,2053.7803,-8.281384,-2.4902412593967167
1708,832.3255073394952,340.91972506736835,0.5164461723166659,-0.031182336,0.008840891395138082,25,173.92528,1854.4319,-8.170527,-2.540076672057954
1709,1102.7205366933629,341.3231252725336,0.5422036991520007,-0.12506273,0.051283616802454995,25,156.17772,1598.7893,-8.009478,-2.41777374568438
1710,1213.371945454355,340.94467029729896,0.5790366948158522,-0.25500467,0.1663635090546539,25,28.928314,315.80438,-6.2485456,-0.43021212657653196
1711,1270.8711225330935,340.79414177759645,0.5650359333512368,0.1396408,-0.0010628904725712653,25,48.131138,462.33353,-6.6623883,-1.1772770719891714
1712,1422.061695403611,341.4289502887289,0.5880792232650833,0.12968563,0.07862358901050007,25,70.46993,716.34814,-7.1378107,-1.4905851175103746
1713,54.74960182182168,342.0392271704139,0.47592111744548893,0.13738148,-0.04929717575088507,25,47.31809,678.94476,-7.0795865,-0.8955452509678685
1714,175.4391148390514,342.0106464356792,0.5328706136863113,-0.23703085,0.010979687490379345,25,215.43295,2572.1572,-8.5257435,-2.6347913742964284
1715,238.62658240799595,342.26824476896456,0.49700096247345316,0.14899871,-0.10221593185518178,25,15273.162,171116.11,-13.083227,-7.391657530181785
1716,326.3733748262215,342.3356613733641,0.524143118397189,0.36129513,0.08321596108090687,25,175.783,2084.6174,-8.297566,-2.424972903625675
1717,564.5898216664951,341.5620746531505,0.48046328632874413,-0.49430135,-0.04897131205482641,25,401.30927,4612.3887,-9.159815,-3.4414926490614803
1718,719.2276184317753,341.63196087152306,0.5036768945979333,-0.30611274,0.03121410612527515,25,501.71826,5582.242,-9.367022,-3.6515587800625475
1719,64.53581513597948,343.25121595950225,0.4788148447825576,0.12411238,-0.10113240391998236,25,1360.8446,15794.547,-10.496268,-4.757803790482581
1720,108.04170652316984,342.87605175193875,0.48793189278226295,-0.007058896,-0.09434548127897982,25,553.31714,6231.596,-9.486498,-3.8016398430087825
1721,166.7067807838052,342.66716557041764,0.4544658156726329,0.18161626,0.03657348567624482,25,348.31744,4238.1675,-9.0679455,-3.264141247664032
1722,533.0565816355556,342.4351734624701,0.5307097192320143,0.06647075,0.08012789026587269,25,414.95908,4610.9297,-9.1594715,-3.429162445610807
1723,968.8291118351514,342.7907674668968,0.4287406599625397,-0.18405609,0.013721366399311935,25,86.406136,1070.0862,-7.573547,-1.7992196146388961
1724,1447.9057732966994,343.1125069726747,0.38366889973909835,0.1575786,0.07073960262780674,25,16.69793,191.73386,-5.706747,-0.07879946691931028
1725,15.92084917884435,343.550550305387,0.519565075849401,0.24007311,-0.018052219138398405,25,123.79327,1445.1106,-7.8997526,-2.0782061957635807
1726,184.4368857728674,343.80600730228014,0.44104551331063724,-0.057788774,-0.08927469344147866,25,361.48712,4543.544,-9.143487,-3.2757442526416747
1727,271.8689932545386,343.5045881922761,0.4853282538530404,0.15988676,0.13302409264040754,25,254.52693,3034.3865,-8.705177,-2.8741676405926952
1728,606.8884045188806,344.34615839311795,0.5021324476544211,-0.09777367,0.05846071846593715,25,208.85986,2399.4573,-8.450283,-2.69521390740681
1729,122.70757982801928,345.24535412619474,0.43316377319606153,-0.058775235,-0.016300161304601272,25,189.95267,2368.6829,-8.436268,-2.5909944697320024
1730,1406.1257578310808,344.8020803554578,0.6125762863731896,-0.22666745,-0.09289476354915063,25,30.325237,278.12933,-6.1106167,-0.6123767808371522
1731,351.10320933964584,346.3217177951272,0.46619172180858737,0.12866046,-0.015723455963750237,25,204.12688,2449.5303,-8.472708,-2.690537784762394
1732,510.9834653619368,346.15323866036533,0.5377557718140089,0.02087587,-0.03199321291310701,25,183.90958,2096.7944,-8.303889,-2.5254730307209003
1733,83.6152805644792,346.4630710327073,0.5080275627952396,-0.17855228,-0.26237427882437936,25,222.66473,3053.892,-8.712134,-2.5146161280019115
1734,335.7879731815077,347.25155357755233,0.452297266763081,-0.17501765,0.014811222306782465,25,140.54875,1649.8486,-8.043611,-2.337991021852498
1735,524.284898806848,347.19312238150377,0.49327317509182084,-0.19554508,-0.07396740829961204,25,33.842922,418.54257,-6.554349,-0.6974417164190032
1736,638.4216963874559,346.64832988612096,0.44940340202848833,0.2866114,-0.0008652583176247358,25,142.58064,1718.1406,-8.0876465,-2.2975649783819083
1737,73.88354159822204,348.03290744964875,0.4838453211984597,-0.17578544,-0.03617675828594495,25,1285.6729,15133.946,-10.449881,-4.660230993240838
1738,313.2819332371583,347.7127666506883,0.4646724544235539,-0.081611566,0.038916966029514465,25,2445.5315,27595.188,-11.102084,-5.424224100291993
1739,220.22397396025212,348.9623022014186,0.48691474279565194,-0.061709687,-0.008771735862312157,25,3653.9265,39935.742,-11.503405,-5.869722642703268
1740,250.6912084460509,349.536516366467,0.4411349255624639,-0.37220544,0.29328688940236897,25,271.397,3825.7515,-8.956792,-2.8111163626961226
1741,288.3936525267027,348.7437338405174,0.4257582750637942,-0.9967648,-0.43738989299199993,25,321.893,4566.939,-9.149063,-3.0024209405927946
1742,1005.5829820389908,348.9082144243617,0.467868302196346,-0.24979967,-0.19741055295086993,25,102.63223,1151.957,-7.65359,-2.016774563747993
1743,195.3204833687489,350.2401374460833,0.48434969389791177,-0.25552475,-0.09457061332622488,25,114.29198,1651.5311,-8.044717,-1.7529349358126844
1744,441.498161799323,350.2813594587415,0.5030638664386226,0.20799422,-0.08194349120071052,25,272.33887,3005.4753,-8.694783,-3.019452176351738
1745,366.15617394913613,351.07270144255824,0.455815764485426,0.15202917,-0.08630618675060424,25,279.3515,3399.3884,-8.828502,-3.032019542270678
1746,887.49189039155,350.6306617691136,0.5181326218507742,-0.092593916,-0.15102895965009014,25,22.726852,285.1606,-6.137724,-0.20611113626071814
1747,150.7571518585136,351.8032776822827,0.4656504307469444,0.032998372,0.7017793116039678,25,70.05975,1043.233,-7.5459533,-1.186869047983273
1748,158.4529784507806,352.028326588608,0.4861449465619334,-0.26502076,-0.02167631656295546,25,113.02056,1458.9556,-7.9101048,-1.913099751697572
1749,241.33716161980763,350.44254920490874,0.5178049786203516,-0.31764027,0.40103720439416213,25,211.15556,3146.5745,-8.744595,-2.3938179730723577
1750,375.27674349059066,351.85165413138765,0.4942647062423456,-0.14709465,-0.006213457572178248,25,114.4441,1382.5493,-7.8517013,-1.9973661039851953
1751,867.7327986557618,351.9808897801575,0.4887444755119938,-0.17459251,-0.04185297284540948,25,532.25824,5623.9126,-9.375096,-3.8037430087060526
1752,932.3417795093982,352.21313768491666,0.4183578651939153,0.16693097,0.13195897186499705,25,60.581257,730.843,-7.15956,-1.4435686892779382
1753,202.86640911008675,352.9800757801904,0.4744763877915373,-0.048552714,-0.19786775914664828,25,446.41077,5206.9263,-9.291453,-3.561597572691253
1754,477.7874348633296,352.7190514634968,0.5060833293458118,0.17321865,0.09014236034352072,25,307.76245,3417.7175,-8.834341,-3.1436513790301834
1755,678.9783280118648,352.66264395977765,0.505237452331571,0.025044858,0.13582631778490886,25,2341.7766,24294.213,-10.963757,-5.397619419816043
1756,60.25262994811855,353.83651326502786,0.4102628969305693,-0.06039573,-0.07182892677461067,25,100.804634,1352.0568,-7.8274875,-1.8798242715983116
1757,134.70863261434343,354.8122292807908,0.4682757861854352,-0.095851965,0.2283203470223981,25,243.19563,3146.0012,-8.744397,-2.788249493648634
1758,485.2373023462291,353.8908238774145,0.4538223561454717,-0.3084802,-0.20516807232371242,25,229.02936,2887.57,-8.651331,-2.7756815579550076
1759,781.534789423393,353.8574801732506,0.4948825919330976,-0.033147793,-0.04356168926013112,25,168.61542,1920.0159,-8.2082615,-2.4723938645708
1760,1374.6001469186053,354.18379889598594,0.4745940948705213,0.16107616,-0.004743973830301976,25,39.273506,413.35394,-6.540805,-1.017368817534955
1761,8.489553650903549,355.60013750622863,0.48807598373254324,0.17677175,-0.017201720012377283,25,322.84387,4039.1328,-9.01572,-3.0956845108979527
1762,29.32403043652968,354.9128597988478,0.5058263796421191,0.7132248,-0.12036731988740272,25,97.01002,1421.5178,-7.8818808,-1.5703748994328492
1763,273.551840840862,354.6843422933916,0.44482505219330953,-0.20700751,0.07356589224763584,25,245.41844,3092.5554,-8.725794,-2.8515694986403473
1764,618.5527001124202,354.7777214052586,0.47044726159225586,-0.25958115,-0.05041106177371047,25,193.26741,2250.5466,-8.38072,-2.6441826307162786
1765,1331.7041348946307,354.74893872710635,0.5152628528057633,0.0736131,0.03396024481600373,25,78.73271,857.24677,-7.3327646,-1.61898895843402
1766,1652.7268744102648,354.56312885229585,0.4238644425620362,0.22387582,0.0578834576576126,25,132.64679,1582.3212,-7.9982367,-2.265928105956623
1767,106.8270247083657,355.7072161403189,0.44982120140580983,0.09402266,-0.009809824595134308,25,274.82004,3410.668,-8.832099,-2.9733106961581255
1768,265.1358620204426,355.41838563028875,0.5083726284929142,-0.021179125,0.25208360494190774,25,309.43982,3809.721,-8.952233,-3.021800659327187
1769,404.6891560312049,355.82410813773913,0.4490960400932414,-0.12464781,0.022092901218875898,25,98.898605,1291.5665,-7.777792,-1.817668343379004
1770,576.2989258080078,356.0892665180838,0.44722467445040626,-0.04125874,-0.023229364270706963,25,386.99496,4382.677,-9.104348,-3.487743742133599
1771,1280.3006174739114,355.6213664669233,0.41849486903837924,-0.31044388,0.041892487842339364,25,28.023666,312.98846,-6.2388206,-0.7077750468351885
1772,1734.6618081087024,356.02422779808614,0.4937378273050686,-0.007276039,-0.15019226423517623,25,187.22368,2122.0579,-8.316893,-2.6310257371691668
1773,1081.049887730082,356.8811631860756,0.5516087610756266,0.038684785,0.06469898333088639,25,270.0896,2768.7437,-8.605707,-2.9956262071007593
1774,1206.4016321032675,356.60438621717265,0.41932199091437133,-0.23905496,0.12544028472999985,25,115.65766,1388.5089,-7.8563714,-2.1277532845211993
1775,234.86163422229092,357.7557256721481,0.4698151908126576,-0.20619947,-0.18301246107195315,25,217.98224,2796.7083,-8.616618,-2.6434623729398976
1776,897.0179968201371,358.031360042243,0.44239260535265007,-0.042291053,-0.006461846483087678,25,137.11206,1561.6779,-7.9839783,-2.3325393000715655
1777,1413.128849433748,358.30978213819986,0.47789178253790815,0.28569734,0.25539963728810716,25,24.482609,264.21744,-6.054904,-0.4536959408254599
1778,555.6692179624866,359.14591825991914,0.439718082754611,-0.082057215,-0.0332837602705482,25,91.07238,1110.7295,-7.614021,-1.8220461812748674
1779,665.4147066584195,360.7208387943407,0.42939498067274917,0.39146268,0.24011479994219512,25,65.37645,1185.4697,-7.684726,-0.859834984297877
1780,747.5798985586986,359.24829053817115,0.5306278833565464,-0.22081034,-0.10357371814132461,25,28.188206,331.59344,-6.301515,-0.47063123383691
1781,755.8993363955553,358.93389944736515,0.49817061584445577,-0.08925681,0.1110737618041226,25,154.09639,1614.7583,-8.020268,-2.4635483275377075
1782,74.3515605704211,360.2008231320644,0.49282024540604147,-0.020942157,-0.03850454723223096,25,357.07004,4107.5356,-9.033954,-3.295588389823216
1783,315.3286185333423,360.2243145899333,0.5163633890927096,0.1203147,-0.0657805777394237,25,305.04214,3646.0923,-8.90457,-3.0160803107504504
1784,329.3176967469861,360.1531951546866,0.5081710942607099,0.0033653704,-0.02324284825222621,25,1455.236,15932.864,-10.505734,-4.846657182789961
1785,459.3640379954225,360.6105777515399,0.4601590233270983,0.30741206,0.10561743143026298,25,116.605415,1432.9424,-7.890572,-2.0664376294470026
1786,514.481067579082,360.1655721966284,0.3913883813818535,-0.026116747,-0.06220664765973593,25,38.86455,504.40063,-6.7569394,-0.9598233921413994
1787,641.6276526255435,360.12585143756326,0.45409053913751973,-0.057711232,-0.028796915509883773,25,52.71091,680.73206,-7.0824404,-1.1671446034217368
1788,1168.124865869787,359.3560347761895,0.4100895409955812,0.08775072,0.04774681530581916,25,27.335148,346.71848,-6.3499427,-0.553905820645766
1789,1240.160943857425,360.11742030717255,0.5344373638921185,0.1042141,-0.021657630144310092,25,238.04172,2398.9875,-8.45007,-2.9181220153570764
1790,23.318496699979303,360.99741793033076,0.5126402337046038,-0.027898563,-0.10806117256118668,25,531.9289,5876.1294,-9.422729,-3.7220275627419057
1791,477.1631238503406,360.8316457544397,0.505259648102087,0.054089036,0.042775043722553745,25,692.7646,7363.5767,-9.667722,-4.043263197630684
1792,125.64458552917208,361.6989732539617,0.4571332071517481,0.17620692,-0.1594100428841913,25,137.28079,1886.924,-8.189386,-2.104663319955897
1793,297.560994738574,361.87176471107836,0.49574358192430323,-0.08920894,0.3120479591656368,25,166.90181,2464.3499,-8.479256,-2.114375739802112
1794,348.46803207244443,361.9161308281356,0.4560533282282173,-0.04584005,-0.12258377718139167,25,369.2322,4324.884,-9.089936,-3.350748009221296
1795,527.973142182692,362.2263238439191,0.4905221619558136,0.04077397,-0.2593674707844719,25,128.23755,1596.9135,-8.0082035,-2.082902538704858
1796,601.3962224743924,360.9219006843278,0.3314796613131733,-0.21390599,0.4127048973260105,25,18.78894,281.38113,-6.1232376,-0.13420024066370026
1797,93.99052759855354,363.1977804545494,0.5132836980706091,0.12769514,0.007987331888859795,25,102.11485,1213.1808,-7.7098136,-1.8593931625723337
1798,136.65560942372846,362.73911571606527,0.4677700834032883,0.06936699,0.06306317437713158,25,314.04987,4075.02,-9.025325,-3.0518673928217694
1799,736.6083752497364,362.80056928145444,0.45428035328991406,0.10840288,0.013066173811238833,25,265.92026,3001.1567,-8.693222,-3.044668080880903
1800,937.7658217247208,362.69118782717226,0.5046159363384524,0.13504635,0.026716528312820256,25,135.07501,1457.4543,-7.9089875,-2.270262644209617
1801,960.1986323453679,363.20718264513636,0.4865124663689407,0.06599404,-0.12283054553976869,25,53.643646,648.0258,-7.0289807,-1.176312917263815
1802,1176.0038071932506,362.603743739951,0.4767258650738885,-0.08458736,0.022146656118444467,25,161.3225,1766.5134,-8.117792,-2.47905977026943
1803,1481.3232918951471,363.51196794092283,0.5443203893329074,0.58388555,0.15263684471276465,25,31.571953,325.68668,-6.282,-0.6840797528604379
1804,160.01567335681563,363.13641976891813,0.3182957861200793,0.31444827,0.18577097372421406,25,20.48864,327.37054,-6.287599,-0.18653821260480888
1805,214.76509716383177,364.33388289677805,0.4789349130773226,-0.10657862,-0.007074439640178779,25,232.03821,2641.606,-8.55467,-2.8656544444874066
1806,111.94507289229485,364.8412582943771,0.4605333125259735,-0.06394817,0.0620200216041061,25,393.99084,4631.4336,-9.1642885,-3.4202330525148605
1807,146.1553380188216,364.60329635156626,0.45736712681823943,-0.021959228,-0.34121465085379044,25,199.51299,2794.6265,-8.615809,-2.4234742719665032
1808,167.92125083178757,364.66883603067515,0.4496823256937858,0.035667844,0.1014473029543869,25,84.32702,1069.9347,-7.573393,-1.6801886209815022
1809,245.11224719480666,364.846702182301,0.4050390481147538,-0.27633315,-0.12830979206429832,25,30.879581,415.36673,-6.5460796,-0.6312475799170825
1810,357.56158322651095,365.38568787475134,0.4692266787339213,0.34613425,0.017411572641694836,25,266.1635,3153.7449,-8.7470665,-2.9714579754200035
1811,490.63658612919744,364.99440010065314,0.49116242678002575,-0.16572496,-0.11473028976393403,25,74.970825,897.0812,-7.382079,-1.5407733029500268
1812,1016.5348760334728,365.41336703028935,0.5310685871091323,-0.09188027,-0.026523843964117222,25,23.120903,257.72867,-6.0279064,-0.27116930709080544
1813,14.661164909793671,365.8786559473312,0.444179928257604,-0.04574438,-0.056608524056433934,25,239.18553,3077.8,-8.720601,-2.8054378357057965
1814,44.552226294165074,366.20019388700007,0.49159863031703505,0.20837006,-0.11110625832514805,25,2960.6692,35539.457,-11.376777,-5.546617932250858
1815,807.3523793189444,366.33842117102284,0.4642876450191061,-0.30627018,-0.07419850057578756,25,104.306816,1273.7028,-7.7626705,-1.9412501980208738
1816,340.5673031001907,367.5389373983901,0.5585494871398755,0.37859255,0.010015609164498658,25,457.8619,5060.7256,-9.260532,-3.491213940449991
1817,396.6994125854404,366.95111217291975,0.6019172069352069,-0.16002099,-0.0952691673089304,25,32.13309,365.29254,-6.4066024,-0.533162285291372
1818,560.6463528519745,367.4735638941056,0.4672914749540961,0.33371177,-0.04901496023363664,25,98.80767,1206.0111,-7.703378,-1.8705226781553064
1819,658.4587888722946,366.85430097615614,0.42361498068480796,-0.18337275,0.0048811066590059285,25,14698.199,171067.89,-13.082922,-7.400234435494342
1820,1379.3847392782288,367.46464144265974,0.47097658609622434,0.048968274,-0.05307981689342245,25,242.0674,2774.4207,-8.60793,-2.91235436212776
1821,1590.0806911516568,366.86286172464736,0.4851388250851912,-0.14670295,0.10763655690192447,25,83.33776,898.5472,-7.383852,-1.79222076689428
1822,1732.1220719752246,367.234423837723,0.5569559875197573,-0.11208325,0.007739735394457506,25,284.73886,2816.2283,-8.62417,-3.0905052296582203
1823,2038.5852487920117,367.1630935752495,0.4687775138686701,-0.041706197,-0.11796174663369435,25,30.613052,335.4651,-6.3141184,-0.7089951268708159
1824,425.06622441091156,367.4802176475941,0.48209119167347547,0.0010047591,0.14605851807891232,25,166.75317,2004.3455,-8.254931,-2.428097798899535
1825,972.1849348009798,367.72951225205423,0.5087540082488543,-0.08259171,-0.010605484870699526,25,2473.2512,26820.605,-11.071172,-5.4454402550335015
1826,1429.4960488878933,367.6041843211265,0.4648176852707225,-0.32021728,-0.05040408874444039,25,284.6065,3242.4558,-8.777185,-3.113883225330198
1827,1808.5601870218188,367.8593680541134,0.4460211885906628,-0.24517861,-0.08319243407708164,25,116.76783,1352.7073,-7.8280096,-2.1408948925796665
1828,746.5310869057009,369.16521760234144,0.47420714737477854,-0.017057696,-0.037686007189647146,25,153.04234,1769.4221,-8.119578,-2.3666090421542436
1829,889.611504309904,369.2435945051352,0.500540709042969,-0.05034785,-0.004360633727236611,25,138.75018,1550.9814,-7.9765167,-2.272770747213124
1830,183.6211992345916,370.89069795234303,0.5089328983950696,0.6153651,0.33406524248604336,25,289.11737,4231.0,-9.066107,-2.723487052269189
1831,313.2964956647514,369.9281670292895,0.4412127810269864,0.034474198,-0.1438614308263125,25,45.415527,589.4241,-6.9260697,-1.0151859444486178
1832,1188.9159219851665,369.90617017588056,0.5529254193642164,-0.12662832,0.1220290193734612,25,56.53062,578.9019,-6.9065123,-1.3028033275953699
1833,1698.8937110042134,370.4150567514098,0.5374011545512645,-0.036122866,0.15810520431007777,25,88.113914,950.6992,-7.4451075,-1.7493911544043694
1834,279.82027064311984,370.5750784396393,0.4639436576391842,0.14821842,0.09864769885913748,25,4368.233,49056.008,-11.726731,-6.069674365877402
1835,304.1441671584308,370.72328669424877,0.4896585913016803,0.07901506,0.09702671498775298,25,103.90229,1227.7856,-7.7228065,-1.922411277974613
1836,455.3450109350804,370.5984102508289,0.48323014554146143,-0.16860381,0.02630550812245829,25,159.76524,1864.4962,-8.176404,-2.4049337438606404
1837,696.2394197689564,371.39427696788687,0.4274779181014466,0.2565113,0.17913871776468812,25,160.12315,1957.5704,-8.229294,-2.4674619104566826
1838,591.8531350308527,371.93671503469875,0.464696117300639,-0.3026168,0.048572415044253386,25,210.97006,2590.033,-8.533263,-2.700547807880337
1839,757.5672722889412,372.4956604726777,0.4379322344082577,-0.18128853,0.09608774002733596,25,120.295204,1497.4072,-7.9383497,-2.0846341444000305
1840,1174.6187370855341,371.8703411654218,0.4007546733714476,0.25588745,0.08320179810181443,25,62.965725,728.45087,-7.1560006,-1.5765963231035394
1841,80.46482227212309,372.9631574882748,0.4881305123814517,0.0110048205,-0.2073949889018687,25,115.38101,1529.2466,-7.961194,-1.892410761322654
1842,204.1830949728351,373.33479531387104,0.46041712568150206,-0.2474272,0.12587326026888804,25,212.34201,2866.9656,-8.643557,-2.6058437232969918
1843,1114.0431625667188,373.13928635155196,0.5646551329313786,-0.099048354,-0.03346199714958704,25,340.17053,3400.8318,-8.828963,-3.2564099479303192
1844,232.02072921576794,373.9629485086411,0.4820218714342271,0.03511457,-0.012611724035482021,25,299.0169,3469.1821,-8.850568,-3.1022816445471895
1845,1254.9637802715283,373.37848857573323,0.4698150714698666,0.095195174,0.17931536235847706,25,154.33426,1708.772,-8.081711,-2.458480659252886
1846,1341.1293824775603,373.8033794286736,0.43461178216105545,-0.14911483,-0.015979058355188952,25,64.94085,747.51434,-7.1840487,-1.5268706819818636
1847,67.47570214236919,375.5512349614121,0.4493938092224739,-0.23893076,-0.025651602338062483,25,278.48895,3555.7517,-8.877329,-2.973792680915059
1848,154.0239557736635,375.2494629647549,0.48752541737043714,-0.10855844,0.00704555358863187,25,64.6413,823.9717,-7.289781,-1.3606129494179353
1849,262.42068009722624,374.63946326438156,0.4915957851537014,0.38432604,-0.354654475377894,25,127.38285,1835.1627,-8.159186,-1.9081046331214768
1850,327.26188891460646,374.4514326306398,0.42468453278347085,-0.018522456,0.033479243056283185,25,127.70539,1664.1234,-8.052963,-2.1397997409013674
1851,474.84301849293195,375.0861026281777,0.4642772787982684,-0.08105016,-0.04840870920791458,25,92.62984,1104.4076,-7.6078234,-1.8114436049360407
1852,584.018885482447,375.1593265453214,0.5473692698373085,-0.2928454,0.156009969384957,25,92.20976,1200.1921,-7.698127,-1.6114719529335342
1853,851.6122670729317,375.2250352570124,0.5094286298748331,-0.23489235,-0.0019233779658666976,25,64709.156,684794.1,-14.5889,-8.98517006256052
1854,123.31297415551933,375.689046336112,0.4660418177899998,-0.49289533,-0.0712609297269091,25,47.60886,671.0389,-7.0668693,-0.8997851350370014
1855,435.54759674271764,376.1323744282744,0.4534372303295118,0.029952347,-0.08717182991228092,25,323.7411,3793.4358,-8.947581,-3.2197155187927926
1856,496.59839570030726,375.93145528238966,0.4690350678212439,-0.0070064547,-0.0179175017912243,25,139.24663,1609.6838,-8.016851,-2.271229913082788
1857,799.1185387943638,376.06867520268247,0.5077954947319476,-0.081116155,0.07046983253719534,25,2785.5012,28589.107,-11.140501,-5.588368358442622
1858,1508.4568025243618,376.22998134597725,0.5257383948239325,0.13848472,-0.021619532451486224,25,47.209965,517.74725,-6.7852945,-1.0629815190379375
1859,296.4528211251484,376.97819765034376,0.4439791889759988,-0.0920514,-0.0526397896556817,25,157.1458,1903.218,-8.198721,-2.4050917225358317
1860,448.58621791411986,376.7241482136419,0.4021287355330022,-0.026988503,-0.015676026269179535,25,61.42264,782.0724,-7.233117,-1.410082663932248
1861,790.8263354329223,376.966900383219,0.4775143789077388,-0.06177214,-0.08231262653210569,25,169.34969,2193.891,-8.353038,-2.380920316930165
1862,1224.4151973934731,376.40835185537514,0.5178926480466093,-0.32466584,0.14576732622480926,25,34.398518,402.8927,-6.5129733,-0.6837942141443745
1863,1520.0397590962025,376.6733165372715,0.4467081287076172,0.061303895,0.18846063458969517,25,73.01711,820.83655,-7.2856417,-1.6580237525587647
1864,1549.047588248239,377.4861722267695,0.5120503660229591,-0.0128898835,0.07307211966369882,25,35.68671,369.43567,-6.418847,-0.8588358137635065
1865,34.5099667460577,378.3920637364042,0.4418408198641503,-0.18119083,-0.09261657562831205,25,252.18483,3180.9187,-8.756381,-2.879439348952113
1866,534.2117330776172,377.6650873211018,0.37768982667113876,-0.14483643,-0.03660567220671735,25,105.654076,1347.372,-7.823719,-2.019271236675261
1867,599.9924208452999,377.67437692207335,0.5060461227802479,0.29791036,0.11252787438565244,25,297.13022,3602.351,-8.891465,-3.0409701936883042
1868,918.3666199897025,378.31705367181866,0.4584994826479282,0.220172,-0.006248452939172214,25,1089.0137,12102.789,-10.207213,-4.596071406051317
1869,44.23870243128239,379.25224407696186,0.47924887758997725,0.5128983,-0.04133879990506594,25,164.73692,2140.6423,-8.32636,-2.3390942276268594
1870,103.0358822207112,378.5947632421385,0.4393314950801002,0.3556565,0.061667157520845325,25,187.82219,2502.2202,-8.495813,-2.4816253225829414
1871,827.0771086175861,380.2609207887783,0.4464137385808689,-0.0368837,0.09019865895475904,25,80.93635,1036.5466,-7.538972,-1.6465226099830723
1872,841.2614406862058,379.15626156888095,0.5098453108007249,0.42315882,-0.14436997740650412,25,184.25995,2944.4958,-8.672527,-2.121906559966783
1873,137.6846073292388,381.58440207087375,0.4292810370650886,-0.10626991,-0.02157702039680817,25,150.61674,1979.2449,-8.241249,-2.2984462352078276
1874,145.2283814823244,380.89354262336394,0.47499600389396784,0.33725363,-0.24401472934100388,25,194.05594,2506.036,-8.497468,-2.5027134640500055
1875,1585.6393655812542,381.346369247649,0.427424888091423,-0.3416126,-0.05273374093667845,25,29.802399,351.73624,-6.365543,-0.625008705726533
1876,84.37260390894572,382.42270400838174,0.4910392069876349,0.21757229,-0.054740411680540134,25,562.6484,6397.746,-9.515067,-3.8076511097721673
1877,343.8294097161992,382.2414537128815,0.491121450381009,0.037784133,-0.037711184263032646,25,169.79099,2049.946,-8.279356,-2.438633749978383
1878,637.763270037497,381.79148408465755,0.4948865903096337,0.027814513,-0.04475862070397999,25,42.493317,494.5335,-6.7354894,-0.9928051370780834
1879,940.4358240233767,382.3745257492726,0.5363268613625861,0.3004329,-0.11009186665351003,25,26.447453,342.86987,-6.3378234,-0.25432002331012415
1880,95.57997055164967,383.41982346867655,0.504315417205202,-0.052270178,-0.5450279582086949,25,169.46255,2681.257,-8.570847,-2.0567971240216902
1881,374.84488270268406,382.8063646658421,0.4597820793800188,0.2114125,0.12089413160232089,25,97.89971,1150.1442,-7.651881,-1.89644740314034
1882,69.34746517141436,384.5453754004002,0.47598528065425805,0.25503856,-0.01711368620612545,25,674.696,7983.0645,-9.7554245,-3.9948981864075064
1883,165.44215466463746,384.05681867305816,0.4792603893716283,-0.060328193,-0.04123673641104817,25,1714.6816,19785.705,-10.740879,-5.0200828959158255
1884,231.27587924044474,383.8827634303056,0.4543876089950084,-0.07596072,0.037926337179276216,25,246.0955,2894.499,-8.653934,-2.9240216009921616
1885,245.3625675184505,384.1376305729928,0.46406293257269243,-0.13081376,-0.1381580770660718,25,35.333668,452.2252,-6.6383867,-0.7818589688077207
1886,419.2400703690158,383.59699288392795,0.4515445272054826,-0.06953176,0.03821733836818194,25,83.264694,1019.64453,-7.521122,-1.6757438624737244
1887,464.3492853356763,383.4928155042147,0.43807857913718395,-0.13773665,0.07384372287552368,25,202.57626,2419.8728,-8.459481,-2.7073105770863903
1888,183.87311053921164,384.30444932095696,0.4879380246615319,0.25065166,0.18636358700493016,25,218.64531,2654.2542,-8.559856,-2.723002584549801
1889,661.2415059670499,385.1451165159781,0.4663562146735806,0.06429848,0.017444968763393732,25,171.7347,1967.859,-8.234985,-2.558916852220781
1890,1025.1591816308917,384.88911928001403,0.4962715594825357,0.07227515,-0.04677135737483377,25,1327.9404,13980.887,-10.363836,-4.799270612527685
1891,1053.4250982091833,384.8643081475917,0.5194394772339124,-0.2037938,-0.11363097994404957,25,198.77849,2122.5352,-8.317138,-2.662687792532692
1892,1175.3288856441268,385.0954577864666,0.4627079321696445,-0.035917066,0.010973502417056972,25,58.383152,636.72125,-7.0098734,-1.4131824054721949
1893,119.28297746469181,385.99175618109507,0.49614285125122454,-0.1694197,-0.1493318195145653,25,58.35918,720.0335,-7.143382,-1.2191780874401519
1894,154.28137132304897,385.2305076132314,0.4860348954024498,-0.1343975,0.25330078685312213,25,442.8505,6220.3022,-9.484529,-3.2806290516261942
1895,357.20233643172827,386.6207094968219,0.5083106727926155,0.20524622,0.07336290939680593,25,233.99788,2760.4104,-8.602434,-2.7786165259611275
1896,453.8261692705457,386.28046578052334,0.3168872711404571,-0.12533952,0.023166741565640043,25,39.96486,539.86664,-6.830716,-1.0354849881987311
1897,519.5086031108839,386.90117582121275,0.4875725499410356,0.115377,-0.15998147286499914,25,42.803936,528.89746,-6.808429,-0.9102915764187267
1898,994.6037411636746,386.5077809436228,0.4499456495749447,0.26403585,0.09186345451099795,25,259.6147,3018.75,-8.699568,-2.990262133143734
1899,1117.3214572660652,386.5651271986992,0.43597420808736975,-0.14243537,0.06810189743606283,25,80.25661,956.48486,-7.4516954,-1.7135976496918155
1900,1137.4362768953877,386.37649255227615,0.46149445639776127,-0.2694072,0.09262217103493398,25,179.42645,2065.313,-8.287465,-2.591185986419051
1901,219.2270465942378,387.9626615330933,0.4864807093922886,0.06166755,-0.003083347714482081,25,712.56635,7809.0723,-9.731499,-4.087048889702735
1902,397.4776871503859,388.3013242268725,0.5205424804074311,0.1751398,-0.13315519088704936,25,66.496635,796.91125,-7.253525,-1.3524450815530997
1903,509.007547217493,387.69237436130845,0.4864603406955224,-0.018650461,0.041728186247631124,25,143.02563,1655.3488,-8.047224,-2.2805159371871957
1904,1638.745713593487,387.89832168658563,0.5791044375890705,0.060478285,0.08562237277380394,25,42.9708,446.48416,-6.624515,-0.9264555869129437
1905,335.09728525741144,389.0323872635394,0.5099346636484491,0.77408713,0.21789699005864688,25,349.72357,4482.0005,-9.128679,-3.1393770498427327
1906,536.4071085780838,389.46890586852805,0.4877926157821098,-0.14191604,0.11652700622619885,25,33.34076,435.1067,-6.5964894,-0.5715794813021947
1907,573.789037464606,389.12268224424855,0.47910250956452355,-0.07288465,0.0451837482210098,25,43730.516,470498.47,-14.181396,-8.58935897957057
1908,686.3804297624587,389.0993002308183,0.4694640885655477,-0.006926055,-0.0057052307037813756,25,320.5455,3661.6357,-8.909188,-3.191947863638431
1909,748.762934602154,389.37521133470824,0.4587422254257826,-0.01292816,0.08523267200980289,25,25.874561,316.0013,-6.2492223,-0.37201012593284866
1910,775.0018955718043,389.4516115234759,0.44566499758411887,0.06359612,0.11859186106418476,25,49.701977,579.7354,-6.9080744,-1.2119556708356667
1911,208.1434331345261,389.7077417677039,0.46170873781169214,0.016925365,0.014281192197024346,25,459.50797,5113.4424,-9.271783,-3.6539572938278386
1912,322.295517755555,390.0114360383479,0.43717998523342744,0.20148014,-0.40673754510358195,25,134.48796,1919.886,-8.208188,-2.0259977658726673
1913,442.7882841857364,389.74044340789965,0.46921620935059644,0.053325206,-0.056419019427253796,25,162.36168,1930.4937,-8.21417,-2.422922022248659
1914,618.8791913216572,389.8757922373196,0.5061846757401599,-0.024879465,0.007122255036057672,25,91.94863,1045.878,-7.5487022,-1.7883282522057762
1915,842.9916796055472,390.4081166198875,0.49107843184991934,-0.022119254,0.07634967085157515,25,507.38635,5934.682,-9.433494,-3.6687523298681546
1916,1237.6561647662156,389.8660759186909,0.43523868362805707,-0.048358362,0.08606081601763023,25,36.512123,418.33893,-6.553821,-0.889907486794508
1917,2003.5766502609993,390.4418503694658,0.582569224409611,-0.17578897,0.2062800197994341,25,36.419292,371.04767,-6.423574,-0.7727801934155852
1918,255.868575723759,390.892033683132,0.4619919968509817,-0.14786628,-0.04200916913330299,25,128.00443,1490.1469,-7.9330726,-2.2033875536484593
1919,301.1893332773986,390.7501805183402,0.45154934155766047,-0.32127932,-0.21010413548571938,25,256.0214,3297.844,-8.795575,-2.8333104305073253
1920,557.8550248458939,390.6047132262794,0.48868530381672476,-0.14107479,-0.07958363275520507,25,60.428997,885.21326,-7.36762,-1.0791063144443238
1921,1221.0587410126495,391.29599968453977,0.4224902461169052,0.056889318,0.14965530030947313,25,18.103031,206.56044,-5.787618,-0.260947174973703
1922,1359.7885969680426,391.02185107441886,0.47194499152385266,-0.03300207,-0.011417297111911947,25,411.4721,4468.4536,-9.125393,-3.522798817364456
1923,12.785602124300661,391.6744744040907,0.47210040100558665,0.20819746,-0.047440092798246264,25,212.65733,2518.028,-8.502651,-2.720950045605632
1924,190.82816253074773,391.744628798857,0.4438563706263928,-0.3834634,0.23100337298159537,25,291.7088,3906.161,-8.979376,-2.9519831938098404
1925,237.7060800059273,392.03135016842845,0.4663714849229671,0.055851012,-0.0112310588660893,25,371.8871,4537.322,-9.141999,-3.3342375738334513
1926,627.320188867185,391.9420636004939,0.4358886316491993,-0.29481062,-0.23457645502981359,25,161.01476,2013.4563,-8.259855,-2.400784966039327
1927,963.8403543601355,391.63075271902244,0.4681610557952244,0.16412848,0.13930811081306563,25,113.91506,1398.5302,-7.8641796,-2.0174611787495853
1928,1982.5212858015263,391.8369246164353,0.4055384474699544,-0.28500792,0.002431736434899782,25,44.868103,542.1563,-6.835311,-1.1038984727150867
1929,110.1867845497797,393.4733520795994,0.5139774525570341,0.10391999,0.04825839137264492,25,396.07507,4637.1865,-9.165636,-3.339181765588524
1930,284.30235867467815,393.15271437168707,0.5123544012673905,0.021727446,0.11098260368320859,25,259.97842,2951.157,-8.674981,-2.920820421177707
1931,387.23841043340184,392.58597032675357,0.5433857199429243,0.14495075,-0.0980497149976305,25,31.958862,400.13257,-6.5055094,-0.5726913022099306
1932,984.3962313152952,392.7704134625937,0.44717614695649144,0.2204575,-0.11218507020159658,25,23.518444,302.21185,-6.2007785,-0.3617160209965784
1933,170.68975343207637,394.16545739366506,0.47414018709198863,-0.26956525,-0.06958082383247463,25,372.3815,4414.8276,-9.112284,-3.346123206224335
1934,417.5221842993484,394.30041266598187,0.43179228872871644,0.008283538,0.09121833871093245,25,66.33706,838.8789,-7.3092484,-1.4618804859980583
1935,426.040912265485,394.2361871642291,0.40011382733008094,0.112801425,-0.052553505369360126,25,108.60226,1313.2383,-7.795859,-2.1013104440133286
1936,583.2941149211186,393.1881029450817,0.4813447380651159,-0.15602964,-0.19393919434684748,25,93.1929,1717.263,-8.087092,-1.0492253165229748
1937,915.3413582264028,394.43939202581265,0.602822485641691,-0.3408554,-0.26538549650981375,25,27.767994,341.2298,-6.3326173,-0.3166230314007934
1938,1295.138877718618,393.94896819634954,0.4661720725748299,-0.12656225,0.05758005960890696,25,36.67748,417.92926,-6.5527573,-0.8697601855377214
1939,1517.3149389887185,394.09248381212825,0.5094331199726717,-0.08704347,0.07750846990172172,25,19.087513,200.64207,-5.756055,-0.051622223416472476
1940,496.85834240840046,394.8816296277775,0.5347375256390002,-0.014482257,0.0057238235311973164,25,74.12125,803.45667,-7.2624063,-1.5720352896426486
1941,883.0451457328662,394.93348967971843,0.47787868294137675,-0.13027939,0.0013928820178144867,25,263.29108,2839.4424,-8.633082,-3.043730981063507
1942,1014.5413702348102,394.62752153466624,0.44402875224520605,0.25822225,-0.058488395310733465,25,118.54019,1421.6678,-7.881995,-2.1205816290563497
1943,370.70454940873003,396.5344907743466,0.47245836922719,-0.33439824,0.03112833552951892,25,67.54593,848.8734,-7.3221073,-1.4399225285349537
1944,722.9823811341826,396.22406906864757,0.5463154320919247,0.18498789,0.4484019189983078,25,19.365208,210.08629,-5.805994,-0.15120978891585557
1945,739.1013814343783,396.12170135755383,0.5408143207355589,-0.79022354,-0.04269443187101766,25,19.882622,211.97461,-5.81571,-0.17087275583547198
1946,1110.6941819473416,396.4707667649079,0.5802798942608498,-0.25507334,0.06596294601851616,25,31.065304,322.90436,-6.272685,-0.6113121111520358
1947,1804.0345058606208,395.35872547122534,0.38179403604762074,0.13236307,0.26386367414326556,25,94.82496,1140.4639,-7.6427035,-1.9927987580823254
1948,520.4836522848486,396.46189400892644,0.3946627915818283,0.12106198,0.025416692282465684,25,54.010124,743.2854,-7.177889,-1.1879501070280591
1949,874.3643584357516,397.44790624982977,0.3503684512546032,-0.07978529,-0.167693281821998,25,19.361618,298.94174,-6.1889668,-0.060647599419627045
1950,1076.369637945704,396.95209608842583,0.46586052004311446,-0.0069889403,0.00986293130213307,25,108.45269,1205.0585,-7.7025204,-2.0628931891722067
1951,70.09183197983158,397.44907691801615,0.4464418118978897,0.1281007,0.12733392914715677,25,113.88461,1500.9327,-7.940903,-1.9719147638454433
1952,127.0600377467329,397.9722101091289,0.49942996993740946,-0.5828519,-0.04252120446033658,25,38.733597,540.7219,-6.832435,-0.6811452274863788
1953,466.3873185833982,397.03738383649784,0.43506978868730783,0.078785755,0.3757033470692689,25,32.670876,483.719,-6.711483,-0.5041234143640522
1954,1897.2767056916723,398.05793399203577,0.49510115855061876,0.048145704,-0.05818257162884441,25,166.0422,1805.652,-8.141585,-2.5032686702600957
1955,247.34492724134333,398.8498492094911,0.48177212165347055,-0.06392249,-0.09923602188804874,25,98.83773,1162.3114,-7.663306,-1.873310126083089
1956,277.39883890017916,398.7509841458259,0.4666319382719592,0.29119837,-0.13354132732051038,25,100.81737,1234.5573,-7.728778,-1.8952822122966269
1957,650.8735321729606,398.9814917087989,0.4954546777224846,0.049254972,0.014832684314483192,25,141.44629,1559.217,-7.9822664,-2.3172771113603567
1958,701.6827598068303,398.8464573454249,0.4843515901881497,0.017996283,0.015666204938297748,25,38.52756,502.16785,-6.752122,-0.7457744978894897
1959,1006.6969842852101,398.6282074954378,0.44803909282820836,0.35051543,0.048599438844872625,25,185.60081,2232.7664,-8.372108,-2.6004687487769034
1960,1312.8976663599117,398.9261124817574,0.48676910484207714,-0.14694788,0.05165161671017649,25,31.208347,333.01486,-6.306159,-0.6586535579688636
1961,315.7941899411331,400.5432595326277,0.5156583872595816,-0.124544606,0.07632492796628297,25,197.2252,2175.2542,-8.343775,-2.662280620864218
1962,344.28341905567254,400.45921022203044,0.5175593521365901,0.14798217,0.1158957677693052,25,259.6123,2964.9087,-8.680028,-2.904587085483283
1963,554.614126980545,399.7007797096759,0.4758431998200778,-0.93004405,-0.5238111965742799,25,22.283936,341.1982,-6.3325167,-0.05521892837530168
1964,603.457014221166,399.64690562128163,0.46955422962744203,0.16000949,-0.04287843855096839,25,141.76286,1658.8763,-8.049535,-2.319699648287225
1965,763.3463407329043,400.59675512372723,0.5068978680704772,0.23950806,0.10177910646694056,25,96.24498,1174.9387,-7.675038,-1.7763784823971938
1966,1036.3468376337164,400.51996378640905,0.4555601197132729,0.18144682,0.02333290462646966,25,245.26999,2822.1655,-8.626456,-2.9391875623423025
1967,102.4422342654858,401.39816421534385,0.48076245152143304,0.4682576,0.16845328727030953,25,1544.0416,20861.508,-10.798364,-4.6967539208838085
1968,362.4989811387482,400.49785504525715,0.4972676037277433,0.3074682,0.03481138881516891,25,112.10655,1323.5824,-7.8043776,-1.9834603805841637
1969,390.67860303253457,401.2605307547192,0.41530020962402997,-0.25124404,-0.03273341106369936,25,106.804794,1297.4487,-7.782726,-2.027116811896655
1970,793.2287597477526,400.74974532755584,0.464571465497387,-0.15500447,0.07300089229999987,25,1910.1019,21226.746,-10.817208,-5.172758780812786
1971,1237.389927958178,400.92228427629016,0.5177470299502237,-0.26190975,-0.028637967385633734,25,41.92826,445.63748,-6.6224546,-0.9799373289626787
1972,58.559316302909544,401.70416016202614,0.45343032736690814,0.4093199,-0.4983476576269826,25,58.613605,870.87494,-7.3498893,-1.051865692071777
1973,144.63292102672762,401.915331608971,0.4442398895544748,-0.08278476,-0.14160404141038405,25,348.86578,4090.1848,-9.029358,-3.3321803968337163
1974,294.7561664114954,401.76393369664817,0.4470704586203939,-0.19852373,0.06457357294414502,25,40.2659,559.1076,-6.8687387,-0.766475694551227
1975,900.6058966686635,401.801748371817,0.42326235091043907,0.0054879957,-0.011463529512231747,25,110.84109,1308.6803,-7.792084,-2.09060783636993
1976,1194.4498811058647,401.782918494421,0.4659101010625129,-0.224977,-0.024508636553510547,25,122.72889,1381.5424,-7.85091,-2.1834479997451397
1977,1954.1857370717678,401.6370013636165,0.5162121995843396,-0.012479906,0.13279657371278797,25,29.734825,336.94604,-6.318901,-0.5541444559339288
1978,92.32389150584336,403.33865430411555,0.5025434127779453,0.13593368,-0.06063818741050855,25,32017.453,349563.9,-13.858816,-8.209060113205343
1979,327.6019111927153,402.23961007199296,0.4322006021203176,-0.35569534,0.10140562784669602,25,58.872105,796.56604,-7.2530546,-1.2689785322151739
1980,114.26014491271624,403.87558149218654,0.4691429220009225,-0.08675014,-0.39024981477888676,25,107.87588,1579.8295,-7.996526,-1.7308180314051285
1981,207.84292275970208,404.3380491971007,0.48840388134061974,-0.07790794,-0.03756807913722179,25,110.19217,1338.8801,-7.816854,-1.9551348874557601
1982,563.8752349207998,403.835880865973,0.4700864712337288,0.0038524417,0.06675067129101771,25,2254.6548,24545.557,-10.974932,-5.372481178788755
1983,594.1014590449535,403.92513571946824,0.4850427334081185,0.079707906,0.044265314578445986,25,184.85031,2090.1128,-8.300425,-2.6021146653135534
1984,813.0658453299617,403.852193342884,0.48320069726820836,0.038365617,0.06994294989201325,25,560.1263,5969.621,-9.439867,-3.8595814641433663
1985,954.4589149215851,403.62457072521755,0.48299236627990577,-0.20764855,0.007230053450033763,25,25545.328,283479.94,-13.631306,-7.965174676656254
1986,42.43281486829465,405.0945507610665,0.512586185666606,-0.3532774,-0.22554752962429625,25,167.72603,2091.7268,-8.301262,-2.3673976826341208
1987,222.2977405280003,405.3669284827499,0.5312287861053653,0.16725124,-0.13763473920493058,25,123.63773,1557.77,-7.9812584,-1.9777288448026042
1988,266.9963515551498,405.0096289437625,0.5121946376254682,0.016615463,0.008090026051867575,25,265.01324,2871.5344,-8.645286,-2.9956465839245174
1989,370.85316116662364,404.6576465866024,0.427835040407764,-0.05868062,0.05376812929748454,25,91.45786,1108.3855,-7.611727,-1.8568390088214972
1990,1374.8806638048059,405.1120250256228,0.48832908671649555,-0.015552708,0.11305352910116825,25,66.46426,696.1873,-7.1068153,-1.565397390095923
1991,1518.8034939256158,404.80507798181304,0.5184591230513426,-0.050412297,0.028629178426724432,25,190.79482,2023.1267,-8.265058,-2.6270485440263744
1992,18.259226778645345,406.6503434736632,0.48669385838829754,0.36987552,0.11213945609693542,25,227.8565,2794.9072,-8.615918,-2.741055076399795
1993,239.1982025930557,406.007963426788,0.46829879309125605,0.13388097,0.060669250814809304,25,108.42959,1664.5769,-8.05326,-1.6405140904602118
1994,617.0373003998945,406.39809812254725,0.4687639594949746,-0.09668822,0.1382243499944566,25,46.362457,565.1595,-6.8804274,-1.0201502303763994
1995,742.9140842794277,405.8075521137132,0.4997125711688504,0.085011184,0.03735999034370173,25,27.173798,314.48785,-6.24401,-0.40450781591253837
1996,29.512016398049415,406.8018963797486,0.4933820682619874,0.2341964,-0.017937493908403466,25,94.998116,1219.2877,-7.7152658,-1.7231944431951356
1997,484.71216255273345,406.358337328831,0.5033705991018922,0.11975662,-0.30164657866961453,25,122.41125,1667.4728,-8.055147,-1.875946659848595
1998,784.950982989803,407.2169656128073,0.5029424137248686,0.2783657,0.0860855557731285,25,34.43025,439.67157,-6.607821,-0.723210623308837
1999,861.9626226988404,406.795013379576,0.49920882799625743,0.06805602,0.010713427066717922,25,546.09906,5714.159,-9.392381,-3.829551171089323
2000,875.9473302270452,407.1701894234515,0.3975008041145642,0.01279698,0.15327349454771708,25,28.88021,400.74445,-6.507169,-0.5445811212217838
2001,1802.0171479247076,406.9046689959688,0.5003053379197064,0.037570335,0.034622901677599065,25,169.78758,1859.9313,-8.173742,-2.499449747199593
2002,8.89742260418888,408.18142268485445,0.4670978211406599,0.055554733,-0.17880692922117947,25,77.242256,986.71265,-7.4854765,-1.55989398341424
2003,184.90270044082376,408.12930423477223,0.49804549345778426,0.1999933,-0.11318536907125713,25,549.0898,6505.2266,-9.533156,-3.720328316715852
2004,801.1880476305955,408.22027981403886,0.4464226944736059,0.41035715,0.2877696537058185,25,94.13204,1278.0867,-7.7664003,-1.6878018829558294
2005,638.9714226377448,409.2837859735682,0.5100355586803044,-0.2848746,0.12911249398085156,25,30.405064,369.26022,-6.418331,-0.5049336308702548
2006,512.8976901085625,410.1997659573535,0.4588912038825115,0.10930575,-0.015061509532257291,25,203.23544,2353.0796,-8.429091,-2.7109975203626773
2007,1187.349340880889,410.9230513173358,0.5078704962309184,0.024559489,0.0027962344468436466,25,156.42531,1622.091,-8.0251875,-2.488709569938983
2008,559.0337339682667,412.48337543312294,0.4539649670487164,0.0102291275,0.14152479923786526,25,127.09046,1646.2543,-8.041243,-2.0949096147097226
2009,683.6529561626041,412.0828172071604,0.44877472899933085,-0.5773929,0.1816600691055592,25,37.63261,501.765,-6.751251,-0.7316061823873985
2010,888.1963544447748,411.52724413953024,0.5602426331754452,-0.10599305,0.1492608907449431,25,37.788197,457.2946,-6.6504903,-0.6620717264859743
2011,1696.2380063034675,412.2640066995301,0.42947331969726604,-0.14755842,0.051557913161812484,25,19.336025,201.10646,-5.758565,-0.2919318171772418
2012,75.1617302337024,413.1658146896686,0.4240710604884329,-0.37939447,-0.7055509857191468,25,241.02231,3464.7651,-8.849184,-2.6361311668514724
2013,410.55687826343785,413.14452696054815,0.4914380813312702,-0.117169745,-0.015355899547079607,25,4066.5554,45123.18,-11.636,-5.959795698898715
2014,1097.967098910722,413.3759914869087,0.41192476463175076,-0.094267696,-0.15358899135643456,25,36.385044,444.72253,-6.620223,-0.8623357252467562
2015,151.0431421644926,414.1675804348345,0.46148309390356534,0.052334975,0.002355940978389541,25,355.5868,4071.4556,-9.024374,-3.3510603594929673
2016,526.7202787031565,414.1349937602857,0.4625043628178153,0.12108968,-0.23024491365763594,25,24.074123,328.5043,-6.2913523,-0.18880997136142785
2017,539.6831971848844,413.0816575915733,0.4557012838056613,0.20675105,0.49182202804179664,25,21.396511,317.48618,-6.2543116,-0.046197245713925576
2018,761.9530448336179,414.48709037975135,0.5267417611397465,-0.07578853,0.10859475591879945,25,113.1393,1264.3242,-7.754646,-2.0175389149585596
2019,1780.129364157601,413.50547647092145,0.4694318460976714,0.086136706,0.16289014807798619,25,84.722336,973.31604,-7.4706345,-1.755726929215994
2020,422.10021100139187,414.86184784416645,0.4920653185605996,-0.020776588,0.017112027258218348,25,404.8423,4537.6895,-9.142087,-3.445447049840202
2021,808.4307150404348,415.1484555244154,0.45526611798678285,0.18081048,0.0443110388368609,25,56.826603,706.1443,-7.1222334,-1.286741543576114
2022,1077.247855182285,415.2024108121556,0.4591881923188907,-0.06698201,-0.0933635200863607,25,33.369648,374.93576,-6.4348927,-0.7908981053824562
2023,123.72984446646264,415.6524678521698,0.5215275551181813,-0.23757331,-0.6534362427973451,25,27.64885,436.6144,-6.6002455,-0.005938047344206617
2024,347.0798226469395,415.64784374245755,0.506725686778741,0.052181635,0.1034229919384127,25,744.88495,8482.706,-9.821337,-4.076873628923404
2025,574.0981669255713,416.2840649979435,0.48212919558286993,0.12604314,0.11671994275540688,25,5953.9883,64126.695,-12.017597,-6.4152002646969555
2026,794.0650760065816,415.50195472265307,0.5195923478018623,-0.13331513,0.03188632332810223,25,61.78143,702.17206,-7.116109,-1.367794047772672
2027,1147.8525654140853,416.2926233656225,0.5512609915490311,-0.2669865,-0.004988841172409102,25,20.471592,212.38144,-5.817791,-0.23290224214435512
2028,326.7370056932031,416.18860395872855,0.2930585766829113,-0.37837481,0.01951307899800458,25,21.676617,319.7999,-6.2621956,-0.4014165082747478
2029,1064.782294580293,417.31009639284287,0.5546039970558362,-0.18602253,-0.036964507728330175,25,132.70845,1348.0968,-7.8243027,-2.225419420038373
2030,183.31625897516975,417.97784016974487,0.4980085402399039,-0.054451138,0.026964964982977506,25,2266.9617,24096.23,-10.954872,-5.367136078996053
2031,617.8775708909593,417.6607905879939,0.49749571615368043,0.09314703,-0.0588324558206233,25,48.03512,552.3275,-6.8554916,-1.1259792756633422
2032,650.0306993862672,417.99368947288974,0.5218083064456369,-0.37528372,-0.06130995791580235,25,42.529087,499.0986,-6.745466,-0.8943357059922847
2033,43.872031342048935,419.20042569845305,0.402806689686551,-0.16240704,-0.20169654719170305,25,58.573795,831.84344,-7.300104,-1.2277207623559785
2034,137.96477834405567,418.3269111448418,0.37015578911505115,0.008207431,0.6217822022497984,25,51.098827,794.526,-7.2502704,-0.9780697612313966
2035,168.48748449223814,419.30268033076226,0.5411126940096235,0.3310263,0.015611635545897002,25,111.39483,1297.7698,-7.782994,-1.9328165202564351
2036,254.73814800375212,419.0121147584329,0.44553780294587975,-0.100038394,-0.16150255415628464,25,41.41443,556.5081,-6.863679,-0.9003047964108386
2037,496.17206616325626,419.04023088416204,0.5065878546006396,0.10788351,-0.02576630615872035,25,367.421,4067.9666,-9.023443,-3.3288290688176585
2038,4.484986451046268,420.31284651597724,0.4970382974487408,0.24956958,-0.04439072705869554,25,1161.4083,13531.3125,-10.32835,-4.536893331643296
2039,226.4303893811231,420.51125225090374,0.5537554067373356,-0.3972476,-0.029919680179131023,25,71.77841,869.04034,-7.3476,-1.3857553489611465
2040,288.870940090321,419.2846785647219,0.43552112520397085,0.07401952,-0.04851065751518903,25,22.31065,340.0783,-6.3289475,-0.010783167139007899
2041,355.09311946619744,419.6122870764333,0.4489511001020072,0.111811526,0.1032741489277642,25,552.7003,6409.254,-9.517019,-3.815877143875399
2042,377.141647560392,420.1285622915107,0.4470060415434014,-0.049594317,-0.0853757853612673,25,93.57913,1150.2336,-7.651965,-1.8269458284046745
2043,389.5929092939207,419.89489148812544,0.4632006219382366,0.00036585922,-0.11714634509159973,25,117.518196,1356.5006,-7.83105,-2.120661057288017
2044,434.8003363441269,419.98928293740767,0.33286316149939316,-0.032527633,0.4293812260703622,25,17.159412,251.70479,-6.0022287,-0.07969856312111087
2045,886.4903810162458,420.16537439818364,0.46531144052743856,0.0029039262,-0.05965003115852619,25,121.606285,1427.32,-7.886303,-2.144585783094372
2046,1172.8464865765768,419.7820599549412,0.46328522898356933,0.16416511,0.09683196979428597,25,112.69162,1248.0098,-7.7405453,-2.108642810885446
2047,17.84735005335251,420.684125612357,0.4836952260518817,0.08939688,0.0006010717375403697,25,6569.545,74188.79,-12.175846,-6.475355431080708
2048,200.11936973159135,421.23144598397204,0.45054788500334586,-0.021896528,-0.07218902234885033,25,67.953606,831.59393,-7.2997785,-1.5231807178350907
2049,269.9922490478698,421.6717255796256,0.471459386744275,-0.2488181,0.06653280150148623,25,124.803474,1623.7024,-8.026266,-2.0509185950557867
2050,369.03935765120957,421.2279364699426,0.44967111585209846,-0.006565811,0.10376197373534772,25,92.40502,1097.4519,-7.6009636,-1.8724360240308542
2051,673.4198149730731,421.28786665963736,0.4410680676222284,-0.060206342,-0.017260909799939675,25,148.8355,1841.6654,-8.163027,-2.341720505343118
2052,84.38114398485784,421.94854484501764,0.5170134951077419,0.33838433,0.03245570445738802,25,299.29926,3746.0312,-8.9339285,-2.981296839716224
2053,278.23986414795934,421.89012812128635,0.529712794795424,-0.393926,0.3578743836776599,25,257.47324,3543.2861,-8.873516,-2.653836221233028
2054,844.681078535463,422.2532235124725,0.5040329383599432,-0.20479101,-0.025508366891771744,25,250.01833,2693.5645,-8.575819,-2.9407135729391287
2055,1311.8822889417759,421.41358081804407,0.450115716035138,0.37388244,0.25237711233620375,25,198.21584,2305.6833,-8.407,-2.692945495962337
2056,1641.7609227978237,421.36482454865654,0.42468364098994793,0.030363798,0.19458399581551744,25,22.149063,247.09871,-5.982176,-0.43223988200776775
2057,1881.1784514843666,421.87187888840003,0.5158675778773488,0.009797122,0.10798831340455695,25,314.19836,3430.775,-8.838481,-3.138583760697033
2058,102.65783913213966,422.8848328272407,0.47803330975544794,-0.006877036,-0.08406890439950972,25,474.62683,5416.19,-9.334234,-3.6153353178482655
2059,236.58917024278065,422.50926782601965,0.4765568297518018,0.24167089,0.09424768224926322,25,43.890125,563.37506,-6.8769937,-0.8990725146158889
2060,515.2622058474356,423.3204137618767,0.45818063960005057,0.18821594,-0.026083183137778475,25,72.267715,826.4567,-7.2930503,-1.6365608966732514
2061,709.5912385244721,422.597441009247,0.47025478153096917,-0.47125107,-0.034570949995467365,25,203.60785,2491.386,-8.491102,-2.6299394286906823
2062,1300.706620696911,422.73377542812904,0.4983570781310635,0.23377593,0.0304086814315153,25,74.16702,803.58185,-7.262575,-1.6136452591979478
2063,332.92004606370773,424.5249795038714,0.46555660815792443,0.025140729,0.1381572570160723,25,117.87474,1379.9742,-7.849677,-2.1156146556546718
2064,557.2107107721032,423.96937930375213,0.4373743314552612,-0.6873251,-0.13969809320808413,25,124.55955,1658.9066,-8.049555,-2.086171145753811
2065,726.4704719791322,423.52793791037504,0.4608513183358746,-0.36768275,0.0724911216064754,25,53.836914,655.29395,-7.04109,-1.1972299138255142
2066,918.5150073786018,424.4791789993132,0.4971797740870988,-0.35827732,0.010800522644907301,25,4586.0596,52112.152,-11.792347,-6.056996109627235
2067,927.5676460125237,423.9511520175081,0.4972099828615477,0.0046928558,-0.11155325207834181,25,321.00073,3776.809,-8.942813,-3.156581935010853
2068,1258.369129166036,424.68414811820253,0.5000515191947821,0.6265749,0.057283367300691036,25,18.537724,180.06989,-5.638603,-0.28446698026527373
2069,1321.232466654921,424.07368012636044,0.372509653199826,0.5929315,0.055181632332143474,25,18.895298,235.6553,-5.930693,-0.25188897509396546
2070,407.09841296753217,424.46748877655494,0.44249558712596554,-0.051918607,0.1825413270135792,25,48.448406,666.919,-7.0601826,-0.9493363595033161
2071,297.4528532545676,425.79400036373306,0.4919212671654931,-0.053707216,0.011630192310736379,25,229.04173,2790.362,-8.614151,-2.758491068130607
2072,419.4948709341015,425.3130852770871,0.4727820527071174,0.2969392,0.14434582477339772,25,69.71107,901.5699,-7.387499,-1.437062871234191
2073,627.114848496093,426.4598062260339,0.4903259174963835,0.11332683,0.06893438067509555,25,403.6455,4410.503,-9.11122,-3.484548946864756
2074,761.7227269636193,426.1133454258152,0.4408613222852217,-0.22892796,-0.03364949087145284,25,43.1409,536.7795,-6.8244896,-0.9958323463700179
2075,1731.3032695337663,425.84080359102654,0.3963368884028271,-0.12675573,0.010954843139172755,25,35.775154,407.80927,-6.526143,-0.9445658211198387
2076,94.17310454744937,426.58329167514466,0.4942176886223122,0.07280026,0.16788532574429246,25,102.1943,1387.3782,-7.855487,-1.7270088605445058
2077,216.29049976154752,427.1906741001783,0.4705053873817991,0.09665246,0.18674779723409834,25,176.54198,2165.1416,-8.3387165,-2.507957642616324
2078,464.9248151738346,427.2872776182846,0.5025293380054039,-0.12331856,-0.16324819131641388,25,34.58785,440.31653,-6.609412,-0.6277025071944473
2079,541.751009012656,427.19963780345773,0.4831873123642263,-0.02429904,-0.08538547407315399,25,273.7479,3162.7712,-8.75017,-3.042146049407336
2080,1179.5613256549593,426.7089192610482,0.4186063275953849,-0.082839265,-0.09254885642997955,25,22.142853,267.6216,-6.068803,-0.3560701295448143
2081,1196.1020576315243,426.9236277744199,0.5405374753904907,0.109039664,-0.03195206517759191,25,719.52106,7307.959,-9.659491,-4.094533784489381
2082,111.38180329695619,427.78693801170954,0.41303405401655946,0.021318318,-0.017257942257879227,25,37.03343,524.4056,-6.799168,-0.7664270594920528
2083,164.2226243793243,428.0020185504463,0.5169809109070493,-0.094208255,-0.43233595424842786,25,202.79129,2665.7356,-8.564543,-2.4805729588288736
2084,478.12672705229994,428.17025818528356,0.43885556338400833,-0.009579077,0.05507346219513961,25,18.236858,242.6395,-5.9624043,-0.05566357400211805
2085,245.94375017986084,428.84958312106005,0.45907091137735706,0.052497104,0.051070167433156274,25,103.658745,1223.1857,-7.718731,-1.9757817667194426
2086,41.18672112668559,430.24897741129854,0.44065719527127295,-0.44328228,-0.6610440994412634,25,156.64519,2323.6902,-8.415445,-2.1321384464471316
2087,350.24577448470575,430.40615976650685,0.4513770215370899,-0.7081234,-0.05053395597782269,25,23.306377,327.65582,-6.2885447,-0.2587247528747773
2088,455.2630907208546,429.8515120893365,0.46504464290516573,-0.037388913,-0.07622487576941285,25,103.01781,1179.2505,-7.679015,-2.0065866837259017
2089,572.8889016624812,430.160864260912,0.45360431924122935,0.30132458,0.03189856980782325,25,101.59325,1353.1477,-7.8283634,-1.8102132888272047
2090,1219.3151588889596,430.1874032908064,0.44442584337465113,0.24704613,0.017929250735451957,25,85.956436,943.7549,-7.437148,-1.8519787616101242
2091,384.6449290330994,430.5791136005911,0.43717411016074437,-0.122652814,0.12889459864001998,25,63.712788,934.7019,-7.4266825,-1.2315580825559436
2092,393.9902390012842,431.0406129042885,0.4853164667547266,-0.23509474,0.106846075884444,25,45.146618,532.19574,-6.8151784,-1.0521696591963894
2093,597.1410099211332,430.40354033154796,0.48438729725441154,-0.02779417,0.1025712087775627,25,119.27067,1380.7776,-7.8503094,-2.102816223568274
2094,654.8380307130593,430.8817567657844,0.4890573233270112,-0.047647364,0.023904887614076706,25,244.90794,2639.3284,-8.553734,-2.9553689465795245
2095,878.9036051711089,430.8644757666007,0.5243737986077812,-0.25264397,-0.11266940711780767,25,31.977715,362.6136,-6.39861,-0.7268677922262683
2096,2026.7379656424516,430.49475084586334,0.35119030228091874,0.10942585,0.3449716147079381,25,14.128301,154.78189,-5.4743004,-0.09575293515470534
2097,64.00866227935762,432.24493533303234,0.49142412791830475,-0.024937497,-0.09081739405049018,25,274.8802,3261.5955,-8.783575,-2.967080539612345
2098,86.40241928011183,432.2486835004885,0.4422742260422963,0.4781349,-0.16180058025831892,25,210.52081,2826.9226,-8.628284,-2.6252160361165675
2099,262.0298874710074,431.7394584847437,0.504879571250773,-0.07425824,0.08636226814905992,25,167.17993,1910.5352,-8.202888,-2.443442187236003
2100,671.4063364796938,432.3776763589768,0.46788314446691814,-0.4083337,-0.05725790086757035,25,5901.614,67136.266,-12.067393,-6.384436343607341
2101,816.9864364527779,432.5860609137545,0.4765953593156082,0.0016133677,0.10597411867532155,25,194.64217,2179.866,-8.346074,-2.6976693760557913
2102,935.2249724872177,432.1233601074376,0.4603277685291384,0.03701307,0.005957484745461241,25,160.18175,1895.2961,-8.194193,-2.4423488889799345
2103,1394.2678975127324,432.33766923302056,0.5727250807684815,0.22708514,-0.048420150764294734,25,339.56207,3458.7812,-8.847307,-3.2313946074798974
2104,126.23949988737023,433.6999981409051,0.6472853364958792,0.53173786,0.3630547085029875,25,55.137867,760.2803,-7.2024345,-0.85275041960531
2105,184.05052852642837,433.4365731029006,0.48815962551261305,0.25845402,0.08738636869827371,25,58.595493,730.53534,-7.1591034,-1.246254893068412
2106,1928.99954306367,433.3056619058282,0.5356934366361478,0.035404004,0.09123974759356539,25,165.17754,1775.6494,-8.123393,-2.441376210105542
2107,19.439242087685518,433.81859961037173,0.5009412740525367,0.15886839,-0.23028017928587283,25,312.94904,4008.4329,-9.007437,-3.050110348626821
2108,403.5645410307508,434.0629765046659,0.45096820646352814,0.04962894,-0.1613853313147818,25,65.94609,804.5379,-7.263866,-1.4638177168238253
2109,1572.4853723456845,433.7984260261765,0.4568188984695914,-0.4059233,-0.1434631136461801,25,51.8507,584.9026,-6.9177094,-1.2622262885072921
2110,326.561439116884,434.64988600883794,0.46832866729759454,-0.37883258,-0.09004463674680363,25,162.85599,1926.7482,-8.212062,-2.4361473689809503
2111,340.61227842173963,434.94458074966906,0.46280351963806654,0.096578486,-0.008817877354201906,25,43.68025,574.7425,-6.8986835,-0.8990408704984705
2112,898.5400803728171,434.982251834005,0.4723121509324255,-0.21715455,-0.06334586797716155,25,101.68126,1182.8456,-7.6823196,-1.9481551518695819
2113,1127.3337205799967,435.01209931097634,0.5248618451285937,-0.14167258,0.08674709822628804,25,86.8661,972.97455,-7.470254,-1.7162886463422722
2114,1660.843401821519,434.79001475088745,0.5734439429381546,-0.0018193058,-0.0025453912529964855,25,110.17514,1073.0962,-7.5765967,-2.047403257032216
2115,235.61685645748295,436.32588130724014,0.4738665785290761,-0.18410726,-0.1459653861341797,25,274.8506,3244.7202,-8.777944,-2.9942124083760597
2116,533.6072469552081,436.05776696958657,0.4765731167653146,-0.056035075,-0.07511207190829289,25,151.53246,1727.1298,-8.093312,-2.399783443430104
2117,759.3899930146017,435.6877530935828,0.4508758621008043,0.17651425,-0.06712233680924388,25,316.3065,3654.749,-8.907145,-3.228978971425875
2118,1494.0579379737146,435.5071021979649,0.44025389084060984,-0.041669156,0.13416074152699442,25,135.7483,1591.4662,-8.004494,-2.2616387750672295
2119,114.16421266630296,437.11316927595277,0.48426076247757494,-0.19023311,-0.06154240507151896,25,72.70603,865.4294,-7.3430786,-1.5550257838426453
2120,223.41312204786897,436.98448213463644,0.46449204859347726,-0.034564782,-0.0024249283376778577,25,94.04764,1139.0804,-7.641386,-1.8464899393569267
2121,294.27074114900324,436.6918518515905,0.5030397578046042,0.45405078,-0.07132317047422726,25,124.319756,1655.6776,-8.04744,-1.93141160901276
2122,472.34833444650474,436.8928586880316,0.5038925501245219,-0.16560633,-0.06030546697124006,25,230.29521,2580.713,-8.529349,-2.807619300373703
2123,922.3035778028885,436.68370418491605,0.46357027264016937,-0.15643093,0.24998342280087282,25,26.987965,415.48587,-6.5463905,-0.22010790051276918
2124,1386.588583184089,437.22526687699417,0.5186253699323651,-0.32892203,-0.15853448897849476,25,195.50426,2165.4329,-8.338862,-2.6203356136875455
2125,1597.7202335958077,437.2058452706996,0.5513727342941804,-0.13625295,0.030864985728049448,25,260.2277,2693.2166,-8.575679,-2.9476282569540886
2126,432.5763179638635,437.9796236535018,0.45075569379481467,0.019126842,-0.10807011532557151,25,243.39635,2855.03,-8.639027,-2.91468306973879
2127,495.9043715016803,438.1021613487392,0.4629517904454791,-0.07913715,0.054676842530703706,25,98.0799,1154.8081,-7.6562743,-1.8703877365916013
2128,558.702060017491,438.43519665215524,0.480178802127832,-0.087370224,0.18773350041850026,25,46.06502,618.979,-6.9791894,-0.9102506398358068
2129,96.84621555952275,439.47150467745877,0.5033367413026858,-0.032855734,0.1542952335233588,25,185.81546,2353.6262,-8.429344,-2.4791405842823364
2130,303.2688583454885,439.6096328459485,0.5486482584694394,-0.03164814,0.15855673357340586,25,128.78549,1546.9,-7.9736557,-2.055511185966385
2131,372.0813205093214,438.936828319884,0.548871090312444,-0.15085283,-0.044940820773609336,25,79.301254,982.4996,-7.480831,-1.4963361208505748
2132,153.8694832581028,440.40839784083045,0.518520515362781,0.13289426,0.2700492292507974,25,79.38778,1096.4331,-7.599955,-1.3751980624077187
2133,194.94291652065286,439.64086260310665,0.457968124059555,-0.14465722,0.042440284705762034,25,196.62843,2573.6926,-8.526392,-2.5894459928945017
2134,386.12999435586363,440.4307600529915,0.4985263652448659,-0.1899444,0.14112663128799663,25,43.64855,575.25574,-6.8996525,-0.8724108312062738
2135,511.2930037564173,440.32640840750986,0.4526773982107743,0.02067884,-0.24488727826006576,25,25.774479,356.95468,-6.3815327,-0.3173054588992963
2136,585.1659188240147,439.6785590272527,0.5169673057434842,-0.24355428,-0.009354939498540637,25,21.059433,262.20682,-6.04661,-0.1656578739817367
2137,647.5744934250473,440.00933884690465,0.5125136538267366,-0.17552982,-0.00797586896320531,25,38.649887,474.1384,-6.689763,-0.7695464085699543
2138,72.07816283126695,441.1123384343018,0.43663203347283974,0.0489687,0.25480998024457185,25,188.61575,2525.004,-8.505655,-2.497488878283451
2139,144.4844820837197,440.8787354560632,0.5149848082457752,0.76456505,0.05184694153505303,25,193.94527,2752.451,-8.599299,-2.4040665059134643
2140,717.3831812011289,441.2244451650143,0.441003823791607,-0.20339464,-0.06614566705741103,25,339.13885,3957.45,-8.993539,-3.3216409609166626
2141,1091.0222376277532,440.6998797866133,0.48532956482752715,-0.20422052,0.017562430216301248,25,52.69135,543.9908,-6.8389792,-1.3399746041170864
2142,203.47008829018824,442.39450073098317,0.4896880378724875,0.23613179,-0.02839212372006795,25,1217.6066,13710.565,-10.342638,-4.650060985134772
2143,23.82846814790792,443.2276438704871,0.4700139766851605,-0.273379,-0.3887947452376003,25,243.55968,3235.9873,-8.775017,-2.722310656976989
2144,33.803977086745306,442.8601398473081,0.5098542593652982,0.09840905,-0.09555801963333271,25,274.37576,3116.4365,-8.734146,-2.9780913482392455
2145,212.8354698891025,442.8690640625569,0.47105710497396497,0.4903515,0.03290538484251141,25,144.05428,1902.4414,-8.198278,-2.178960452655751
2146,596.223315136979,443.40181218233226,0.578675659066221,0.089745075,0.06531724744674676,25,85.95527,926.5245,-7.4171424,-1.6828493345297928
2147,1054.242068686379,442.57993818294494,0.43232780006578103,-0.1202276,0.11081023968764005,25,64.96119,739.9883,-7.173062,-1.5368513743481538
2148,1577.9205538440851,442.4979215268577,0.5205756536895055,-0.20053087,0.06003567853314283,25,24.12273,249.11859,-5.9910154,-0.44276584908439187
2149,328.1284895913427,444.44542168646456,0.5055169339760294,0.12377675,0.12183037634817873,25,71.56252,869.7238,-7.3484535,-1.4669136885699119
2150,365.2017957273995,443.81094025270664,0.41353708276186335,-0.18676326,0.03074080921906985,25,50.589855,628.0081,-6.994913,-1.2266873573243395
2151,708.02106936701,443.9123977038402,0.460217055477689,-0.034014083,-0.0011897207966100045,25,329.05392,3700.137,-8.920545,-3.2718097031545588
2152,132.86562735267478,445.24077530912297,0.4812722301006954,-0.004159,0.0049600622447197075,25,117.111824,1389.0336,-7.856782,-2.0573275523471093
2153,260.88636965252414,445.00498727040053,0.4709841066529018,0.08735415,0.0490639795539384,25,177.92787,2036.5996,-8.2722645,-2.5548425714685576
2154,409.2682248531171,445.24601162012846,0.44726142248775,0.6655526,0.25390841568148625,25,47.384216,628.7529,-6.9962,-0.9653783637915845
2155,419.1916418665897,444.5986099856955,0.47350490363695824,-0.16955367,0.05583209895982009,25,146.98991,1698.2488,-8.075003,-2.370915535051764
2156,1523.0450703222443,445.19773940166783,0.4767987198239042,-0.06667192,0.07723692834638424,25,189.2667,2007.3545,-8.25656,-2.7143251446415064
2157,58.20092455529643,446.17136760262554,0.40036042615386674,0.19457062,0.5360175236708516,25,325.43976,4688.234,-9.177524,-3.0012670173819727
2158,278.72563309237745,445.597581087213,0.5837765266990158,0.14216481,-0.08745072620424628,25,67.50804,755.33295,-7.1953464,-1.3587035438146433
2159,1215.875559630012,445.99780144128545,0.5143897049630628,0.03370725,0.003555007944786776,25,61.56573,648.43024,-7.029658,-1.395577836917263
2160,1698.25041006582,445.6276672472438,0.4921176155388666,-0.1762756,0.11047686337280793,25,1791.0631,20111.523,-10.758612,-5.071550454559714
2161,306.53225768210905,446.6893205392751,0.45361829988788044,0.22145395,-0.028547019691658918,25,118.88315,1463.1942,-7.913255,-2.0671279674817598
2162,522.2247147051849,447.28084187765467,0.45776086684814027,-0.01211141,0.005280122466175225,25,55.378963,655.79205,-7.041916,-1.3060893617567606
2163,530.3014617769009,447.06343510787514,0.4342601789614889,0.022284964,0.10544662403042292,25,183.99673,2244.278,-8.377691,-2.580395974693825
2164,1232.0683214226449,446.5325409646683,0.5500228757506329,0.1236065,0.10829840931159566,25,51.04121,546.87305,-6.844716,-1.1500768071523062
2165,118.85991528281785,448.5690239474185,0.43634016433713924,0.010674772,0.10884188218742755,25,341.48932,4141.5894,-9.042917,-3.2770570677791175
2166,235.0327021420255,447.6514411546443,0.4519824800722822,0.5816881,-0.17456322589449938,25,195.66379,2685.4944,-8.57256,-2.4866406246809656
2167,487.3423829208473,447.65001388316955,0.4706217026999069,-0.08936141,0.0540743445235851,25,58.345898,715.51117,-7.136541,-1.2469273555328226
2168,776.413607113089,447.9263394733399,0.4785884081713363,0.011926289,-0.12176674122001696,25,268.3533,3099.681,-8.728292,-2.991059027816511
2169,177.94351479938408,449.426121470027,0.421754156783875,-0.047885787,0.024482235714641188,25,166.91414,2083.4258,-8.296946,-2.483018972352852
2170,628.2934623082624,448.58802728328,0.4754393623250157,-0.17715372,0.03941076591850108,25,336.7867,3819.7854,-8.955097,-3.259036294800034
2171,943.5538418857737,448.7187817088527,0.473768309633799,0.19376671,-0.03791331756757499,25,42709.92,476045.88,-14.194122,-8.53544401738836
2172,1065.3522617818298,448.48360077773225,0.4191851640883964,-0.063483536,0.17674441953642087,25,51.688744,619.30585,-6.979763,-1.2405563764729899
2173,245.06953674821148,450.1470373166536,0.4198647326920717,-0.42193475,0.19965297923703829,25,32.250675,448.16537,-6.6285954,-0.6788526940380063
2174,384.57099578649587,450.4517989157648,0.4319650742943887,-0.26425204,-0.05766462405804196,25,99.30907,1294.2112,-7.780013,-1.8433182175330218
2175,547.0104994173311,450.0286557772862,0.4814144972336191,0.08682852,0.04253281994773079,25,1077.7692,11393.96,-10.141686,-4.604939309389453
2176,843.8839468781515,449.6113457331781,0.552067618332319,0.11668606,0.10754036552445816,25,70.15955,751.5114,-7.189839,-1.470157393019746
2177,688.1340657639898,451.76867320013986,0.43316791486512185,-0.20355858,-0.1646569957893981,25,45.956455,725.4691,-7.151547,-0.7423799187543612
2178,39.89874818052296,452.06305328646874,0.5204674588693996,-0.08375706,-0.14878290813824838,25,346.3525,3971.2498,-8.997318,-3.202907193654581
2179,171.33365719918592,451.8730437170025,0.47963505997552996,-0.04535744,-0.0532799932250233,25,169.37889,1985.8125,-8.244846,-2.4579021834634847
2180,323.53949463192583,452.37668070310855,0.50160516262487,-0.17771922,0.06220594301783015,25,154.93384,1869.441,-8.179279,-2.3034296563658336
2181,370.47719652035346,452.52065032947837,0.45310029158068715,0.3781904,0.05422055318311931,25,104.649345,1275.7008,-7.7643723,-1.9546187287651418
2182,409.0557374101544,452.255064469664,0.5510505048157016,-0.060750555,0.07326515137661474,25,52.978558,597.1359,-6.940183,-1.1273948680239663
2183,696.5863131585295,452.33616521250576,0.48256076048533986,-0.26514181,-4.244480522916411e-05,25,2407.4219,26340.104,-11.051544,-5.422725337853212
2184,75.94104440291724,452.45331357261347,0.4438737953819699,0.17844068,0.0897568730828704,25,231.35822,2993.3306,-8.690387,-2.7560442816938364
2185,707.6454472067737,453.15601382689096,0.38046226384568216,-0.052715894,0.046134246608540784,25,57.424664,765.83026,-7.2103314,-1.3486718075527784
2186,979.5234943642309,452.49769214333605,0.4050784689412106,-0.34274185,0.018035222819660232,25,68.55901,891.97394,-7.3758802,-1.4977626647371534
2187,159.95072588215166,453.35352521770506,0.47618545558930303,0.37600517,-0.00358508243293541,25,55.527027,758.00977,-7.1991873,-1.077778268812345
2188,618.5075621135346,454.4378463608293,0.44178840594767593,0.20379806,0.005399239885109294,25,114.575645,1438.8783,-7.89506,-2.02068575582486
2189,1517.8155028857657,454.0037116295167,0.5416950567150979,-0.28482783,0.026502905683833823,25,32.98347,331.95868,-6.30271,-0.7725631107808374
2190,347.6309721743818,454.9677652406852,0.5257342213163403,-0.021688743,-0.0733519265517094,25,41.81232,488.13513,-6.7213497,-0.8943328280897813
2191,902.7703656329336,455.3771607010392,0.47220269914223983,-0.003527805,0.08481619246494589,25,26.669716,355.4073,-6.376816,-0.32345486002221
2192,1840.4569497084622,454.5116786490168,0.5380383044731512,-0.6967307,-0.26871806898516587,25,21.721718,222.10068,-5.866375,-0.3235818664942896
2193,1983.2182324788262,455.11247780204405,0.5257783613066456,0.117100984,0.12070974450670298,25,53.38352,555.20013,-6.861124,-1.2640568942347472
2194,30.034940043840436,455.91329400829676,0.4795032429505294,0.040929846,-0.06547078539153088,25,1288.1558,14150.86,-10.376958,-4.749699165711599
2195,213.6493411105142,455.5634098565646,0.4551454653482178,0.3684002,0.16646491044303716,25,161.74692,2030.55,-8.269034,-2.3652838114323793
2196,363.0516540857261,456.2969418561997,0.46235969970153523,0.08195918,0.005056002268071678,25,120.49081,1409.5247,-7.8726816,-2.1384066484197435
2197,396.4034271632502,455.8131098254328,0.44646671054858345,0.030987082,-0.09880342383810177,25,176.8097,2162.9395,-8.337611,-2.5315012119531257
2198,1775.9340079567573,455.85157231562124,0.5291341918633741,-0.012739931,0.026857615759124334,25,53.772705,551.6345,-6.854129,-1.2801716508676642
2199,143.34734461847296,457.7566369999211,0.5080603542396761,-0.09682209,0.32308694927603654,25,32.37848,454.30704,-6.643374,-0.46636121819157117
2200,638.9410244285613,456.4849502068627,0.49160208006235173,0.07698304,0.09024034559440289,25,126.166985,1426.4683,-7.8856554,-2.1851415032395427
2201,734.678412327922,457.32130230390027,0.47109549751489455,-0.116495,-0.029076722825451484,25,151.7169,1754.7362,-8.11053,-2.393210155369034
2202,1010.1928335300588,456.60931848044044,0.49966679804476644,-0.02264094,0.09452315032584219,25,89.65677,1006.3512,-7.506874,-1.7850565347894043
2203,1100.139403257275,456.62866364734646,0.5065152913420299,-0.22898428,0.0521499730599041,25,36.987324,378.94824,-6.4464498,-0.9062338239845725
2204,1152.7394235055083,456.521942944645,0.38101009184816165,0.16629367,0.22479988608997029,25,27.774265,343.78085,-6.340704,-0.6096229246232389
2205,1569.341672361612,457.33916925212594,0.5932413622369396,0.5775672,0.2192682820135248,25,30.306347,292.6669,-6.165934,-0.6160778272678359
2206,21.501304705072993,458.2239146385537,0.4984762568898079,0.1651165,-0.17358126565120122,25,374.8021,4464.7466,-9.124492,-3.2887088418273236
2207,502.0932366626032,458.4993822072062,0.4667787717719008,0.076033734,0.12129706475833156,25,445.82565,5068.6685,-9.262235,-3.577895814881631
2208,1236.240864405557,458.0804031902746,0.5325689112549897,0.056614205,0.03924011903218919,25,47.12128,482.16327,-6.7079854,-1.153735535321545
2209,1551.045511691049,457.99010522892536,0.43319499016809365,-0.19337794,0.024089605586678282,25,53.808044,585.3986,-6.9186296,-1.4049759833732747
2210,2039.4540270549762,458.2362303562096,0.4770095258977025,-0.009911449,-0.07790440590300877,25,150.0941,1693.2909,-8.071829,-2.3908690634443257
2211,3.692841795812096,459.07987892488796,0.41007323150868036,-0.46401268,-0.12888152802319575,25,200.43332,2852.844,-8.638195,-2.5079588881380803
2212,92.74645478654368,459.2327921607234,0.4633732996909625,0.06632276,-0.040854437903932714,25,86.44604,1074.8289,-7.5783486,-1.6912222170329811
2213,110.70266579211547,459.9292577047375,0.4524748404204844,0.2430799,0.518162334322111,25,196.54436,3043.26,-8.708347,-2.3186476567024874
2214,256.121548795062,459.12183322281237,0.4818050025342529,0.027047597,-0.04003260886655995,25,441.62848,4980.251,-9.243128,-3.5545518078634597
2215,919.2087485133261,458.5464569781319,0.4565549753898778,-0.16272937,0.05809773660985043,25,232.13214,2690.4417,-8.574559,-2.8672798242812174
2216,48.022401337639096,459.975672926491,0.5514410474122615,0.0483493,-0.01935065768936236,25,105.763695,1186.6404,-7.6857977,-1.8857065354476537
2217,59.104819885140884,459.9946951632387,0.5639351896334748,-0.13414799,0.0015038348326296249,25,24.962639,311.69534,-6.234326,-0.27432933013324123
2218,1656.4746711374496,461.4838294918223,0.4550257982144798,0.20907845,0.025639413309283928,25,76.507744,888.8443,-7.372064,-1.6589062097164073
2219,433.9851101804868,461.6180287247141,0.4665148466305994,0.073552415,0.13493003903959486,25,3814.7803,42524.574,-11.5716,-5.925096917602204
2220,665.2081625108948,462.30202281736166,0.4631732322350851,0.043960184,0.10304144237283569,25,104.803696,1228.9891,-7.7238703,-1.9569731805594548
2221,124.67482715081547,462.70006662481575,0.4314661338076433,-0.16458361,0.053288670854569974,25,128.93071,1853.0054,-8.169691,-2.053292192502772
2222,372.21071253450833,462.88543497315754,0.48381167061956304,-0.9232132,-0.10079574505125603,25,60.56998,850.1117,-7.32369,-1.1910652718342198
2223,538.9310833458615,462.86699898370875,0.5522541547135763,0.12148783,0.0005081166561858143,25,167.5913,1741.3113,-8.102191,-2.4736806823455733
2224,569.3390419144637,462.68662779463364,0.38384508091719255,0.003361321,0.08284875682396463,25,126.74296,1563.1528,-7.9850035,-2.2507581057655486
2225,695.232290536203,462.9884507528005,0.44531202262485226,0.19788127,0.34113973731881403,25,27.253647,383.5633,-6.459593,-0.2298142533944228
2226,1072.5103286934623,463.04184224691437,0.4918077559527061,-0.049513325,-0.034633203776217675,25,127.11097,1408.1091,-7.8715906,-2.190751236272997
2227,149.6151325727116,464.6737308546641,0.4319372747486143,-0.21474768,0.06450302523323445,25,201.9024,2681.342,-8.57088,-2.595243622985706
2228,425.4504930164898,464.48346455335417,0.5274299149389343,0.29753312,0.0039051824158134003,25,299.71497,3465.3757,-8.849376,-3.0452734282206255
2229,481.8484791936168,463.6390166716025,0.440369635713889,-0.20429277,0.15327272013438165,25,43.968517,549.45,-6.8498206,-1.0130128073677682
2230,79.76098771570024,465.6166426277204,0.4628691274734577,0.4111303,-0.1588401902146527,25,160.07063,2187.7239,-8.349981,-2.3030708950092578
2231,596.1708800663444,464.5740850038068,0.4353059765126496,-0.06269703,0.1400384984227045,25,96.14515,1162.1881,-7.663191,-1.9071892923868514
2232,773.8596220496948,465.46132225771163,0.3845263163045446,-0.21749337,0.14648665406860262,25,78.88759,1008.0085,-7.5086603,-1.710023725669213
2233,1087.3241800778228,465.4313735931007,0.4789424741569216,0.19591862,0.08552997129339306,25,98.227715,1129.8152,-7.6325183,-1.8870627923586538
2234,1258.6618243227147,465.00241517991196,0.40371770229068105,-0.013883283,0.08098973312321779,25,71.07394,846.8049,-7.319458,-1.6367986133551407
2235,459.53949231235106,466.0716375136108,0.4583794932725611,-0.15927649,0.04310063294245012,25,273.63077,3266.1826,-8.785101,-3.029531518960955
2236,681.1514780391044,466.36052073971445,0.47847727976731524,0.04915167,0.08760854399298072,25,759.12244,8212.09,-9.786135,-4.183719422793666
2237,0.7518081725357038,466.80091890841544,0.8260878981807148,0.3887024,0.796006853921667,25,187.15433,1547.2434,-7.973897,-2.4106597989561003
2238,215.7993129605574,467.69483958505907,0.4927385734643779,-0.10509621,0.06315726210252598,25,193.05273,2552.5383,-8.51743,-2.4714613283607467
2239,224.27591684527442,466.85283228245794,0.5082348402942855,-0.018780105,0.013067565244449983,25,3118.7683,33425.58,-11.310197,-5.68877679394194
2240,872.3653565385112,467.361504551595,0.3976500382215478,0.09493792,0.08881272854308973,25,1239.1252,14783.414,-10.4244375,-4.750118156256185
2241,1055.919279503292,466.61439651841175,0.4707943823246106,-0.04024035,-0.1038936696181207,25,16.926865,185.28716,-5.6696134,-0.14052840224311935
2242,391.0679103685216,468.2497662625063,0.5351725399038957,-0.005875051,0.05072603489043769,25,262.99835,2725.6248,-8.588665,-2.987257162080277
2243,522.4630800759194,467.53978305139407,0.48844262728763355,-0.121995315,-0.06318402609628568,25,100.744514,1287.4177,-7.7742987,-1.8224565016797154
2244,241.48572617951243,468.6456353849218,0.4695514628502133,0.08029969,-0.11962699837660878,25,350.67535,4223.0347,-9.064062,-3.240479207394901
2245,355.02174958654336,468.508867993714,0.4566705960122388,0.13659826,0.10936494171595504,25,347.32312,3995.9243,-9.004044,-3.320844240054475
2246,713.2907012788273,469.0005584546366,0.45990379614892624,0.09006643,0.03560720465041671,25,119.09254,1380.326,-7.8499546,-2.1152950209310397
2247,853.4278845856419,468.8261427761352,0.4205697181805114,-0.15320511,-0.0780467366264231,25,196.66489,2381.1367,-8.441961,-2.683351911110337
2248,1526.0414922723692,468.9025685634034,0.5434111993194377,0.17693314,0.08409244671252997,25,18.390476,175.11804,-5.6083274,-0.12540948655356907
2249,100.99770776834241,470.0440012557829,0.40366346997632546,-0.18937925,0.057029940702471596,25,131.23314,1785.0557,-8.129129,-2.1945060269281007
2250,300.9734532601946,469.53597522986416,0.40360856730824024,-0.040357303,-0.01645536761807234,25,57.86704,759.4514,-7.20125,-1.2928282635435724
2251,440.99347971332907,470.1814767814226,0.48106278972169825,-0.06516826,0.18759973244114814,25,41.658398,593.3623,-6.9333,-0.7066104900574831
2252,973.8278787302891,469.4439674280341,0.4141479533382507,-0.34621686,-0.4313607102316877,25,163.76262,2325.8445,-8.416451,-2.283053494241773
2253,179.79583355767954,471.38716691798845,0.4754987326924772,0.294008,-0.249452403255003,25,205.02983,2680.8044,-8.5706625,-2.585129540997826
2254,279.3799844428578,471.2542182266773,0.5130900346906015,0.13384414,0.028355916153558595,25,103.9486,1240.5397,-7.734027,-1.8821732652327694
2255,542.7971361521755,471.3782993573617,0.47048805220991047,0.013704726,0.07168409318489673,25,114.46145,1315.338,-7.7975936,-2.0605146085948207
2256,696.8248830693942,470.6434282049749,0.4499805222018682,0.06348037,0.06284443719400007,25,34.36501,409.58716,-6.530866,-0.7863912607556133
2257,1154.0241428656727,470.6025249378911,0.48387661150154715,0.101962015,0.3926099545539283,25,73.22564,901.99866,-7.388015,-1.4964141688391341
2258,170.38107472726247,471.8813435872296,0.4895913231840373,-0.026250878,0.005250355480777607,25,377.17422,4342.194,-9.094273,-3.3376121427660776
2259,961.2159794359385,471.8272336364,0.4909238997690795,0.0074016163,-0.001235480670851476,25,126.6273,1445.9832,-7.900408,-2.170361001566013
2260,155.4678083152131,472.7789169543613,0.490276007622416,0.16976756,-0.10020279771114188,25,1974.9587,22617.8,-10.886126,-5.15165099530379
2261,324.5159699442259,473.027846757205,0.47768742055358226,0.014945414,-0.11772310682255914,25,70.71444,828.0249,-7.2951083,-1.5228974872440215
2262,620.1033368812178,473.06147068674545,0.45148696510252284,0.0072442857,0.07624413814838701,25,4142.2754,45260.46,-11.6392975,-6.0602580059287705
2263,51.099559423782175,474.1911287624737,0.5243731360068976,0.098612875,-0.024795316555045226,25,259.7816,2885.5234,-8.650561,-2.9251876269645622
2264,456.8355445753872,473.7825216435697,0.47876239300429574,0.0987058,0.09801470430647112,25,372.6433,4128.8,-9.039559,-3.3892873896727838
2265,643.6868322825691,474.4593841509754,0.4242194910884961,-0.49495962,0.05464431071718882,25,30.254856,423.2873,-6.5665884,-0.5395506276964398
2266,929.3533528444067,475.00757726809695,0.4493648358344675,-0.14947915,-0.051370002444659085,25,73.970146,882.3136,-7.3640575,-1.58388075806302
2267,1.0607192080033474,476.31409254993815,0.2780525076509055,-0.274375,0.48325540184406357,25,80.72546,1174.1125,-7.6742744,-1.7497338065416184
2268,260.684628053846,475.68381585130044,0.4205816642983659,0.07178275,0.025186840595429902,25,322.27997,4085.6313,-9.028148,-3.2039809160598374
2269,292.13896720300005,476.37532716095217,0.49660461452509125,0.15666689,0.21590823036152715,25,33.36769,427.79007,-6.5780773,-0.5736317737293626
2270,557.2147021864643,476.3404358605121,0.4601742391133302,0.096252576,0.17719046879705777,25,106.64316,1288.0957,-7.7748704,-1.9606848803962595
2271,671.2156034044158,476.2363127093428,0.5517789555537029,0.08636241,0.11557308673030661,25,97.00929,1021.7075,-7.523317,-1.8571973192800384
2272,789.6367421753378,476.3062584233586,0.5061271674909822,-0.26020637,0.008749236856738151,25,289.20447,3065.1602,-8.716133,-3.136666025718236
2273,1284.497031608482,476.3461199045144,0.5194712505731541,-0.28458792,-0.10253584918640313,25,113.19424,1250.8579,-7.74302,-2.02177733118503
2274,1930.2621190531902,475.7237487752997,0.5063210376474057,-0.14989066,0.0020874145709355646,25,72.768524,772.406,-7.2196145,-1.6251395343432056
2275,305.3365431135965,477.0733107239331,0.4826064139319214,-0.15410437,-0.09237810136222284,25,83.38061,966.321,-7.462804,-1.7372139792646242
2276,782.3176199642418,476.67618733220166,0.42612115859271077,-0.15318961,0.10419345550205443,25,116.00489,1402.8141,-7.8675003,-2.117340178597435
2277,940.8689827307816,476.72063544603145,0.47887638492604684,-0.029251441,-0.36686282908392254,25,26.319798,357.9727,-6.384625,-0.37354711137227525
2278,1182.5386584076791,476.85026666112765,0.4825235384650205,0.005335891,0.09308272469710693,25,29.700535,356.57297,-6.380371,-0.52685216084301
2279,858.8450735246354,478.3460979297339,0.4564872299223443,0.3074948,0.14128336007113218,25,50.8276,608.80975,-6.9612036,-1.1752480244931385
2280,1250.7504157708122,478.3691834459913,0.3932200319703398,-0.04726933,0.09867772581075816,25,176.89522,2180.3037,-8.3462925,-2.5905677883853837
2281,28.17971478506143,478.786341932475,0.5005243040714257,-0.063898176,-0.0013838289714038791,25,127.06341,1450.5316,-7.903818,-2.159735447401009
2282,190.63238062054953,478.5059973448796,0.4673868995162562,0.37037048,0.0027977340511322136,25,590.8236,6814.9663,-9.583659,-3.885311799585622
2283,246.35259574647776,479.120523989134,0.4597866118446367,0.051723156,-0.4231965688530356,25,95.08297,1372.2142,-7.8435545,-1.5837133977549072
2284,483.30581381191655,479.26254872028215,0.4761315526161282,0.40246534,0.11272767448938982,25,28.682446,367.6315,-6.413532,-0.4289663003324392
2285,568.9624858353013,478.3243245523379,0.4684764175385962,0.16731359,0.2611384392607783,25,100.3333,1173.7389,-7.6739287,-1.9761867990569693
2286,1009.0095475052575,479.1292786403684,0.479102671531243,-0.0066649155,0.02641412357114772,25,94.40671,1051.2223,-7.5542364,-1.8612711548477483
2287,357.18035649141507,480.2175986082712,0.5317213341366404,0.04125763,0.06271986326295803,25,240.13594,2550.071,-8.51638,-2.8692551454074233
2288,380.81094072287857,480.2080848367504,0.4975883464767648,0.026597872,-0.00010452608085663012,25,385.5959,4191.7505,-9.055988,-3.412417637778758
2289,993.6765813123577,480.28364660610276,0.4891081607613461,-0.41241187,-0.2919930088100133,25,19.401047,245.6844,-5.9759436,-0.031397054551012826
2290,15.558707516158137,481.51966329796204,0.45056431598530416,0.024088815,-0.2829319045838986,25,190.2799,2659.3464,-8.561937,-2.4141034117638616
2291,1085.3088193194862,481.2949491885415,0.40765357862110213,-0.13863413,0.011079087012308425,25,23.112652,284.26224,-6.134298,-0.3726245338131188
2292,337.49418460442536,481.90658474424805,0.47910411562862815,-0.14239578,0.0693747894596645,25,20.716782,269.1114,-6.07483,-0.1250597312424793
2293,45.67699153729232,483.5840701437526,0.4352082220859144,0.022684593,0.44160804092012934,25,62.67223,932.60126,-7.42424,-1.0781013736784426
2294,371.4538889030678,483.412633205535,0.49705581758624023,0.21127112,0.062194890210045636,25,160.07645,1913.2938,-8.204454,-2.3555052212509655
2295,585.9457589439693,482.79891393658704,0.4563598086055817,-0.006883907,0.0983539904692668,25,4947.0576,55125.42,-11.85338,-6.224163586145618
2296,5.004503172113787,483.88353292578637,0.5097430310779131,0.13615933,-0.018472105429472724,25,387.50305,4361.909,-9.099192,-3.3781049392503135
2297,66.74873142604348,483.96108849912554,0.463148998204367,-0.2922199,-0.07594534661164379,25,49.7888,621.57477,-6.983733,-1.1450955529945237
2298,95.03190888398898,484.2897226946693,0.5245441909849219,0.08181459,-0.065587542980807,25,417.27182,4655.1367,-9.169831,-3.432519547640747
2299,158.70570172978742,484.122334560651,0.4521146210259741,0.2633198,0.11261545786762932,25,234.1972,3103.9854,-8.729799,-2.7323021304743005
2300,178.06860005472888,483.79693811806123,0.5153484517361524,-0.24361502,0.042834658502877244,25,34.85969,436.78964,-6.600681,-0.7194867826442888
2301,227.65246171840715,483.86602383345394,0.5304691797165305,0.09582867,-0.058897563462876945,25,243.72214,2686.329,-8.572898,-2.8492076821989336
2302,423.45776743894356,483.335136391676,0.4550060078892279,-0.38900962,0.05283263374323775,25,33.498096,429.31888,-6.58195,-0.6732426355768364
2303,540.9627996704124,484.48081913262314,0.5670471396138143,0.059208877,0.030464884695866064,25,30.271828,315.4512,-6.24733,-0.6180890963328787
2304,554.7129188228078,483.71973458865824,0.4079333548833125,-0.32548252,-0.03314692715366175,25,105.56652,1395.5884,-7.861893,-1.9817135855589139
2305,1185.9857038892387,484.4858666030989,0.46969394153600924,0.12222498,0.1858182435437298,25,112.76423,1257.1981,-7.748509,-2.081152901131242
2306,678.8805175534926,484.6120322969427,0.4669516338705736,0.07602127,0.05941165899750095,25,95.55099,1095.47,-7.599001,-1.9208232800956868
2307,785.0529915751742,485.15343732615673,0.48036999299496913,0.079811014,-0.012652869034852902,25,78.211075,864.5464,-7.341971,-1.6919818438880774
2308,821.2495721685377,485.555464185852,0.3911195135068511,0.17923568,0.015984210880888066,25,35.00633,464.51257,-6.667494,-0.79962984915178
2309,1349.5640656744492,484.88048194633626,0.46881748854063654,-0.28125805,-0.09993061499044303,25,99.8026,1140.686,-7.6429152,-1.9661337268147139
2310,1387.9756881597004,484.8559468877299,0.4438510118065704,0.036995098,0.02183675446710935,25,101.91169,1141.3096,-7.643509,-2.018198292599422
2311,107.55735315972959,485.6290972815363,0.4822083765110379,0.23631883,-0.030755701910271688,25,7133.412,82305.44,-12.288571,-6.547716120652991
2312,131.89379777882223,486.4174869953692,0.48839044626226125,0.21551132,0.22365329689372437,25,36.051067,545.6633,-6.8423123,-0.46685021123273945
2313,520.6657213563958,485.38336886209345,0.49349031620757366,0.06992526,0.009282538024375874,25,109.193596,1338.5487,-7.8165855,-1.946195007418389
2314,629.0381310501906,485.98654751465983,0.45343245203441257,-0.048538134,0.040505848111194884,25,8262.248,90256.086,-12.388691,-6.807776104994394
2315,1400.1588203674555,486.1508087836356,0.5538257698016998,0.04164062,-0.12522399268002293,25,23.388695,236.29953,-5.933657,-0.37035185792721503
2316,33.838555514053134,487.025616029463,0.4744733171586342,-0.0037030824,-0.09596607222912677,25,279.55377,3136.3237,-8.741053,-3.075132753903235
2317,119.16010080473879,486.7275761462043,0.5029407419793266,0.009940728,-0.04159354286191052,25,322.64996,3747.8347,-8.934451,-3.1629339272473933
2318,295.14549741941255,486.8255776805917,0.4896555080591344,0.0852141,0.1138766987549031,25,346.28885,4009.3599,-9.007688,-3.2529265949906696
2319,475.4208908609203,486.93261789160823,0.4539931298523725,-0.027154684,0.019545363684936666,25,76.13641,889.8176,-7.3732524,-1.66045694194435
2320,486.13380323130303,487.44895611755953,0.5135777597178327,0.084499836,0.08320642263438409,25,169.11232,1883.6636,-8.187509,-2.465868061175021
2321,1463.4685899154665,487.041787418005,0.4975443020070491,0.10677558,-0.0095125099464186,25,44.5088,474.90677,-6.6915207,-1.090232806736398
2322,14.119678696219081,488.33749540091827,0.4460566789591442,0.0020712228,-0.02871947140580959,25,278.9244,3438.854,-8.841034,-3.034489397686575
2323,73.8919927780389,489.0708268942371,0.4353887861599315,-0.0016521794,0.14416705501358493,25,281.52325,3530.8184,-8.869688,-3.0082054459950647
2324,458.2916976218685,488.88088985130446,0.4622222766434627,0.030116742,0.11763891238170936,25,101.753105,1205.4558,-7.702878,-1.9434996353712766
2325,506.267951520314,488.64156568288206,0.43429065400800254,-0.17042434,0.08376057212110152,25,67.36296,832.97925,-7.3015857,-1.5293098584464886
2326,700.430937289988,489.1551264921119,0.4649566049604393,0.12744091,-0.06413569217689866,25,227.13268,2697.81,-8.577529,-2.79776289165171
2327,716.0241895621137,489.3288452631799,0.4651495497617293,0.052771043,0.06816910545668503,25,89.59598,1039.6254,-7.5421925,-1.7704904311485579
2328,737.0599081152466,489.06056425983036,0.4784138479684206,0.08218779,0.07745674878173235,25,100.99262,1115.9854,-7.6191463,-1.9869136345956746
2329,2013.5338827056883,489.0697511086607,0.5199531221749834,0.06497313,-0.0191277800381353,25,34.271038,348.5393,-6.3556294,-0.7821548152765256
2330,306.76518283962145,490.0511783099587,0.574141482929553,-0.30142224,-0.1820897241164178,25,34.184532,465.73126,-6.6703386,-0.4408147722233263
2331,957.7514313941533,489.9886922068111,0.4900245983649385,-0.079424724,0.13796306205693323,25,20.249756,247.70897,-5.984854,-0.07512024986906848
2332,1022.5457180440322,490.3737173227608,0.515800782138362,-0.36985224,-0.15942809493694216,25,16.52061,174.333,-5.603449,-0.0464400251648151
2333,249.67104565558583,491.0545365891695,0.5104276113518293,-0.44138494,-0.1762118160381103,25,315.06454,3946.7847,-8.990608,-3.0311923729656645
2334,323.54369626451864,491.2829012595904,0.46335493973367203,0.52775943,-0.07096409913869169,25,35.66485,465.00177,-6.668637,-0.6733590490875339
2335,614.7371439132819,490.58304982949727,0.5472824501678897,0.0732347,0.05188484804897423,25,25.563805,350.04245,-6.360302,-0.17649821870391186
2336,967.7534583910812,490.8951785864555,0.4334762937366812,0.10696193,0.0037267229178040043,25,173.69711,2053.3428,-8.281154,-2.578553605113811
2337,43.941259071443596,491.5816037879386,0.43493823620593447,0.20282368,0.07380026822510723,25,54.528587,765.1757,-7.209403,-1.0917009658890686
2338,387.00883005834936,492.4824974492641,0.474595965204797,-0.05029038,0.19271485776738514,25,128.19476,1561.3069,-7.983721,-2.153101991412936
2339,687.5053396521511,492.1356673198472,0.4200459793267305,0.06848636,-0.02853658783089292,25,185.88666,2247.9536,-8.379468,-2.6473384724623377
2340,982.7736517263545,492.30529238224574,0.5061892893773934,-0.052240483,0.02021889323586044,25,1237.3916,13500.906,-10.325908,-4.664398569912761
2341,1548.5114565083309,492.0376420806438,0.5677582482986111,-0.057037137,-0.13382085426817075,25,1130.7024,11620.713,-10.163082,-4.541539624692165
2342,146.9293759327598,492.93453683547796,0.5045819242192022,-0.0006654947,-0.00031091516489095634,25,17955.713,190619.11,-13.200417,-7.598802092174984
2343,285.0434991655088,492.94076479159315,0.4422318865820368,0.034302864,0.02139698060122774,25,98.41247,1303.6902,-7.7879357,-1.8427910806742822
2344,339.49200862691646,493.39874964263794,0.4920005798998607,0.0406587,0.21462866608923528,25,73.32567,964.489,-7.460743,-1.4192369553193882
2345,637.4829668104453,493.12049111885455,0.5048023049899087,-0.2304729,-0.0055739307903320354,25,278.3517,3318.033,-8.802202,-2.9597125011378673
2346,1123.2765404569056,493.1608829216823,0.5360799445187422,0.09108835,0.051415792800021946,25,80.41117,855.4943,-7.3305426,-1.656091307607936
2347,1135.93822099027,493.379460976401,0.3732060159736243,-0.087266356,0.1595135159270048,25,29.336662,394.09457,-6.489001,-0.5717430260779934
2348,156.94725865393866,493.9206880529735,0.45032631867934186,-0.046562295,-0.5983798565341961,25,69.11334,1249.2045,-7.741584,-0.8925717485901608
2349,272.71357571870874,494.0080166293873,0.4643303308021038,0.06950167,0.15637190347762367,25,228.63312,3318.8794,-8.802479,-2.5665924186859557
2350,21.498510069826903,495.4829289801231,0.34644415000446604,-0.33774573,-0.1653742513102355,25,46.006226,650.8843,-7.033759,-1.092588227268982
2351,436.2465650672704,495.4328238372224,0.5414297224144138,0.15040931,0.01060196199483459,25,625.75073,6725.324,-9.5692835,-3.885916016082256
2352,448.6205630518138,495.31011798191975,0.4927876440788869,-0.16105925,-0.030718544495356707,25,509.6621,5687.746,-9.387351,-3.677076112265488
2353,599.1681974583565,494.4943652438618,0.5150284614156394,-0.02218849,0.12595120645702337,25,254.04466,2808.0498,-8.621012,-2.921921217384267
2354,761.8356504200618,494.7702996053505,0.3925257572599834,-0.54937106,0.49237487600395147,25,87.614685,1272.7958,-7.761897,-1.574347498392534
2355,1041.552992261382,495.3962397973807,0.47830345099874716,-0.0830376,0.15597590394412256,25,40.54477,477.5305,-6.6975026,-0.896110793515067
2356,3.32651078660146,495.81944494008565,0.4549946692172189,0.64589757,0.2746280520655085,25,275.2608,3848.3757,-8.963194,-2.816800531506699
2357,1145.2095189610834,496.38583622835085,0.5034711056632503,0.23133393,0.0895760482166537,25,368.73874,4021.8499,-9.011065,-3.3653528573684985
2358,347.63943887534623,497.166044091535,0.46125187941622936,-0.1633372,-0.008973353030334367,25,122.68693,1454.6825,-7.9069204,-2.1374477250266413
2359,393.30978916579005,496.9672719159479,0.5286912359695748,-0.17330055,-0.05792877818004733,25,149.955,1660.4944,-8.050593,-2.3330446359203014
2360,426.8374628709879,497.03244225906053,0.5342254063847165,-0.05783545,-0.02031398974214399,25,244.54517,2604.2698,-8.539215,-2.8822323726057593
2361,551.1059748519526,497.06912078528933,0.4552720391284427,0.3835118,-0.31503122604242706,25,136.16502,1845.9188,-8.165532,-2.123269332744132
2362,575.9487069654945,496.58546462816975,0.33554763337455223,0.18529002,0.16627901206852147,25,20.02803,305.87616,-6.2138643,-0.16697889009089195
2363,1358.2574232560592,497.14961661032373,0.5559793826431614,0.09022161,-0.007157077774107102,25,158.3941,1614.7963,-8.020294,-2.4058422117793477
2364,51.704679941146935,497.53160671364566,0.4500375487284741,0.5949936,0.49144792191844383,25,98.31157,1406.9823,-7.870722,-1.6410668763496998
2365,175.98029597242558,497.87679746305855,0.4904604730296452,0.16559868,-0.09962779765862406,25,393.56653,4557.7837,-9.146884,-3.3860580004136653
2366,239.9468719975759,498.4153519164661,0.5036009420146821,0.07586769,-0.015055492875497319,25,252.34935,2886.4749,-8.650919,-2.9016702433225894
2367,409.1089317232664,497.28623256732635,0.5282261475889558,0.109522924,0.2038217217575411,25,32.03585,417.04523,-6.550458,-0.5265418745709041
2368,562.4761766669867,498.52157951081784,0.4309803087065348,0.34274715,0.003982112128689942,25,302.68958,3668.2607,-8.911151,-3.15001180477611
2369,1085.8540245645877,498.112144038774,0.43079922685639643,-0.69979775,-0.26501471258422604,25,77.58481,1124.3265,-7.6272306,-1.4851883271712323
2370,1702.7820321470433,497.7205957105389,0.5155018147136753,0.015375578,0.00927546447466531,25,161.29758,1759.1536,-8.113259,-2.428410720291277
2371,1918.766143921066,498.2085003864612,0.43011820676606105,-0.089823276,0.07107901233781666,25,32.32779,367.5972,-6.4134307,-0.7670064563109484
2372,67.96245922685684,498.8111675921133,0.4802704129968058,-0.27649575,0.2024374330562558,25,51.583153,702.72314,-7.116961,-0.9786526214252447
2373,693.6840060944331,499.1330232748096,0.4471989655738606,-0.14454138,0.012442678778436297,25,142.07152,1654.1423,-8.0464325,-2.3405725422622217
2374,853.4700785955657,498.69361533054513,0.4020716861695412,0.09318057,-0.053206665700208995,25,57.477764,730.4359,-7.1589556,-1.30828391125266
2375,1218.9104040704908,499.1305713979781,0.48244083247842756,-0.009374743,0.06424810890870475,25,73.184,806.42377,-7.266408,-1.6052922553257551
2376,1235.125223091148,498.6156416643777,0.47841211191006217,0.13684645,0.18741823438655786,25,50.88727,541.9607,-6.8349195,-1.2792057893427806
2377,940.5534931084596,500.4367478627782,0.47132007747191823,-0.20712024,0.10631161905207488,25,68.71453,812.5556,-7.2746325,-1.5308444283948757
2378,120.9370217900086,500.42297469132484,0.4992011604033816,0.21361008,0.13229055579790727,25,4676.0117,52636.324,-11.803213,-6.094938033031793
2379,262.71666910376945,501.1523880446797,0.4805460090784686,-0.10055886,-0.028001944129577603,25,41670.94,452353.06,-14.138694,-8.524953038345831
2380,339.58144310333347,500.5364712921189,0.5167149327856232,0.32574648,0.1900374555589919,25,139.99806,1729.3647,-8.094717,-2.171044403131427
2381,376.01993374101625,500.8706140946909,0.5049802767759155,0.059384994,0.06992029720952835,25,717.4575,7594.2817,-9.701217,-4.102384678013871
2382,498.0436551384816,500.6767200092386,0.47528244767169925,0.14242768,0.15410278058457852,25,52.128937,611.0743,-6.9652348,-1.2418849710359878
2383,1112.5192539521738,500.9123427680477,0.4751097981646384,-0.11326149,-0.05776621258793619,25,3415.9219,38608.53,-11.466708,-5.777843839577218
2384,38.78592402693843,502.22378243551424,0.454953527410686,-0.09241849,-0.1308090862928477,25,138.81583,1827.284,-8.154515,-2.192327929791217
2385,771.4753786919865,502.174911233117,0.3965668580605458,-0.0594236,-0.06314021647487972,25,163.15541,2039.0758,-8.273583,-2.482715028455404
2386,1024.7630132432444,501.71484449934934,0.46335888894826754,0.047530815,0.04672381168116265,25,141.38072,1608.449,-8.016018,-2.32633519299188
2387,1771.9357648891462,502.159882544648,0.4929491229190601,-0.2641276,0.001158228809531015,25,198.78903,2124.5823,-8.318184,-2.7090677900693634
2388,166.06245683228266,502.9717499922916,0.43471128739018633,-0.3008338,-0.6573104364755575,25,178.90959,2680.892,-8.570699,-2.25066038083881
2389,212.99063210661467,502.5686806017508,0.48344351646369405,0.14418049,0.1368815878070352,25,1276.4509,14256.165,-10.385007,-4.702573934021032
2390,301.0408597515998,503.097030972748,0.5548173902589273,-0.06990675,0.003751476070021417,25,185.3433,2007.2809,-8.25652,-2.5485048702924384
2391,681.9364184509085,502.98195759128134,0.42557398558639836,-0.15868631,0.31781269042540344,25,527.2787,6729.2417,-9.569916,-3.6736978981121737
2392,639.3724940433596,504.6957185241692,0.4737371470639946,0.49403465,0.20836757269125933,25,46.35899,607.80994,-6.9594193,-1.0135790061758907
2393,989.177361142286,504.2588531906525,0.44018241764356786,0.026853763,0.09505634156743792,25,101.14464,1193.956,-7.6924706,-1.9740987522255837
2394,251.46696935716122,505.2918558805809,0.49401851876832936,0.03827211,-0.19697495583604785,25,130.22424,1938.4958,-8.218662,-1.8868384053612357
2395,517.3963378967549,506.02783115323837,0.44941069235860426,-0.036704972,-0.12350196939916523,25,254.8997,2944.2544,-8.672439,-2.9732561865574016
2396,1291.6344351973908,505.8481014877786,0.3805103434435597,-0.16846262,-0.001260617209103996,25,26.966396,307.12207,-6.218278,-0.723742019628492
2397,292.4219463691437,507.46919841136156,0.4505843479668846,-0.27741763,-0.0028207910710889806,25,96.44007,1297.9851,-7.7831745,-1.7661010773960975
2398,413.9693289001952,507.00372877609203,0.4736427567637078,-0.031073255,0.04742621851915181,25,301.81042,3374.3801,-8.820485,-3.163833660555366
2399,1707.5795298964126,506.4777934934249,0.3841895863462713,-0.36506885,-0.0763869476941529,25,19.027206,227.5552,-5.8927164,-0.21575387712760155
2400,142.53875115628878,508.0878772006674,0.4901820137753791,-0.13683476,-0.007678143384562502,25,99.36663,1311.489,-7.7944117,-1.7736319222329031
2401,700.0710771315873,507.899417189746,0.4951527287257427,0.046987083,0.0535950627021483,25,128.90701,1388.4431,-7.8563204,-2.2634263245529995
2402,75.31581240095844,509.50789615532517,0.5028707639682672,0.14085954,-0.008542932357694957,25,244.443,2814.2932,-8.623424,-2.857118463144366
2403,132.01173964734448,509.6759860858258,0.45497972416540533,-0.08445247,0.05003075794629269,25,87.01705,1291.7268,-7.777927,-1.5087266848857228
2404,329.974626273154,509.4427509347868,0.5009225303657042,0.058595557,0.12822442617462457,25,461.29837,4957.976,-9.238261,-3.614125752219308
2405,363.3351164233467,509.2888116040033,0.534119889293705,0.2464347,-0.09354390953329704,25,243.92682,2748.052,-8.597563,-2.84979306017632
2406,546.6336145929897,508.4882992878089,0.3861099928946949,-0.13326146,0.0803209405643695,25,38.220806,575.6883,-6.9004683,-0.801062611244458
2407,1488.610797878849,508.9723318667027,0.49946684123830287,0.013716642,-0.020131810160672503,25,24.088955,264.96826,-6.057985,-0.3704501827739377
2408,181.29924164703144,510.2208152445153,0.48521733211526896,0.079374835,0.0607715945373654,25,141.38983,1693.3218,-8.071849,-2.226822942817592
2409,279.0371082779481,510.27056983602006,0.4790504240250202,0.10187899,0.017143585594272034,25,4482.344,49262.156,-11.731283,-6.10696201032712
2410,405.31861058496423,510.12861732150367,0.4373888553307085,0.0052719014,-0.015476866085057472,25,892.5476,10088.888,-10.009608,-4.395571219027052
2411,554.9207986384664,510.35410108791507,0.5160910263380487,-0.07145152,0.06778298556731926,25,208.5066,2248.941,-8.379945,-2.729281464637843
2412,566.8005135307479,509.99162346735307,0.4423529591622404,0.025656423,0.016719469057454413,25,725.1372,8245.484,-9.790541,-4.1472764770162165
2413,151.9424489946738,510.34345205243164,0.4954788673998859,-0.36849183,-0.1380173476711314,25,268.41446,3599.4768,-8.890598,-2.820070980180967
2414,800.038979639522,511.10146753473333,0.444138305974948,0.01711085,0.19873686714699088,25,39.82035,425.92285,-6.573327,-1.0375367800554596
2415,1096.2620327886132,511.37450884160035,0.5527748618969374,0.341041,-0.006364383556037473,25,29.644947,332.99527,-6.306095,-0.5319150536897997
2416,4.258078634563695,511.75839049412707,0.4883001188192788,-0.03170249,-0.058864135441468686,25,72.94732,879.2004,-7.36022,-1.5237522833916108
2417,60.32371938940454,511.6088309137819,0.4848080024847466,-0.12454222,-0.06243148711591612,25,131.57231,1594.7352,-8.0067215,-2.169702913817064
2418,166.41497468174688,511.9368647814066,0.4987738901244325,-0.24634954,-0.004102769010285302,25,34.034298,425.86102,-6.5731697,-0.6726999747390374
2419,231.66737915298964,511.77610202234376,0.46698602483656004,0.08640047,-0.04593696197582293,25,296.9806,3507.232,-8.8624115,-3.096679961495746
2420,930.3072252939761,511.7125925852515,0.5174767487717736,-0.14504218,0.07333513288189888,25,109.217026,1206.0491,-7.703412,-1.977029277476664
2421,955.4711277674377,512.1636234294366,0.4964568701128345,0.15193212,0.020975484794797904,25,348.04623,3884.513,-8.973342,-3.2708061964081994
2422,1051.2581792307913,511.60137595874164,0.21588024771302505,0.1963538,-0.030406974768513242,25,16.30938,242.68166,-5.962592,-0.05701705028521734
2423,16.661927074398964,513.1969716441024,0.5207205797076871,-0.05230036,-0.22335983109356566,25,159.86258,1904.9352,-8.1997,-2.313914037109667
2424,453.47374960994875,512.631502848939,0.48029212991098896,0.37449992,0.053727181700339535,25,23.018913,278.7992,-6.113229,-0.36747775399503213
2425,969.456657257458,513.1737233451714,0.35805481783633675,-0.19365564,-0.08119802738266592,25,23.259869,297.8857,-6.185124,-0.4678991656547109
2426,108.4788531281125,513.7328603057948,0.43204022622501487,-0.09776132,-0.03874314236737883,25,13066.469,155288.48,-12.977848,-7.257362106490773
2427,216.42754434980043,514.2305241609514,0.49149928714680785,-0.29389906,-0.03907843508812594,25,367.36014,4869.0283,-9.218606,-3.1520850727738265
2428,314.7592823765507,513.6734167242403,0.4862828083115644,0.03440104,0.019030543149402623,25,221.81886,2541.0857,-8.512548,-2.7828952540849383
2429,1240.8794612607494,514.2485598227189,0.49864310742566653,-0.10592742,0.029259836438389003,25,168.70537,1761.5455,-8.114735,-2.5586058752837237
2430,1901.7053901298907,514.579756326884,0.5307292695350263,-0.062624976,0.2540010948725598,25,40.57381,425.0806,-6.5711784,-0.9619985458448568
2431,430.9222503764166,514.9309191624891,0.4635228513886499,-0.03263161,-0.0014342961043944894,25,121.04594,1391.5472,-7.8587446,-2.142425839252044
2432,1848.0174145173714,515.2965255293996,0.4416932503273883,0.20751931,-0.06406196916112944,25,15.957967,173.0423,-5.595381,-0.010063744453294677
2433,520.1398999981922,516.52796573715,0.46901975395402884,0.85837114,0.14659230268103618,25,284.91098,3835.4133,-8.959531,-2.9483990933319255
2434,1040.0428654040802,516.0624606006016,0.4693730979984094,0.1061384,0.07905750107214615,25,166.61462,1874.8119,-8.182394,-2.50776887293822
2435,25.884276648804214,516.852553578618,0.44180830667624427,-0.06417793,-0.12541926793716263,25,76.78509,933.346,-7.425107,-1.674605337768713
2436,176.66030450756043,517.28196030277,0.4959979082112546,-0.050120816,-0.04751661312861902,25,173.39082,1997.3357,-8.251127,-2.4987909604352403
2437,396.7701020170632,517.4902983061395,0.445067737401623,-0.29060796,0.06860656370204096,25,60.054592,779.33295,-7.229308,-1.3048490158349424
2438,460.34019036914304,517.197335584082,0.4740716376592558,-0.359816,0.03236405345109193,25,44.243584,564.93567,-6.8799973,-0.9710269052096663
2439,823.0558785414665,516.8221106471257,0.4652995086542771,-0.008662317,0.01251147462367865,25,146.45412,1683.3049,-8.065407,-2.3686254647982246
2440,88.10175935450782,517.6186987985285,0.5219851148100564,-0.077896595,-0.04744983476419122,25,63.67352,743.82184,-7.178673,-1.3747602103559347
2441,99.40799115075924,517.3021749720676,0.48575820470417896,0.053980686,-0.019611797150163788,25,171.19865,2339.4539,-8.422786,-2.324595599180263
2442,202.05877657274303,517.7717914482373,0.47396791234592056,-0.18173945,-0.10569841973467865,25,204.5787,2683.7646,-8.571861,-2.5609743155611793
2443,226.1971188162605,518.0859862649004,0.4822089299381988,0.060398106,0.040814311893090593,25,289.17465,3306.1777,-8.798315,-3.062016598411133
2444,945.1865617707583,517.5638575209578,0.4979455563606532,-0.066940576,0.04014443866002061,25,46.68207,521.3839,-6.792894,-1.1026263510535337
2445,1779.2360258138326,517.5858836512871,0.5259246355994057,-0.20617002,0.0619928716043852,25,40.76913,431.0194,-6.586242,-0.9869676162844743
2446,45.72045348358393,519.1427924644803,0.5278536269106635,0.0016124455,-0.2599015661000201,25,227.02841,2683.5803,-8.571786,-2.7098330801285364
2447,138.30500816434244,518.7859697375908,0.45081973774739803,-0.08356705,-0.0571417286745951,25,174.527,2163.3823,-8.337833,-2.4923774522679216
2448,494.8219275457279,519.0846513292008,0.5078950848723617,-0.09619741,0.015894467269878976,25,88.70461,961.76715,-7.457675,-1.8215580451470825
2449,503.7196490911478,519.3377366440079,0.4381361957555437,-0.31667632,0.058998258561550575,25,45.25641,582.15247,-6.912592,-0.9602337366876492
2450,636.9816175088197,519.4402337463238,0.46228728962994664,-0.32017058,0.28167998871657524,25,2160.0776,27179.367,-11.085598,-5.17362145787437
2451,1402.8431348033012,519.2070288196505,0.5013285202174742,0.20600756,0.23241498456537443,25,81.61483,962.73456,-7.458767,-1.6176436711930744
2452,370.348240681886,520.1161804476845,0.4591381154423123,-0.12866078,-0.09874712027287917,25,95.696396,1161.641,-7.6626797,-1.874837961241545
2453,767.8805888585084,520.086704869935,0.43850410744025353,0.0068327165,0.11903653571124938,25,39.094975,456.3988,-6.648361,-0.9097466975069055
2454,1443.147281601453,519.6101787635781,0.4379354043941729,-0.35972103,-0.32905702540195475,25,115.01502,1549.7874,-7.9756804,-1.9408667570791964
2455,0.7744092342337388,521.3078329861592,0.7829361365984329,0.5252811,0.7184190294820914,25,118.03756,913.4576,-7.401721,-2.0164484096706747
2456,240.32511336959254,520.7065387328807,0.5867027689832328,-0.10946648,0.11330899316564148,25,23.990234,318.45987,-6.2576365,-0.04349739942781614
2457,347.55705586976734,521.359418015009,0.4776573950358716,-0.45598772,-0.1356086266003985,25,158.24298,1941.2838,-8.220222,-2.3549196316149175
2458,602.7951050683376,521.6051753852378,0.42329285248645565,-0.2718667,0.12112103746730062,25,83.93834,1130.7183,-7.633386,-1.6630548293268834
2459,877.6657521483845,521.4391139584499,0.546995299342995,-0.10731123,-0.04343481735918116,25,55.653316,632.5839,-7.002795,-1.1923569945535004
2460,1013.7332045232655,521.3546017682692,0.43357450503616746,-0.39203587,0.06202013458140708,25,44.8135,571.5768,-6.8926864,-0.9748003906287072
2461,72.59158736643505,521.9057169654999,0.42298797523844445,-0.36436626,-0.10405480612576312,25,836.46063,10640.166,-10.067371,-4.198433651744119
2462,126.12616199099888,522.0654984172372,0.4869052776928059,-0.0272207,-0.06990618441385339,25,206.51788,2414.1184,-8.456897,-2.698838475278698
2463,287.92362213117974,521.6671807369761,0.47899040510047547,-0.5194034,-0.25065476537077236,25,69.37655,970.787,-7.4678097,-1.3147021737202333
2464,443.3602954630995,522.4755490709886,0.45542538501681035,-0.5123062,-0.013150467991233148,25,486.05408,6090.308,-9.461598,-3.584702556558627
2465,167.91650484341673,523.5076915129212,0.41596935871702884,0.34555176,0.061139130801006275,25,128.74425,1709.0095,-8.0818615,-2.106097735592254
2466,187.2822490133696,522.621505607128,0.44216926358130865,-0.24628738,0.07339797582318315,25,1372.017,16720.012,-10.558091,-4.743221099818466
2467,324.36160168143886,522.7134777778975,0.4316609850403129,-0.0449315,0.09079476584788407,25,1150.4039,13630.622,-10.336289,-4.613903102883795
2468,583.4249026646557,523.0676447598413,0.44153932851728617,0.1241931,-0.017251984846485695,25,525.5803,6160.5513,-9.47405,-3.766458899895153
2469,682.0524726389118,523.4354929088029,0.44470571407497844,-0.52975315,0.23688116756289612,25,26.733665,373.11142,-6.4295964,-0.34815538273599467
2470,1385.8044310264477,522.6828278704762,0.5078278153387699,0.114770174,0.005729775504816267,25,165.55292,1802.4976,-8.139687,-2.4820294228466198
2471,35.989700764650756,525.0029835329663,0.5308871411645069,-0.039226815,-0.14276185506922878,25,157.59663,1773.4695,-8.122059,-2.352153593671548
2472,268.8772379015488,525.3907655399512,0.47884604840989947,-0.003885806,0.06199581407048988,25,3413.083,37062.79,-11.422346,-5.813745672659385
2473,471.1807342620477,525.1408698293286,0.49520758962472344,0.1302689,0.02400626785984391,25,80.40322,866.8967,-7.3449183,-1.7289851343883642
2474,867.0712706566452,525.4820391686097,0.38700567117089707,0.09594863,0.13014458523304206,25,23.214611,297.81702,-6.1848736,-0.33174560499609934
2475,999.3024352625276,525.4059383846449,0.45050622120193523,0.027714465,0.04181245879064643,25,56.63081,662.8987,-7.053618,-1.3357091952004922
2476,1931.0634765748123,524.6732270980517,0.3160856803219236,-0.27820247,-0.10045549355651419,25,16.681564,211.11589,-5.811302,-0.10578986706627244
2477,531.4717869594843,526.1993643982702,0.4480004971087942,0.10651737,-0.03760650224798755,25,92.02819,1115.06,-7.6182456,-1.8285529730938477
2478,716.7422931358594,525.0516500284517,0.48906103328466727,0.4771845,0.31693887996808034,25,21.525475,265.24335,-6.0591116,-0.23818288422268216
2479,788.4719946724363,526.4113596467719,0.4782508732525365,0.22064798,0.020046912432807738,25,94.756905,1093.181,-7.59673,-1.8605255482929661
2480,1111.6497810495987,525.5575393134477,0.4424728509002809,0.8421518,-0.016996205601028852,25,147.33171,2000.7869,-8.253002,-2.223163585517945
2481,409.11297793216823,526.556942114436,0.4462058329794674,0.13221763,0.04653294301094638,25,35.96265,452.63095,-6.639361,-0.7886852588171684
2482,566.708000776543,527.2651413039082,0.41747294526515016,-0.12629192,0.06430160491442553,25,90.68029,1084.1656,-7.587739,-1.8831174812843052
2483,1809.626402581899,526.7519128197026,0.5234351416225411,-0.23679064,-0.0672235277148656,25,15.006272,141.53644,-5.3771706,-0.030685691572507674
2484,257.2283155168109,527.530409813791,0.3918775395067874,-0.17703114,0.052232551783936196,25,45.42618,693.98663,-7.1033773,-0.8599305628743423
2485,593.3139797820643,527.8394681264765,0.42157341942837584,-0.082551874,0.13659342774123667,25,1693.4614,20800.277,-10.795173,-4.9896321363724
2486,1078.2126603438146,527.9018796198558,0.4046531705061313,0.22572708,0.06724643490337259,25,27.34594,338.97504,-6.3254194,-0.5036074418562693
2487,1488.2180935582596,527.9989631259033,0.4550549324232267,-0.99743176,-0.1393725479734708,25,105.83282,1475.1141,-7.922064,-1.796090869371711
2488,302.528511719494,529.4989212108069,0.443626801749654,0.21612282,-0.06840044504038868,25,99.82549,1301.5378,-7.7861423,-1.847166063979417
2489,433.9845724900258,529.1760470204027,0.44824505746664445,-0.0038668704,0.01924525825013785,25,2120.9238,23228.97,-10.915074,-5.343138122494881
2490,675.764659003364,529.4812512994458,0.4125565804382193,0.20935933,0.26709223062244836,25,27.98383,362.25522,-6.3975363,-0.5346581897626567
2491,833.4821274326952,529.429159362797,0.47854964410737877,-0.23346348,-0.0714921184922581,25,28.922894,356.46906,-6.3800545,-0.5268727849344347
2492,632.1731241232376,529.5176370450507,0.4408549712783174,-0.058514576,0.12204734632415462,25,147.38959,1821.8615,-8.151289,-2.3084492965089694
2493,814.2131550959657,529.8953567331279,0.5787471936106098,-0.00914798,-0.12166944559664118,25,37.411003,381.5553,-6.4538937,-0.8483539018927424
2494,2028.8553572900664,530.6866319784408,0.4728163571989006,-0.009758514,0.08255866417719855,25,89.76641,1021.17993,-7.5227556,-1.8493567235614923
2495,114.61051144989648,530.8572786826026,0.5189930801105828,-0.1413333,-0.12763431242528941,25,52.008503,658.9749,-7.047172,-1.0427220510622455
2496,216.80187064423282,530.5308740058503,0.4886021773446202,0.1276445,0.039370684833676166,25,737.4041,8379.096,-9.807993,-4.086405799813035
2497,684.5280444154956,530.8805885553645,0.5556908338573997,0.041130073,-0.05237707657152896,25,127.455986,1350.8137,-7.8264885,-2.1625441966665795
2498,1924.1002829237646,530.5668304606644,0.4601479806643152,0.5180263,0.24244066078894008,25,27.605259,309.9271,-6.228149,-0.5911207153524425
2499,241.06029597497366,532.6291272066849,0.49111388464563976,0.13181353,0.1072417948203656,25,92.56988,1164.4155,-7.66527,-1.711933199444472
2500,418.89585722650264,532.5013068753881,0.5271937871074317,-0.025230534,-0.00857506937421881,25,121.84794,1344.8066,-7.82165,-2.0994504544326564
2501,494.566501477236,532.6668520730786,0.5449498324473492,0.37764412,0.0029129532852044102,25,91.59718,1096.198,-7.599723,-1.7277204037317693
2502,546.7070358171445,531.8376921483915,0.46525598491609044,0.15740345,0.08423604996998878,25,326.90067,3674.7153,-8.913059,-3.2579900366349324
2503,692.7357904046647,532.0182542569595,0.5032768675038488,-0.074618295,-0.011896384613956408,25,53.270653,583.6353,-6.9153543,-1.2409821764598918
2504,138.32306191416637,532.4010850389191,0.47993642356101895,-0.25350007,0.03399261747110903,25,245.1447,2985.467,-8.6875305,-2.849889173856547
2505,969.858600510988,533.2441401933679,0.4251140602527311,-0.5003915,-0.1974198853394026,25,47.836506,619.79034,-6.9806123,-1.0863591814509892
2506,389.25735053285035,533.8526455809213,0.4497734988888874,0.012009257,-0.18501425290440413,25,84.36416,1068.8575,-7.5723,-1.695727766316637
2507,931.4567176566401,533.6609545740419,0.424975814411249,-0.4280081,-0.1478627548893952,25,93.05097,1131.9739,-7.634591,-1.8477666872675005
2508,1208.3433773753607,534.3816079369894,0.535167894492311,0.22950523,0.18518944721618236,25,25.2748,240.59964,-5.9532375,-0.5118655774018522
2509,1609.6322706789813,533.9552817897102,0.519976038072606,-0.06765423,0.02984755574098692,25,103.05848,1079.6674,-7.583225,-1.986033839819581
2510,12.44890442913771,534.7316345318214,0.351580820993068,-0.13776653,-0.24775951276741515,25,28.12598,390.00708,-6.477681,-0.5674268685552677
2511,523.509484664778,535.1304272499345,0.4088438211830275,-0.24604525,-0.13200893610851908,25,261.7583,3302.932,-8.797249,-2.9758238675789968
2512,1061.07428210374,534.5428336873715,0.43645279883520405,-0.124142915,-0.04294982960100639,25,20.13464,247.6165,-5.984449,-0.10197823253484256
2513,1332.9698279872691,534.7284976762428,0.5665511476043331,-0.11676388,-0.12766497529456353,25,181.79155,1953.9469,-8.227282,-2.507928542292256
2514,77.65031363637375,535.6682012202381,0.4767373100597856,0.78941876,-0.08272961094336256,25,99.1816,1412.6891,-7.8751163,-1.668227612953085
2515,207.0789341051581,536.1219538910207,0.45628704241048,0.12920548,0.03434629925845104,25,389.6868,4513.473,-9.136277,-3.4332129229609993
2516,1349.2242942323542,536.3569831890941,0.5680239391838184,-0.0158106,-0.03638362789920388,25,643.82715,6669.2803,-9.560198,-3.913849650068659
2517,160.61620653296887,537.2304965403033,0.4809462051146125,0.0041705803,-0.09336994387053342,25,206.94856,2548.6255,-8.515765,-2.640282698588894
2518,225.11079275508013,537.1527548421323,0.5610784019643825,-0.038782932,-0.11868949167039908,25,23.514744,298.99033,-6.189143,-0.15674725828767766
2519,337.47350129391674,537.2332395601939,0.4566021791319508,0.09379842,0.00850902297950311,25,71.10201,892.51984,-7.3765445,-1.4731316243420647
2520,370.47324203439825,536.4380986547968,0.6586753987073253,-0.2026279,0.07341372818353618,25,26.610973,304.58496,-6.209271,-0.29973607393736523
2521,532.998076335725,537.4120255740364,0.41452105671076167,-0.11731796,0.008642692224209771,25,81.1096,1014.9219,-7.5160813,-1.7095635486876672
2522,986.4128123980771,537.0656723902548,0.45701894165624607,-0.19380014,-0.14504705419055547,25,118.09976,1391.429,-7.8586526,-2.1143625608980092
2523,1254.5346314837952,536.5518985298991,0.4765928535343283,0.3433158,-0.12576480043004826,25,41.37374,452.88358,-6.6399665,-1.013094688399937
2524,1562.1374087104296,536.8268455238951,0.552580370336349,0.18333027,0.20257587157946505,25,32.654034,341.40268,-6.3331676,-0.6585962692019647
2525,24.93922316133712,537.3710701263534,0.48076507523411366,0.27459598,0.09821666246784078,25,20.338135,253.96204,-6.0119224,-0.14126385282111228
2526,91.80406369130867,537.9556294977018,0.5409119554690698,-0.07152093,-0.14224438003715825,25,132.42043,1426.7758,-7.8858895,-2.2008052432977445
2527,511.5787837600418,537.797408668418,0.4176116700532994,-0.021520147,0.023381236855260234,25,180.94669,2152.7766,-8.332498,-2.6416268487530465
2528,636.1051996130427,537.754039174225,0.4055418590705916,-0.040499628,0.08712616967222564,25,344.48685,4045.9722,-9.017557,-3.3489958074918826
2529,1758.7062055408396,538.0390795697351,0.4604184736433014,-0.026194237,0.05216345847720006,25,39.835052,439.82074,-6.6081896,-0.9777352831055921
2530,298.03137118367283,538.6517929973056,0.4662396944716332,0.0060706325,0.08503129751165525,25,247.0909,2868.2798,-8.644054,-2.915363125827387
2531,906.4852373096819,538.832815341952,0.44019488690856207,0.08665637,0.08296183454146129,25,61.46842,746.7392,-7.1829224,-1.3896515319895808
2532,943.1058691158759,539.1982680554564,0.41464740937950667,0.02723935,0.0690178087685948,25,56.231884,684.08716,-7.0877786,-1.3501127968115434
2533,142.16623590038841,540.1872085585603,0.5140806569705522,0.1127476,-0.06595328979118449,25,424.2833,4570.825,-9.149986,-3.5070226989257822
2534,243.16538508656436,540.1709681900016,0.435087203941773,0.72285026,0.03981877162666761,25,146.27881,2108.443,-8.309905,-2.1430621595768877
2535,1224.402100483369,540.1479891819265,0.5454631678539925,-0.3699653,-0.24712315682959496,25,18.06744,195.82767,-5.729685,-0.08634175289203444
2536,50.5511915511029,541.2568071332136,0.4235155099456969,0.50198424,-0.13741993838321526,25,34.50225,463.3991,-6.6648884,-0.7240165127791951
2537,273.31735512664204,540.593191049915,0.45254561604865284,0.23580606,-0.24593514969312086,25,213.77177,2883.9236,-8.64996,-2.6168121934755355
2538,543.8908142588818,541.1350863343919,0.46728129635244026,-0.1631164,0.07924674422941158,25,148.2578,1714.7158,-8.085481,-2.385481237672707
2539,768.0177666788809,540.9297766126807,0.4769494013512165,0.0019851387,0.14095445100326953,25,25.070122,315.50595,-6.2475185,-0.2925063362379873
2540,60.276821402796116,542.4334813670678,0.46538384738228317,0.10064593,0.01649605253319879,25,128.61745,1601.1736,-8.011096,-2.1091995997851
2541,216.22054151738504,542.4266135395402,0.5780103945986439,0.08569162,0.08267878352397186,25,119.4799,1331.6481,-7.8109736,-2.0155627419496898
2542,357.2331110114105,542.5630958839063,0.5202135366377244,0.21136442,0.14095825161025063,25,722.701,8186.9087,-9.7828,-4.038082784832903
2543,589.7503598658785,541.4845271603613,0.5116794175815755,0.0629643,0.06546544674980675,25,351.33417,3884.2017,-8.973254,-3.2914528862773995
2544,6.870427567071461,542.7384543534698,0.5298333291317837,0.16100504,0.004501194271037292,25,89.375465,1046.7817,-7.5496407,-1.6919042964895374
2545,331.39929953254045,542.7431812696773,0.4686005311038331,-0.07955121,-0.11956568412109443,25,34.58906,464.6118,-6.6677256,-0.684894947439846
2546,832.2978757598664,543.1001790799821,0.49187482954533623,-0.042031996,0.06998809106365511,25,207.49751,2278.961,-8.394342,-2.752250131224515
2547,969.9519053687438,542.9675791760029,0.4619691909882388,0.19349824,0.01410304878788887,25,355.96323,4046.136,-9.017601,-3.3250450313240303
2548,1610.9695014716547,543.6743187225748,0.5401164935986899,-0.117292434,0.3663604992914037,25,31.348545,320.73892,-6.265379,-0.7125467947255736
2549,121.0877880136345,544.480469499502,0.41521260117171244,-0.20534521,-0.04805607458416184,25,212.98401,2862.9553,-8.642036,-2.6683190829047425
2550,310.9179396628005,544.2774984763164,0.45149470290893606,-0.035882086,0.022178568444833797,25,3651.1326,40520.957,-11.519199,-5.920502296783283
2551,430.08368568332065,543.8771593222787,0.47301897677708554,0.11356507,0.021241097905587113,25,131.84984,1578.5876,-7.9956717,-2.188132579169218
2552,573.807557696594,544.384558452749,0.433780850308877,-0.17733508,0.07862779231524328,25,48.35866,566.5689,-6.883132,-1.2252510948854596
2553,744.8849144469589,543.6395226673304,0.5238026925013838,0.0031133916,-0.02673935763936551,25,67.04897,718.4461,-7.1409855,-1.5193769256966663
2554,819.8337696461043,543.5549191801447,0.47546884515330984,0.27711675,0.1770290071823948,25,921.3927,10369.1,-10.039352,-4.366473925501585
2555,536.8339502318704,545.5562614052634,0.4682942873377333,-0.06744308,0.08354862314667892,25,123.97134,1482.8125,-7.927716,-2.144939780328236
2556,710.4510577576378,544.436575822165,0.4233648434796248,0.19622603,-0.021379770434107926,25,25.963219,312.7368,-6.2379475,-0.5574952975334063
2557,911.8092906786907,544.8166377760896,0.4998453111737709,0.06513923,0.04739844523645329,25,81.98934,973.98755,-7.471384,-1.615446289735019
2558,225.12179936563268,546.1708625570826,0.5421153290233892,0.41320342,0.07078779442686522,25,55.034542,664.5953,-7.056393,-1.1807846878042423
2559,1068.543910118541,545.7924425164066,0.3972191714548331,0.06403455,-0.00479790052894012,25,34.734287,402.16846,-6.51102,-0.948242463134904
2560,447.52226674846327,546.6457808341951,0.45897407530903345,-0.3032191,-0.011633455493352615,25,213.79227,2489.188,-8.490144,-2.759804299009809
2561,514.3717659998788,547.4662569587238,0.5670218453253832,0.3649138,0.04740646695211427,25,138.32332,1575.0559,-7.99324,-2.185415928179178
2562,554.4035316095427,547.2160462691177,0.3690150146710022,0.0696636,0.0409574701713004,25,118.557365,1617.5189,-8.022123,-2.0530912267085073
2563,1162.6293187054898,546.7610710669805,0.4828229987501234,-0.03295236,-0.033645124062562703,25,31.19101,347.77286,-6.3532395,-0.68957825682527
2564,1330.6804683006067,547.2981586035637,0.5349718614044813,-0.26324332,0.0013858993402758174,25,64.3499,690.7452,-7.0982943,-1.4387957108786869
2565,1832.0568354244597,547.5404517067427,0.4298586184108312,0.0119969975,0.013533136955481643,25,38.30071,455.91556,-6.647211,-0.9043808833057666
2566,15.376612898575027,548.3117633054505,0.3944330310581545,0.06922678,-0.2832900269362123,25,40.22581,578.32837,-6.9054365,-0.78892147952264
2567,1585.5075478527492,548.3958859919725,0.4216075890740576,-0.50615084,-0.13080469834378686,25,40.285458,468.86588,-6.677622,-1.0221774576618823
2568,164.89399366828857,548.4074627674752,0.44734312911606533,0.26888353,0.08834673116313932,25,51.068157,630.92444,-6.9999433,-1.1803001858804147
2569,0.8768939986076355,549.6515650217277,0.43717889046715097,0.60597986,0.5680807875888048,25,79.74745,782.53864,-7.2337646,-1.9068250475497315
2570,324.8382411585429,549.9472264930185,0.5222262379384951,-0.09510715,0.009704703738549515,25,105.3191,1210.7444,-7.707631,-1.913003589858005
2571,929.1795653917732,549.6381142759202,0.37108426921804233,0.10706263,0.10680415986321098,25,130.64455,1682.5591,-8.064926,-2.250456292495564
2572,1038.2302326824065,549.7986381423925,0.3908775414913112,-0.13897121,-0.049499858919964945,25,23.543964,285.37558,-6.138542,-0.3964397640595585
2573,1146.936146564625,550.2660954425421,0.5191970410512639,-0.020634018,0.10587786653269243,25,301.40057,3180.4177,-8.75621,-3.1507850152451167
2574,1689.0028789140806,550.4939540602711,0.4506731259938071,0.07831335,0.11461713819364498,25,43.145164,471.9044,-6.684635,-1.1111453448265483
2575,48.24770584418674,550.659187235368,0.50253020285918,-0.0630482,0.03367115504327276,25,338.58887,3720.0232,-8.926364,-3.263328397510687
2576,482.3722928039983,550.6546031293022,0.5641564362312658,-0.20268337,0.07225105413373517,25,52.249317,621.3885,-6.983408,-1.0243914006391623
2577,701.6616704460951,550.8152660912748,0.35002702712540334,-0.1915513,-0.1705782756547167,25,23.65105,303.73,-6.206219,-0.5099140350062911
2578,777.6548140097891,551.0660836012528,0.41115110839689556,0.01913482,0.03706997146553991,25,283.3868,3435.378,-8.839936,-3.0937436810011105
2579,1028.0380256607796,551.3232402784804,0.6552485481905852,0.5211917,0.1775126117996146,25,19.473087,177.33432,-5.621982,-0.06635531152750884
2580,127.2180948863603,552.0726847642269,0.49007695632691145,0.11305475,0.08959155202234996,25,663.1775,7553.3774,-9.695353,-3.987681649106868
2581,606.9108134460888,552.7367549075283,0.5304090583399016,0.0002563711,0.2089242517476865,25,336.07352,3740.5996,-8.932353,-3.1972616956921494
2582,597.7020171335461,553.4693602021995,0.4049777963764756,0.048682295,-0.18995185658597055,25,25.403507,361.44302,-6.3950996,-0.2656424637420558
2583,675.9566453861014,552.6451285221059,0.47328415617673014,-0.09882674,0.15005160764304065,25,51.263824,583.41223,-6.914939,-1.2125246394765576
2584,1504.8868219106462,553.6434336660471,0.3764837279684418,-0.4886669,0.05705541372063028,25,14.192115,156.6674,-5.487447,-0.004307042716044796
2585,317.0125512765104,553.8322491646509,0.4960684565937786,0.0036499482,0.1164823553664924,25,43.069817,619.6755,-6.9804106,-0.6930913474586771
2586,1393.6516458335454,553.7291605995275,0.46198043857455173,-0.015569611,-0.028197732579427003,25,219.87389,2463.4768,-8.478871,-2.827858170134335
2587,659.8881805210128,555.6086356357063,0.47798080259749387,-0.08408264,0.14215700941703205,25,137.26158,1602.7208,-8.012144,-2.2614058348708506
2588,1670.595567698253,554.8407205165094,0.4337774971907569,-0.027237346,-0.018246032527906703,25,119.280846,1330.7728,-7.81026,-2.2522548810382768
2589,118.84537669838726,555.6150001604786,0.516408866905751,0.023359092,-0.306629735468748,25,27.120636,348.4687,-6.3554096,-0.405860891126967
2590,179.13669914730642,556.0345689686142,0.5570317349412639,-0.042345993,-0.08588254400207122,25,76.97285,841.10486,-7.3121257,-1.5526356434145052
2591,192.37983178893975,556.1518197977066,0.46709840032837735,0.14962661,-0.07802815282015284,25,240.86967,2836.9058,-8.6321125,-2.8772799258504427
2592,512.7211721348248,556.413653744798,0.4687261137371777,-0.17888686,0.11577022629406612,25,328.2521,3820.608,-8.955332,-3.213097525603243
2593,551.5564682605303,556.2983171729287,0.4637054185703644,-0.16567865,-0.059069028115759224,25,115.43981,1426.8774,-7.885967,-2.0169607409769985
2594,939.9756210555281,555.8276309677044,0.43762376524211477,0.28095517,0.27385964948729474,25,36.454716,397.3478,-6.497927,-1.0058597693131437
2595,1383.023401242531,556.5936271404186,0.5366439644753693,0.23291653,0.26200807144410526,25,29.037052,294.69034,-6.1734147,-0.6072477065479633
2596,1995.684751252931,555.8455374626265,0.4827605194466272,0.025859902,-0.07758587699580535,25,2753.6074,29283.258,-11.166549,-5.617003775881261
2597,11.495279182844016,557.5127514045104,0.4481631081344143,-0.44268817,-0.09719501061505131,25,71.04167,901.46674,-7.387374,-1.4986211921436605
2598,64.29692157508876,557.0529988035573,0.4716858480218459,-0.0020609805,-0.07013255353650823,25,7892.515,87570.81,-12.355899,-6.714165193092172
2599,156.0831252277018,557.0331806732587,0.4035846455940213,0.058648463,-0.21681509435828455,25,22.78511,296.30664,-6.1793537,-0.41142780372760024
2600,216.35935472419737,556.8316217077203,0.40461027059817334,-0.07682809,0.0012747227420694212,25,45.35722,620.83026,-6.982432,-0.9432574437180508
2601,282.2557131061178,556.757301923643,0.45454214399137555,-0.047143318,0.08062001817729808,25,766.0099,9280.838,-9.918968,-4.116936418842594
2602,290.7400403484547,558.182373845881,0.5259442946244969,-0.7438232,-0.2747324717116945,25,35.500416,647.4948,-7.028091,-0.05276006682713489
2603,373.9625236400997,556.6665953179631,0.4563712668686532,0.050291173,0.08171717916712411,25,1591.0447,18133.518,-10.646205,-4.966787677012451
2604,462.59463374942493,556.6369758133909,0.4409662886336542,-0.3092555,0.034164206919016275,25,289.09674,3808.514,-8.951889,-2.9722504766792897
2605,630.8964058690206,557.1221708163969,0.45561581493831105,-0.08769902,0.008849237497105783,25,133.49847,1545.9824,-7.973011,-2.2587891259641326
2606,647.9901514676131,556.6133401943532,0.46468150481821807,9.935595e-05,0.053097515404421744,25,24.818546,304.0954,-6.2075243,-0.34873245571687855
2607,719.6288910827592,557.2992262764529,0.4890172632346065,-0.27602798,0.08336373879589527,25,86.493675,1008.42523,-7.5091095,-1.724499752822608
2608,1324.8185811576932,556.7698266531821,0.4904126801765989,0.00036501346,0.04601049372449702,25,58.48892,632.2967,-7.002302,-1.3774576497130178
2609,136.51406832980862,557.6039280652624,0.47465314616423315,-0.31613013,-0.06694988145018424,25,237.59538,2862.5623,-8.641888,-2.831976520849258
2610,238.85067542557138,558.1907348024212,0.48970292720027325,-0.18784764,-0.05845826236000342,25,5112.88,56110.1,-11.872602,-6.232362514871342
2611,249.65112682788975,558.3705077203716,0.5149533424545163,0.09662893,-0.0953898537552813,25,54.159782,805.1419,-7.264681,-0.8935243359734045
2612,1240.2805329388207,558.1983795421985,0.4798865997782356,0.044676997,0.02366605036075625,25,170.74974,1880.0083,-8.185399,-2.548123682374416
2613,206.94375759378738,558.868516781894,0.45182114322048766,-0.8170917,-0.14189090378466393,25,102.85302,1391.871,-7.8589973,-1.813722808031989
2614,397.3439595029961,558.9453242666898,0.6283250235490672,-0.029051373,-0.09840111565568997,25,35.808323,400.87827,-6.507531,-0.619873607491865
2615,413.85947077238524,559.1505644088518,0.45109606900292276,-0.24584275,-0.007173952058452194,25,44.891785,563.357,-6.8769593,-0.9533066234313003
2616,259.0275909974013,559.957238459691,0.469539767666342,0.08995137,-0.08276970865436349,25,62.152493,833.8232,-7.302685,-1.2285252015522532
2617,994.3473308180128,559.925310066388,0.4610506894913054,-8.770074e-05,0.08553694894132134,25,58.37881,673.76135,-7.071265,-1.372524236904892
2618,1102.1352250611196,559.4444807827432,0.48843567345811256,0.050601713,0.18469342848497955,25,142.55609,1640.1638,-8.037218,-2.3001096669931167
2619,228.63343997853738,561.0116929825076,0.4360431211299648,-0.07920585,-0.04729841798415136,25,558.7689,6486.394,-9.530008,-3.864410549322189
2620,1410.5368548273534,561.2670216737102,0.43550280702981203,-0.12594716,0.0407239489093304,25,27.657566,314.348,-6.243527,-0.5625191920635476
2621,878.7429311988881,561.688736693316,0.4939359799109969,-0.55371505,-0.27082453623573965,25,17.797455,205.48668,-5.7819595,-0.13793099487605137
2622,1280.826876090301,563.3744754604111,0.5886702283739851,-0.21588793,0.10550808286713154,25,46.723476,440.91522,-6.6108875,-1.1090838184693825
2623,600.2428157026743,563.4325979934773,0.5290577929839078,-0.29000828,0.43844923369861727,25,194.26067,2544.3164,-8.513928,-2.411278351692893
2624,923.0890371698107,563.8924364532093,0.5647339754120665,0.16127956,0.17748940830798673,25,25.542725,260.90256,-6.041196,-0.42974809642979
2625,976.249103629917,563.6745374610821,0.47554063755621984,-0.14994918,0.1374708321175824,25,108.68643,1178.6128,-7.6784277,-2.087775255767484
2626,1969.520179854405,564.0461535238358,0.5024525990869675,-0.24631569,-0.08539498826914266,25,70.21477,753.3248,-7.1924553,-1.5767967512289036
2627,47.33592397981519,564.9021699989161,0.5346936720523436,-0.05728921,-0.21791472694248276,25,64.64322,730.7859,-7.1594753,-1.3775191506810347
2628,185.88920999172467,564.7019746192252,0.4673537617964269,-0.21410078,-0.02606875492715712,25,34.590996,413.62625,-6.54152,-0.7745982875367741
2629,523.4545906974286,564.9909581189296,0.45401614879826047,-0.26447877,-0.09458153654030269,25,41.249058,488.43915,-6.722026,-0.9840100282392411
2630,709.6098921375859,564.6468968655114,0.39164177023038393,0.09257093,0.0921067792970726,25,59.366116,816.80347,-7.2802935,-1.364188858675392
2631,745.9152168159138,564.8690354341277,0.4864745951102402,0.05247409,0.024377124011298,25,243.70462,2590.265,-8.5333605,-2.9585699793163207
2632,112.29603715514735,566.2441048415598,0.48115695437936007,0.3693218,-0.018202864559556383,25,281.62823,3575.5261,-8.88335,-2.951606789625123
2633,138.61943197226063,565.7243611966719,0.47245945652019683,-0.39412993,-0.17125520356975732,25,167.9033,2262.0566,-8.386258,-2.293416725902995
2634,380.8742273032272,566.044599156003,0.48498556683464705,-0.061255846,0.0021653454291125163,25,101.43139,1189.8938,-7.6887703,-1.9003982583151418
2635,574.0722184913734,565.9508548119068,0.39335886732081937,-0.2697325,-0.22394689891616062,25,48.685093,724.5778,-7.1502123,-1.003080512660228
2636,681.7826926214509,565.8218104831917,0.5695150322026491,0.28056586,0.0976363135594523,25,42.11556,461.22012,-6.6597705,-0.939354756931638
2637,1079.8127356519694,566.54394276717,0.45478357241012424,0.1377069,0.07228652144812966,25,89.81659,1020.5805,-7.522118,-1.8814702095664808
2638,1135.1474501751552,567.0181930658773,0.5018138174815728,-0.05727101,-0.034915143757280546,25,780.30786,8233.397,-9.788948,-4.215399006208459
2639,250.27736996202182,567.8155887308194,0.4919068452484452,-0.17370997,-0.013989777367640333,25,63.25587,862.0372,-7.3388147,-1.2403277652182991
2640,352.2565314965318,567.736557698394,0.4515653354677908,-0.08292675,0.10856460234510834,25,363.3871,4331.804,-9.091672,-3.3135923292876694
2641,441.3138302543749,568.420758010464,0.5467394329560217,0.19818003,0.017275274127479142,25,322.2046,3490.729,-8.85729,-3.1550457020500193
2642,640.4470857522155,567.939937925509,0.4690738193864329,-0.12990434,0.03525669582662255,25,49.755505,603.80676,-6.952245,-1.105772557958918
2643,793.1028502769526,567.9586098887811,0.41402121248023366,0.27950683,-0.004938301768360605,25,38.0878,457.13153,-6.6501026,-0.9902575383572138
2644,819.5726607571567,567.6160605788757,0.4732330717489509,0.19238703,-0.0008172159279390774,25,338.0827,3931.8142,-8.986483,-3.232224040459448
2645,198.47292310441986,569.3286607367019,0.48952940020092556,0.15651882,-0.03328067515505342,25,202.60396,2383.2522,-8.442925,-2.6466363500077694
2646,462.33686459836633,569.0401992398218,0.4920993210894929,0.048979994,-0.007912273061482882,25,335.58252,3812.0562,-8.952898,-3.2334650295865197
2647,1897.9232902103413,569.0403934373079,0.4966776761525807,-0.1977799,0.08334775508012596,25,51.585827,551.4505,-6.8537664,-1.282477362263813
2648,17.19724194723609,569.5676468581839,0.44354704261731087,-0.052873246,-0.02386435159487073,25,466.46466,5564.584,-9.363582,-3.611504833961556
2649,237.220080833607,569.7301735962396,0.3828378165233577,0.055663157,0.10502537340350984,25,37.772587,624.4762,-6.9887896,-0.48567724487415953
2650,405.4522697671542,570.2615867541679,0.48513569024735315,0.09835259,-0.010347183757971227,25,195.70676,2299.6511,-8.404155,-2.6044036375826867
2651,511.08029827485734,569.9537137801744,0.3586736841668297,0.27560836,0.21509219103971625,25,20.544346,261.44684,-6.0434585,-0.35902289954773414
2652,662.448552303437,569.8243050734455,0.493483315272927,-0.1190522,-0.01558892976356787,25,176.2632,2016.0262,-8.261241,-2.518389345502736
2653,1519.8486502281298,569.9926186419224,0.39784282974177543,0.11723633,0.09734135661401114,25,43.983654,520.37335,-6.7907877,-1.1215143457018983
2654,151.94646791114795,571.5194121548979,0.44117638952287086,0.2311504,0.11699862617402537,25,30.042084,427.50522,-6.5773535,-0.39385174947659807
2655,1146.534372581136,570.0874816460895,0.47932945532219584,0.2658217,0.11549483313133851,25,21.098522,263.18726,-6.0506625,-0.23003852673702044
2656,34.97847353763775,571.4232066677165,0.40044711275810885,-0.0502254,-0.3179791075595998,25,142.05731,1986.479,-8.24521,-2.1498324828671
2657,327.0452653424899,571.8547745575434,0.5487490030887647,-0.33777398,0.18476251014817724,25,60.786198,776.32965,-7.2251153,-1.1949669541352435
2658,492.4805417180991,571.680502134334,0.5676825144384589,0.0659656,-0.1464720592749379,25,58.533543,677.9752,-7.078035,-1.167639679782666
2659,540.1811058534815,572.3477581391601,0.46259778281354574,0.24101098,0.42474566439696576,25,49.36801,638.79553,-7.013405,-1.0352367584495834
2660,563.7880201350953,572.2960842735782,0.44648042651016656,-0.11896893,-0.002037790800964298,25,8437.803,94111.766,-12.43411,-6.83436870363035
2661,619.8675624625728,572.3144985858447,0.47309168126357337,-0.076417595,0.05614965650466186,25,283.1907,3252.653,-8.780595,-3.0582876024968457
2662,870.4727630273915,571.8825795530003,0.4448354899835845,-0.18197936,-0.002555075631216019,25,64.07159,778.463,-7.228095,-1.4638437098460952
2663,892.6480702975924,571.831223438945,0.4001439406452611,-0.16104904,0.15639693424697165,25,77.91907,1097.9126,-7.6014194,-1.5342680294146427
2664,1048.1335584653268,572.6730409860991,0.49212982146679735,0.22630124,0.1888626610201536,25,5630.7627,63282.098,-12.003202,-6.321990245078388
2665,1058.8038562823003,571.8249481574543,0.5056789747052897,0.05881711,0.0062888998683248995,25,112.00644,1361.1842,-7.834792,-1.9386252429845467
2666,1325.6743348396503,571.5396875314486,0.45222508814271356,0.027662497,0.053409622000704475,25,62.829166,730.437,-7.158957,-1.4257759797185698
2667,73.39207107142123,573.2794261257602,0.2715624915864164,-0.10972633,-0.029545473692311728,25,20.701279,342.6024,-6.3369756,-0.08392592489961698
2668,86.23309620313857,573.5504615149088,0.4356870243274118,0.23846495,0.07989099658062698,25,157.17249,1917.1724,-8.206653,-2.426477525162045
2669,279.25034233820736,572.5437982407675,0.3244531478721993,-0.085978,0.10219962607981539,25,66207.25,940086.25,-14.9329195,-8.906829191937963
2670,415.2266383618164,571.9039188015147,0.49037261935193105,-0.047633,0.2900854446827991,25,23.509666,306.79404,-6.2171173,-0.25018138104488824
2671,478.33526969852807,573.2502199924005,0.4789810288657332,-0.20900324,-0.10336073224453673,25,167.92804,2023.0609,-8.265022,-2.444019649605714
2672,779.4422252552622,572.7597017089556,0.4232434530563677,-0.404145,-0.04359725521608944,25,31.710823,384.7396,-6.4629173,-0.6983731468201269
2673,860.2944171446571,572.6736476561163,0.49807898272682327,-0.12484381,0.040106089813757885,25,194.6423,2156.7363,-8.334493,-2.660779563308842
2674,995.5603254465577,572.8257726779144,0.4577806813619314,0.06594391,0.008661916282193696,25,299.4461,3534.9287,-8.870952,-3.1008933091873137
2675,1216.5086332949686,572.9670294047083,0.4627058923754088,-0.08447152,-0.04414147210279986,25,284.66495,3243.2937,-8.777466,-3.087307959531222
2676,1500.6281038124484,573.2661983332814,0.4480547526260774,-0.09435994,0.030181579955366494,25,24.390675,262.2228,-6.046676,-0.5568080787271117
2677,1596.6400207464324,573.1625413518827,0.5682377527696749,-0.14702733,-0.08431824804555293,25,26.740326,239.91492,-5.9501433,-0.5928733499020937
2678,210.5715865960892,574.3646110351601,0.45615055630064405,-0.2594333,-0.04252065317758432,25,479.44318,5624.8774,-9.375282,-3.6395038134739566
2679,597.6016244398148,574.3391385656024,0.48265383414809715,-0.18903413,0.013597294678270647,25,138.29272,1613.04,-8.019113,-2.2616619313797477
2680,963.002823822811,573.9630637659736,0.4725241188471982,0.2619892,0.07756173098613438,25,213.027,2588.1511,-8.5324745,-2.708197448478905
2681,1268.6055115927006,573.8114636138272,0.5219033716742669,0.31565115,0.07868588499811266,25,22.511753,227.23224,-5.891175,-0.4258240348991998
2682,2023.5117951112322,574.5380678263427,0.4487604460483736,0.141437,-0.0012784650077290538,25,77.12588,946.28784,-7.4400578,-1.606596047450506
2683,684.9695748027129,575.8993101967754,0.3954994986804892,-0.15557523,0.3265864238260973,25,19.740723,233.19926,-5.919318,-0.35622223631233824
2684,981.3044943415367,575.9942002956199,0.4802168622895564,-0.21534342,-0.09517729516320333,25,26.730663,327.78244,-6.2889643,-0.39547533017106573
2685,1461.4322198137188,576.4675202810973,0.45618405811078,0.1661883,0.07091339193541493,25,132.88286,1521.2739,-7.9555182,-2.2740403263758586
2686,5.827324045420633,577.6106193755847,0.5135734902284634,-0.22328384,0.06895728793469595,25,59.955578,728.8075,-7.156532,-1.2435168749989525
2687,388.33072131935836,576.7052496104089,0.5805183559035437,-0.12687308,-0.028329738609277465,25,37.21526,435.31445,-6.5970078,-0.6696116062888342
2688,1708.743585613523,576.8557951234399,0.3838296625814833,0.013979158,0.08059889043773687,25,21.271713,253.0151,-6.0078664,-0.3092327738135015
2689,345.6217048195678,577.4501411911243,0.47469497160418417,0.15772124,0.26599133429375116,25,197.03639,2671.3264,-8.566817,-2.4951117192933587
2690,436.47878665945655,578.5945341301906,0.5132040162244841,0.32380652,0.07228620800382672,25,117.96363,1404.4998,-7.8688045,-2.019235450469712
2691,527.494477140687,578.003714476314,0.4715338612434299,0.06733311,-0.031096111838251405,25,423.60587,4962.875,-9.239333,-3.481643569877593
2692,877.031141166801,577.9679115197468,0.46807905948076284,-0.01492181,0.04686701217994324,25,191.57082,2193.6553,-8.352921,-2.6356022736712847
2693,174.43191735443654,578.832835788325,0.4847798476034194,-0.19737285,-0.030577179226451173,25,274.35635,3075.9448,-8.719946,-3.0433326656775064
2694,310.47582143334307,579.4676830917425,0.4281853968323351,0.47538346,0.07695504360927133,25,37.152912,560.1622,-6.8707843,-0.6324591655823788
2695,426.7767036278259,579.2085715356396,0.6032482924873558,-0.23556556,-0.019166193121579245,25,33.89125,440.6336,-6.6101937,-0.4328827741268565
2696,573.3918215648702,578.0474992115647,0.36006053423041506,0.010576665,0.1622292953840309,25,32.09881,527.5678,-6.805696,-0.4523899405384055
2697,738.1856876865272,579.1848866192556,0.45357894506923374,0.055699944,0.04930952727426091,25,34.17336,386.92807,-6.4690757,-0.8046377613342335
2698,749.1625512949121,578.9895329443002,0.46245669599852307,0.14793068,0.08342613808588815,25,68.06969,775.314,-7.2236943,-1.5729747747154323
2699,1252.7039417074984,578.9387650248779,0.49232226160638304,-0.50224817,-0.18085305442903687,25,47.322987,548.10187,-6.847153,-1.1071271978326562
2700,367.8207198245086,580.1933288210665,0.4091974676690522,-0.14599052,0.2250314364059947,25,17.36182,237.73459,-5.9402313,-0.09278328623273271
2701,467.3758994780664,579.5417146722575,0.4554670368702257,-0.29612198,0.03222779002421162,25,118.82352,1415.0986,-7.8769665,-2.1060223174622132
2702,94.662947095474,581.1325309220946,0.44775668365744675,-0.63426197,-0.2908314818521443,25,39.52254,498.2703,-6.7436624,-0.8896759123652711
2703,148.2800138170608,580.6901532633407,0.5713660629568698,-0.31700462,0.006042359342541858,25,68.56089,788.7282,-7.242318,-1.3592745573463754
2704,330.19116182615,580.5270617474323,0.4154452797337504,-0.035856068,0.12271891630447415,25,281.69916,3351.2297,-8.81301,-3.13251490406968
2705,1478.0448344239285,580.5932771103678,0.44277312037599115,0.0008059069,0.11362779173970683,25,21.297894,233.0863,-5.918792,-0.3930361191812917
2706,106.25751927561164,581.8584554059577,0.55255662973631,-0.66648966,-0.20665195222136776,25,166.5101,1980.5999,-8.241992,-2.3793440337609084
2707,200.69955402172047,582.4403849598357,0.4321487797243587,-0.42762402,0.04431494419937797,25,164.90239,2176.6484,-8.344471,-2.411653199435699
2708,250.64591578069033,582.4905096845415,0.48564140960971824,-0.30366376,0.060012731712942295,25,126.52158,1590.8075,-8.004045,-2.068981683303713
2709,276.5693399566287,581.1460491413834,0.4877414641118448,0.0071011693,0.5090033144916362,25,306.6435,5335.4556,-9.317928,-2.513609580441354
2710,612.0187886691119,582.9478943299783,0.4572481680400178,0.008525566,0.04301271520050296,25,175.77983,2010.0525,-8.2580185,-2.5786414533940687
2711,1208.3875991592488,583.2714018471257,0.3818109558380714,-0.07955167,0.00934663320577748,25,25.73877,304.1577,-6.207747,-0.6638991673329031
2712,284.726949552534,583.7076286627348,0.4781594773833027,-0.34021163,0.5995901814291339,25,122.11109,2521.427,-8.504116,-0.9351930324448144
2713,515.5487160010185,583.7881692543518,0.4473766902776727,-0.33745766,-0.12905017670986335,25,106.240486,1234.3976,-7.7286377,-2.0674449407291906
2714,789.2339526347611,583.923520074745,0.47168068076220937,0.015788559,0.026549891281150165,25,247.27037,2748.6008,-8.597779,-2.944031622111053
2715,1922.1722164150644,584.7316299313133,0.6208772368616551,0.3156289,0.14920959128128017,25,99.90046,999.5556,-7.4995174,-1.870692731560263
2716,891.1312185537995,586.5824578298322,0.5419687644679133,-0.12828542,0.048055496572017506,25,25.72794,265.30685,-6.059371,-0.46498945266758823
2717,1052.186390849931,585.4703272054745,0.4361785650540693,-0.10838934,0.0840952595359452,25,303.64545,3567.5442,-8.880923,-3.1851439379246353
2718,23.54723311139088,586.849318356899,0.510965513598234,0.31611085,-0.06884750739410084,25,22.944435,282.13922,-6.1261587,-0.2530108223803273
2719,69.40187537974172,586.6408202507239,0.500502654127675,0.10116232,0.059112569132733404,25,210.39809,2564.0012,-8.522295,-2.648885563102235
2720,124.04775677123524,587.322382557335,0.4806725394654598,0.031506676,-0.0901776251966687,25,55.014034,648.1219,-7.029142,-1.2525981960613102
2721,419.74934366304507,587.2066300034094,0.47858099396313586,-0.1030485,0.07315331102542268,25,184.638,2205.284,-8.358662,-2.5385254592266553
2722,480.55898779940503,587.0028071803198,0.4335442391514843,-0.2085467,-0.04709114479298322,25,194.85783,2341.1025,-8.423552,-2.681111265295819
2723,85.5913159938348,588.0785110035781,0.4056488709905111,-0.17919992,-0.09299845161695854,25,56.60786,735.7169,-7.1667767,-1.2467600477303018
2724,155.72586283813928,587.9209595933492,0.6166411251057581,-0.13683951,-0.3213163386299103,25,22.0672,230.21992,-5.9053574,-0.21120662928771844
2725,218.26517783812838,588.5108236178876,0.5023023053393589,-0.4125433,-0.03355505856839577,25,114.974464,1479.7961,-7.9255047,-1.9475287573094016
2726,551.5486000967909,587.6310622071178,0.5441840775604184,-0.21095301,-0.2778981304067761,25,21.826237,272.26758,-6.0874896,-0.17901113101719507
2727,651.0449425662268,587.6593179577699,0.4308069413902006,-0.40311396,-0.07689972529675779,25,50.338696,648.2436,-7.0293455,-1.160654988518788
2728,1104.6042630789584,588.2346581342734,0.46971425532507,-0.1102141,0.016805811021992172,25,77.1161,883.634,-7.3656807,-1.664121410530282
2729,542.1269833831815,589.2936870461876,0.5662086458109168,-0.21258612,0.14186839481061056,25,31.35757,350.38086,-6.361351,-0.5592863196980982
2730,1259.533334131174,588.9258418017123,0.4601987353599513,0.078513645,-0.11002571160741263,25,884.3568,9960.791,-9.995735,-4.338622008965949
2731,1366.9719365268782,589.0862254489186,0.46364430917500554,-0.003291841,0.01164492442659232,25,125.77972,1513.9739,-7.950296,-2.2093068527778064
2732,4.969963550703576,589.735998635718,0.5036664711509202,0.06333569,0.04634655951122416,25,460.3033,5021.708,-9.252129,-3.5948698952198948
2733,135.069738730182,590.1834435689271,0.46787663138142593,0.5915292,0.09544813721770143,25,72.34063,1007.679,-7.5083055,-1.3594942861281214
2734,401.4398480616792,590.3784992353071,0.509775247775818,-0.36214802,0.02521613038818602,25,81.371605,969.29944,-7.466145,-1.613005265141805
2735,754.5323204741185,590.6564216228966,0.5205024486984132,-0.3063642,0.06222306165265296,25,368.68527,4421.258,-9.113865,-3.2541104443578006
2736,1230.9827482470216,589.9417618429667,0.3342291848263958,0.12276445,0.25796444780316125,25,15.968307,181.16258,-5.645171,-0.15452185763395032
2737,437.2235237764573,590.9718657641466,0.4066314526434865,-0.22875671,0.05143592095467132,25,24.048439,323.20593,-6.2736983,-0.18246559387419942
2738,685.1483346685524,591.1784594550351,0.5413486224962013,0.012696307,0.0041397096744965655,25,188.54182,1979.1431,-8.241193,-2.60749722118853
2739,494.58977437302804,591.917796204908,0.3520627500792309,0.6729683,0.28428939764207256,25,175.51685,2684.416,-8.5721245,-2.4506443940082305
2740,561.4570912666368,592.1709598394553,0.4326758758706557,0.19735192,0.030386775960884745,25,151.3306,1809.3071,-8.143781,-2.403059152416029
2741,854.0481752776069,592.222060366158,0.5310538760598711,0.28162688,0.07781519929576641,25,340.0652,3592.7913,-8.88858,-3.278127680345712
2742,1045.0415579956539,591.7752544108321,0.44575502905165737,0.0951382,0.10338877581044757,25,148.83672,1736.3424,-8.099089,-2.3871466012193614
2743,105.1801333436634,593.1923338229833,0.3944978169786829,-0.19531244,-0.26897522217922165,25,25.166943,316.40936,-6.2506237,-0.521727103584491
2744,805.5232714391648,593.1218651551468,0.483536915166537,0.13566284,-0.043459724250346554,25,45.57088,522.45404,-6.7951202,-1.0225487817445336
2745,926.4271802591163,593.4149733905775,0.4683830262977999,-0.1127533,0.028634223407481302,25,57.24909,711.50946,-7.1304517,-1.2483365107176192
2746,1005.9555632202405,592.6072419910303,0.517223868723146,0.017261172,0.05148716197247221,25,61.003025,679.3798,-7.0802813,-1.38155846903582
2747,1702.1344721133044,592.6024899072393,0.5185658824148447,-0.16498363,-0.00501577524744842,25,398.54755,4284.783,-9.079823,-3.4279577718116765
2748,345.3829196023984,594.6018482713231,0.5198821252558403,0.32336095,0.06570417285019127,25,2623.3088,30394.816,-11.206999,-5.3892532278331
2749,369.76587746233247,593.8479942857866,0.4555774323691399,0.47637126,-0.19178061001131103,25,316.43344,4370.73,-9.101385,-2.991068678721469
2750,597.0562247752509,594.0189849066902,0.4934710985718108,0.22840111,0.07175033088636136,25,246.93063,2609.6157,-8.541442,-2.981370715073508
2751,214.20280638113795,595.4120090079869,0.4341329108296558,0.025990881,-0.07795240284832855,25,178.34512,2360.969,-8.432726,-2.4687338047486893
2752,289.59377085006554,595.0259124063991,0.4515263874727541,-0.06626951,-0.20563253534604417,25,353.96692,4398.1733,-9.108181,-3.2573151003769896
2753,575.0366550207114,594.9972724175311,0.49631202133108787,0.05589525,0.007346034105704707,25,177.0527,1889.5067,-8.190871,-2.6043543205088793
2754,1455.8238920046388,595.0440893545023,0.5267820074955234,-0.1393647,0.10466442911166221,25,30.670017,313.13022,-6.239312,-0.702991189220372
2755,95.47155106481375,595.5151890891538,0.48173772336852244,0.06646469,-0.09316148932751324,25,38.949253,492.68985,-6.731434,-0.8109511267880511
2756,192.14266596435874,595.9149407635696,0.40642621724175226,0.5167513,-0.20317580716946196,25,176.1485,2622.748,-8.546891,-2.3195460493931344
2757,281.3657481714544,595.7223389374175,0.47269129777109337,-0.32117298,-0.47997879129559007,25,128.2163,1971.0652,-8.2367525,-1.8377479613912149
2758,426.646252097225,596.4593344596534,0.4762223181025352,-0.275689,0.11738279644163603,25,62.011265,740.3487,-7.1735907,-1.3995646335690193
2759,514.5700822728778,596.4465537325012,0.4754933285784189,-0.28597346,0.08004975501834821,25,38.88646,465.7476,-6.670377,-0.8999596694219978
2760,730.9762889903525,596.0575510083803,0.47268839252002565,0.042520296,0.05696338091567197,25,1008.1728,11193.842,-10.122448,-4.4730751440587015
2761,824.4327886086362,596.0088079741498,0.4808057156309584,-0.006101105,0.017795759636453277,25,422.6598,4711.9683,-9.183005,-3.5221712289213873
2762,1150.7142953123123,595.7867915504552,0.459269655065069,-0.14272037,0.043277959870687506,25,51.677635,574.22174,-6.8976994,-1.2762745212102504
2763,1547.154374674923,595.5747193948771,0.4366643547883984,-0.40186575,-0.0192906854574851,25,47.29137,518.2697,-6.7863894,-1.2801873495491716
2764,182.82852310080096,597.3257772782089,0.44073310037453456,0.08569184,0.08138338501615389,25,448.21133,5586.564,-9.367862,-3.5024245645878187
2765,305.90250763449905,596.677766619283,0.502063350686913,-0.423181,0.011988001456366037,25,181.91318,2360.4666,-8.432494,-2.4459954967125945
2766,407.9670092489971,596.9816669833579,0.4513153247407601,0.08988086,0.08506813472550666,25,51.35249,615.0472,-6.972271,-1.209162994441437
2767,466.09655680650667,597.1168829745206,0.5309590759495767,0.0689043,-0.008258524297125184,25,34.830635,396.52148,-6.4956665,-0.7094027520745081
2768,547.3387075717492,597.1986980872416,0.5681562558644535,0.05270578,-0.03014790394846976,25,130.1579,1342.708,-7.819954,-2.1913676687711554
2769,583.5076863829923,597.3820836852641,0.4356438929005311,-0.22171237,-0.018416723996567276,25,228.24225,2793.4194,-8.61534,-2.8167864739940747
2770,2024.210884350431,596.725913669543,0.43917899090321444,-0.044083714,0.14915157678381222,25,39.074787,444.93552,-6.620743,-0.9534772661106159
2771,55.532183693401585,598.3059548429778,0.477201707009026,-0.2998393,-0.1200925485871186,25,152.04814,1828.6078,-8.155301,-2.321665692751722
2772,416.3443731895343,598.2158192556182,0.44234337945465,0.22734222,-0.017255853928255016,25,269.9577,3203.6606,-8.764116,-3.0136515393746133
2773,1014.3054707432375,597.5782617623895,0.47922898848999007,-0.20768654,0.09315808893650096,25,73.417595,850.88354,-7.3246756,-1.5699287803172945
2774,40.832680714898686,598.8319695470323,0.4808716110543449,0.109051555,-0.10948538663739836,25,800.64355,9660.595,-9.96251,-4.151721054098212
2775,265.61761115174556,598.9374383730395,0.45511686126836043,-0.18145466,-0.13933655117722435,25,296.54694,3639.2126,-8.902519,-3.062240953514216
2776,390.4570740590187,599.5120624004483,0.4651500871409604,-0.34925207,0.038692795926571315,25,61.966846,775.0182,-7.2232795,-1.3351046387591181
2777,476.2495266505899,599.3691736523933,0.5548222464426169,0.16011548,0.08602212682708026,25,190.19608,2025.6298,-8.2664,-2.5971188258824602
2778,1406.7653952963856,599.3209870821732,0.50310430390449,0.23314053,-0.1869556739265755,25,34.633785,389.50128,-6.4762726,-0.7762117728217979
2779,1418.0169675659592,599.0170059800556,0.5769409546386913,-0.15509698,0.10294433977627933,25,72.62599,714.12573,-7.134437,-1.5545063511706636
2780,239.62337874964146,599.6700967110735,0.41102476403919,-0.21091038,-0.07398439868892319,25,276.73737,3519.5554,-8.8662195,-3.0178158018224255
2781,335.4985602413214,600.2713321016569,0.4347566256461935,-0.3010294,-0.056357786745289046,25,26202.34,306378.5,-13.715647,-8.013685615091775
2782,793.8437024620315,600.5760485017878,0.361081230523138,0.10195132,0.11665546132566587,25,15.773589,209.20828,-5.801447,-0.0019849153910072043
2783,535.2190467416796,601.1343424455574,0.4775708108593334,0.07087455,0.05196678835568623,25,351.93695,3918.256,-8.982733,-3.34063806232927
2784,655.6209062641061,600.6078672318444,0.44490931239068593,0.18784222,0.011006000215727943,25,140.22133,1691.6034,-8.070746,-2.2892921729347324
2785,697.3685509982257,600.755850249229,0.46275019630920833,-0.30030718,-0.027795651587663724,25,76.198845,894.5032,-7.378955,-1.6120530293430335
2786,748.974965388051,600.4012740908246,0.4612033017201336,0.44388962,0.11206483499761824,25,31.290535,389.4383,-6.4760966,-0.5945074731278953
2787,672.2922934958202,602.2963842040651,0.49252866979547116,0.5147216,0.17301267132076614,25,268.08316,3219.006,-8.769304,-2.9149425188181683
2788,836.5229032313096,602.089172869846,0.497047928403438,-0.084436364,-0.06517617567425478,25,84.55215,975.0168,-7.47253,-1.7182122186719229
2789,861.0403090728905,602.0359816280221,0.5584555204182383,-0.22354999,0.011011299288637649,25,29.013153,329.2245,-6.2937303,-0.4524452070749021
2790,1712.4250905954418,601.9946284446072,0.42391535606097336,-0.12128163,-0.07167029206612634,25,52.986027,625.35297,-6.990313,-1.3274406787053112
2791,1139.5677294943455,602.7872629006097,0.5032688757210027,-0.17326033,-0.10996943884753552,25,82.28185,905.87494,-7.3926706,-1.7169704137828845
2792,1377.224227704948,603.2577118599489,0.5525151560205642,-0.06055287,0.018763709894447294,25,237.85509,2433.391,-8.465529,-2.864585728806203
2793,286.4978575765571,603.7482905547143,0.4023465347776634,-0.08564507,-0.005545939993624722,25,73.63304,1005.8052,-7.5062847,-1.525532833325392
2794,511.5801941596187,604.1271367069754,0.4245338568403344,-0.32930613,-0.058106254960891446,25,50.980194,642.7191,-7.0200534,-1.2354299617092621
2795,95.45512314289088,605.3021640157741,0.4239892611485875,-0.3698069,-0.1279225414843647,25,37.365673,510.67065,-6.7703524,-0.7588524530380492
2796,114.4297383166439,605.3995275054081,0.42226654302144656,-0.032722216,-0.15883266449094016,25,44.886585,579.76624,-6.9081326,-1.0371085642578963
2797,198.85284675857133,604.6779927656291,0.5290271856813242,0.23163122,0.04861762264158488,25,48.901024,599.34955,-6.9442005,-1.0365649344699008
2798,635.9794321547546,605.2892196054889,0.5193444663712055,-0.094871685,0.014963060339248192,25,35.94826,384.1033,-6.46112,-0.8222789277967584
2799,1215.6942328925527,604.743468124373,0.41951275113234443,0.1509579,-0.03687602619907198,25,35.41145,398.81277,-6.5019226,-0.8816634759727666
2800,357.5708038248802,606.0627695816206,0.46225078170493045,-0.04153621,-0.08920296948654653,25,552.56525,6494.3667,-9.531342,-3.783052019937405
2801,435.47571313593994,606.5463328634241,0.41970133831492645,-0.2377158,0.0010274557623104533,25,87.44954,1107.3655,-7.6107273,-1.7787759670106407
2802,710.9028546385072,606.3001376044207,0.4598092539352727,-0.08367177,0.049942662439530494,25,175.25768,1974.3245,-8.238546,-2.5789429268886828
2803,61.958309353280924,606.6311145038014,0.4356789958974993,-0.27124023,-0.04908685222390868,25,27.47052,394.92554,-6.491288,-0.25360844907236413
2804,142.30600259685758,606.7854694033342,0.5315095574290111,0.7271476,-0.29421292367091845,25,91.903496,1294.7817,-7.780491,-1.5228887205728046
2805,547.285694681383,607.3255275365565,0.49314920175621935,0.2584243,0.03824027984645104,25,293.16687,3310.323,-8.799676,-3.0872910918321095
2806,886.8457773682264,607.1781384138262,0.5762276164113899,-0.21952055,-0.08561507486523173,25,38.75998,390.06564,-6.477844,-0.8524393225184972
2807,418.84148869142166,607.7024739744105,0.4192534127176221,0.06129729,0.047861423961036174,25,107.8518,1254.751,-7.7463937,-2.0986889266375655
2808,452.9094331075808,607.6860656009881,0.45117488514122495,0.08793502,0.07388819723307297,25,160.33604,1867.324,-8.178049,-2.454045436912268
2809,1095.15878338105,607.6708985197948,0.4793891417235133,-0.07293296,-0.01987614722019813,25,252.00484,2739.548,-8.594197,-2.9862015154349058
2810,218.59386979235336,609.6022037718694,0.43897542905832004,-0.30781898,0.022135031556402163,25,95.42447,1182.7318,-7.6822157,-1.8684526131953938
2811,623.6156388690022,609.118584366492,0.494548799764222,-0.11897685,-0.059227073393324565,25,37.944443,440.7963,-6.6105947,-0.8196436784898781
2812,855.687257675746,609.4462642202753,0.47075928878933887,-0.23927133,0.00493678478965211,25,97.65936,1146.215,-7.648165,-1.9146855847658049
2813,901.9231679244904,609.3741755236566,0.38481278305862615,-0.1639499,0.005265146151981635,25,12.619885,132.79468,-5.3079515,-0.11047482075969942
2814,169.7171408515393,610.0718072732467,0.6048788271545584,-0.1656592,0.031292216570144846,25,82.7712,903.16144,-7.389414,-1.602630178036994
2815,609.7334010605138,610.7198198566143,0.44483257092808604,0.018975098,0.7525721603603212,25,230.26949,3428.3164,-8.837702,-2.5019900530368133
2816,688.3187248984082,609.8332583902541,0.46547166951055785,-0.09578043,0.010221545473152327,25,93.82435,1089.9043,-7.5934706,-1.8718218417214396
2817,735.1987819487774,610.3728906094963,0.5203530046148606,0.091074,0.05930588847348646,25,66.94917,730.7802,-7.1594667,-1.4734292384525849
2818,252.60667528150043,612.138246649073,0.45856815644661914,0.10265834,-0.11494723756204443,25,28.403442,395.02246,-6.4915543,-0.38435900186348504
2819,502.3640326325274,611.5612976686917,0.4325506912029419,-0.09668478,0.20517452724017285,25,21.739819,268.04883,-6.0705347,-0.29643213098846793
2820,25.35276091189491,612.7399319493228,0.4626085289345054,-0.5582933,-0.7538861426842628,25,179.43973,2604.3457,-8.539247,-2.2320490127999477
2821,85.89347717225381,613.2228668108962,0.47579050996505423,-0.0023262,-0.03148213697712801,25,2982.5127,32221.004,-11.270348,-5.678136481188673
2822,151.99549321515272,614.1095935965545,0.5709836607138514,-0.12501657,-0.13865111065219823,25,54.46329,603.1495,-6.9510627,-1.1552866387187046
2823,229.37295771810568,614.4413160606963,0.4807761049944923,0.21433198,-0.14869389596135787,25,51.34264,660.4027,-7.0495224,-1.0628223201649412
2824,790.1095577120859,614.2766542415178,0.5184217322393206,0.1045101,0.056173072862096184,25,63.590588,715.7444,-7.136895,-1.3637807301851432
2825,990.4402319531303,614.386410470723,0.5982600030308509,-0.5352567,-0.3920203944048175,25,19.625717,205.92307,-5.7842627,-0.1130728897194804
2826,108.51798672371791,614.7042245746735,0.4526528899955065,-0.26767552,-0.16274127608396038,25,260.68668,3227.6824,-8.772227,-2.9203751278437085
2827,389.9808187182127,615.2811286068736,0.5075591101805323,0.1376614,0.07302197574119744,25,238.70396,2648.6262,-8.557551,-2.8488257474441685
2828,967.0324620815903,615.338856142776,0.5513811154503583,-0.079016946,-0.005646818967629278,25,215.27548,2284.083,-8.39678,-2.7266840166584645
2829,197.65251725471077,616.7270486449606,0.43842928083993005,0.14427118,-0.025249704011352864,25,58.942486,823.9308,-7.2897267,-1.1920037693431236
2830,314.52467016834316,616.0946443591966,0.44417698121845056,-0.24333668,-0.13741473250261105,25,220.351,2642.4197,-8.555004,-2.7868610364238346
2831,568.3174337287392,615.8506488583517,0.5576805627994512,-0.1791682,-0.34185843418504724,25,27.693638,325.06558,-6.2799273,-0.3969960945454381
2832,593.078517602934,615.6275373081963,0.3458993502601923,-0.09001003,0.0024432601905360995,25,53.163857,723.9734,-7.1493063,-1.2329319871143056
2833,636.9800724360173,616.3246547126173,0.5296344691948497,-0.0144188935,0.08378516966285884,25,408.2643,4188.1074,-9.055044,-3.486722911827609
2834,1583.606623611138,615.5129873669774,0.5422121597341333,0.407096,0.12517966736737493,25,35.2788,371.02197,-6.423499,-0.7726942613150574
2835,1705.259347245819,615.8116103756544,0.5036393264298618,-0.028486157,-0.004265468376827677,25,101.44566,1092.6365,-7.5961895,-1.9742446334766397
2836,1816.0544741443412,616.208497286145,0.4951913535476003,0.031955305,0.20405220940317859,25,29.716393,316.57828,-6.2512026,-0.6426943867164754
2837,126.06175161456467,617.0610110950042,0.5449051357855103,0.2485234,-0.05729282812505567,25,32.970425,366.4725,-6.4101033,-0.6625315860027428
2838,511.1826752835649,616.8126898047085,0.5399174817860649,0.12601897,0.16558506985294982,25,104.71402,1295.8389,-7.7813773,-1.7801545261292002
2839,528.2360218772719,616.7366954582209,0.47387302826605227,-0.15245862,0.035566133452513124,25,226.19997,2504.244,-8.496692,-2.855605625256474
2840,743.27007236373,616.8369481578883,0.4322743102092765,-0.19047646,-0.10698274579992462,25,46.537,573.0959,-6.8955684,-1.0899000209129777
2841,160.62864170842744,617.7120110941092,0.48865850077611694,0.07169571,-0.11930027807178308,25,122.86466,1409.8218,-7.8729105,-2.12705437655593
2842,281.619225998894,618.3934127300563,0.5755654625421016,-0.25853443,-0.17511615179987913,25,39.461346,511.0799,-6.7712216,-0.6148093697185893
2843,351.90840119916237,617.8362957765103,0.5029560422325783,0.032930456,0.03420056483878458,25,243.7169,2690.541,-8.574599,-2.8973758739414395
2844,380.52989612149406,618.5951188327557,0.4720197920201268,0.052873075,-0.02647323040133541,25,31.942173,396.42255,-6.4953957,-0.6994233458818131
2845,445.02048036437844,617.5096841926521,0.5201789775795889,0.13315421,0.2006816753671627,25,122.40232,1345.6926,-7.822365,-2.1353031251773746
2846,407.73710266546414,619.5593779395437,0.45273598636209117,-0.014348425,0.14294298053144008,25,60.801083,767.1242,-7.2121644,-1.2916249107214075
2847,842.8862490713974,619.534891880578,0.41427172154997977,-0.123443514,0.10780454449699534,25,69.070274,851.9928,-7.32609,-1.556646229836158
2848,1303.8651079691597,618.6996946001733,0.5085620600377334,0.09065191,0.05099353100061436,25,258.80048,2747.366,-8.597291,-2.98572267563411
2849,241.7756414453778,619.9091354609086,0.4853521600198243,0.13443798,-0.050546159751959335,25,133.03014,1538.2656,-7.967578,-2.195545050615521
2850,487.69856612112295,619.8127476035489,0.42396525474268765,-0.16876519,0.040329628998454964,25,38.64246,494.6876,-6.7358274,-0.8371582651877706
2851,783.0603030859063,619.8862264598342,0.4682529203601136,0.036543537,0.04522227650513647,25,59.446804,674.3841,-7.072268,-1.412253714733
2852,1149.6730220571126,619.9215740056628,0.48603983502688225,0.116301514,0.0524593962179292,25,88.999756,1002.4218,-7.5026264,-1.783205643972674
2853,552.9165007636949,620.7150933692844,0.4259473799592626,0.23481832,0.3122187848207796,25,114.293076,1516.4459,-7.9520674,-2.0198859003802467
2854,1965.5312135153133,620.6992194820646,0.4891304049821041,-0.42038706,-0.2352867784368873,25,220.54259,2464.5205,-8.479331,-2.8135030253860993
2855,4.5891201004950135,622.1529321896372,0.4338152079652417,-0.28985345,-0.15014590488224155,25,165.2322,1994.7638,-8.249729,-2.467284774856221
2856,289.8175781739604,622.3655827680537,0.5565748422631986,-0.6844608,-0.09321070659220772,25,21.861649,277.1401,-6.1067486,-0.12748422969020806
2857,55.59865685302745,623.0672022024224,0.494562611162873,-0.10938725,-0.1545702873770653,25,65.97409,775.63055,-7.2241373,-1.4034268512212145
2858,96.10337902728172,622.7596110818035,0.5696917586501311,0.06449685,0.08294338170589018,25,36.759933,464.4314,-6.667304,-0.627008635673964
2859,325.0780939336908,623.0953134632292,0.4315668705891382,0.32974893,-0.01962096328947314,25,87.68883,1093.6025,-7.597149,-1.7865021905541436
2860,520.2411481970912,622.8802275838264,0.5573718465283465,0.2581916,0.10847638253640803,25,33.447742,381.19223,-6.4528604,-0.6542080885159134
2861,41.15028663808284,624.4956022141756,0.48206355350986796,0.17970967,0.01786108790847523,25,207.45961,2391.8918,-8.446854,-2.7001451062910453
2862,106.03999589634344,623.8091493852268,0.5400722929657866,-0.04477258,0.042660226183331776,25,180.77202,1969.1287,-8.235685,-2.525916047026909
2863,153.1140294495667,623.4298092426861,0.4023697142061579,-0.17903909,0.6334937338008539,25,202.77809,2985.0698,-8.6873865,-2.455478958518781
2864,1034.9300937339622,623.6771840639439,0.45263518609646736,0.37321275,-0.15440964304913685,25,22.054562,255.40633,-6.0180798,-0.3609182137021713
2865,1171.0867977364273,623.7536604608964,0.5371946840770546,-0.41500506,-0.03703431427906764,25,20.88311,215.81038,-5.8351808,-0.22300509241487904
2866,1891.06409607787,623.7556400293771,0.5153050186033957,-0.017875887,-0.14724379087403935,25,159.58934,1668.0293,-8.05551,-2.488687901865788
2867,349.48009825265177,625.1433251586399,0.46038545086684135,0.07326477,-0.03067877248212212,25,375.4882,4348.555,-9.095862,-3.3600122887999144
2868,510.88124918530116,625.3402585841255,0.5222490166873235,-0.070158705,-0.010948155001467067,25,127.941414,1420.1599,-7.880843,-2.150422849950494
2869,134.97573608508674,626.3138106170815,0.4141510001661513,0.4685615,-0.21324003000986833,25,121.008446,1749.9048,-8.107536,-1.9871608884575314
2870,266.2149667543655,625.7209997216718,0.4598804134076712,-0.02251358,0.01943024338338954,25,90.41241,1083.8925,-7.587466,-1.8045183854461666
2871,384.1648534550545,626.9886220915523,0.4354087259568462,0.047141593,0.03594824927683698,25,255.58577,2965.3743,-8.680199,-3.0069451073063327
2872,778.653804408909,626.8096635620884,0.4651248845679599,0.2252368,0.07055096789135745,25,43.580547,503.51804,-6.7550373,-1.0271942083913288
2873,1188.3062556600064,626.5325932207268,0.462422218417741,-0.1065112,0.09497213522869681,25,96.91335,1133.3816,-7.6359406,-1.864988762833355
2874,174.9725090002763,627.646776549745,0.5172514783038663,0.6205956,-0.06947436043749876,25,65.801674,908.59235,-7.3959227,-1.2646914688650095
2875,207.66135866334625,627.7207008100985,0.4994629606230055,0.13434233,-0.028343619909684144,25,64.35189,777.5667,-7.2268443,-1.3387574348628037
2876,406.89150530568065,628.3904470451024,0.4940823779519283,-0.074904144,0.05738536126758372,25,213.9459,2400.1804,-8.450609,-2.75150566778846
2877,582.5174446964786,627.669247389811,0.43291069111699315,-0.2964006,0.04107652701114198,25,127.946266,1596.3641,-8.00783,-2.141321280320833
2878,1435.9849604681722,627.8225201786031,0.5252281854498094,-0.0798547,0.08127159056845708,25,64.31873,685.3457,-7.089774,-1.4259325812385193
2879,1571.2344903625767,628.2064313908699,0.39358869397462576,-0.12706295,0.18812666704888792,25,18.474289,201.93268,-5.763016,-0.2978729778784929
2880,1637.263330713168,628.3626126149304,0.4807360756182276,0.03140818,0.03653559193470622,25,129.98865,1396.0614,-7.862262,-2.269867162640728
2881,855.5232850005228,629.1655676522128,0.4235480432962641,0.16203833,0.07709797656851404,25,69.50065,869.7697,-7.3485107,-1.508715174004025
2882,1302.9839424735853,629.3239621114938,0.4873685035465383,0.07508871,0.24711162807491818,25,66.6474,731.39374,-7.160378,-1.5213389236737975
2883,529.6785135562618,629.5138012889937,0.48630986460823933,0.12225406,0.18025322402876223,25,295.60696,3556.177,-8.877459,-3.0065754116351733
2884,662.9196300816591,629.8393760677656,0.5722586085371217,0.18735921,0.0441491134606394,25,64.01589,668.8507,-7.063323,-1.3758512973975519
2885,991.1463430227234,629.5617404211423,0.5957477882026008,-0.017754272,0.38466141581060703,25,37.466854,414.7426,-6.544447,-0.7005874813814266
2886,1236.040347710649,629.9206102830501,0.5118038928657063,-0.19059187,0.006899958785098548,25,363.81253,3778.6782,-8.94335,-3.376789430482163
2887,1336.8097951156287,630.2447649982507,0.30548656821860104,-0.03538896,0.12654377814892157,25,15.292659,184.19359,-5.663186,-0.15547525916745922
2888,30.174286189995655,631.7522778769653,0.5089836382374212,0.4734533,0.005583597918466091,25,38.41628,467.8343,-6.67523,-0.8154524406397022
2889,81.17194782151903,630.782797750236,0.5772804672379954,-0.65478534,-0.034426388273430385,25,50.233215,622.6399,-6.9855924,-0.9885431540546358
2890,93.6559571695912,630.996788625703,0.4645208673173905,-0.04146914,-0.07536867650323127,25,210.48608,2407.1907,-8.453776,-2.756211674371719
2891,309.58426911992717,630.7218214948841,0.45869437973217664,-0.26784477,-0.029815776851684773,25,141.01083,1664.8289,-8.053424,-2.3010181124769913
2892,425.6744219377626,630.6501329389455,0.43769479105944925,-0.0057298616,-0.0024485909402695584,25,259.68277,3065.7036,-8.716325,-3.0102933783732615
2893,1090.4177985386125,631.8168078550408,0.4745329432951517,0.03782592,-0.027673373038633597,25,93.51191,1077.514,-7.5810575,-1.862375113234702
2894,200.18430128701112,633.2617673556005,0.4163117667838745,-0.21331078,-0.1330681059400924,25,36.269493,461.1974,-6.659717,-0.7724724018911664
2895,280.38393226361165,633.1998446757758,0.5016901734601953,-0.35556063,-0.07972643806520816,25,62.858356,761.58734,-7.2042994,-1.3376462913715403
2896,822.4798439295575,632.415654725724,0.5672595725578008,0.16590498,-0.011276716116457326,25,32.94513,368.2135,-6.415249,-0.6444556395047425
2897,242.76643811917387,633.863476644134,0.444016219025581,-0.0046435506,-0.016823090875897766,25,177.40764,2057.6646,-8.283436,-2.583625053191506
2898,1253.7859000338783,634.2412207493442,0.43009706088580807,-0.088479325,0.18751218344147355,25,32.89515,376.57208,-6.43962,-0.7783665570627596
2899,3.990157535263099,634.9284213280013,0.5352454762494844,-0.17241268,-0.030821411835584275,25,40.60527,508.7998,-6.7663674,-0.7678459414960072
2900,481.9690818579956,635.3656546121185,0.3926861150271825,0.050395995,0.14416525187313708,25,54.942535,709.69135,-7.1276736,-1.2864515652293025
2901,610.8283071315836,634.7773739373708,0.48077937600132764,0.15946837,0.08982912858144715,25,112.792816,1290.3699,-7.7767854,-2.046137844203722
2902,764.143597916561,635.1838557397631,0.41985797160277705,0.45004073,-0.21144171804624506,25,93.563835,1302.0278,-7.7865505,-1.6609401346177175
2903,19.534596318297062,635.8470595009015,0.3754916670928903,-0.6555858,-0.19982855961384263,25,39.45506,562.5647,-6.875431,-0.8700715418750218
2904,42.50974615726747,637.0976325032192,0.42377334177580783,-0.17274958,-0.12247766316593792,25,72.33779,925.5005,-7.415942,-1.5251768728794326
2905,376.7608594071289,637.204127582563,0.4243550346277324,-0.07411287,-0.02189451404038355,25,125.41436,1596.6844,-8.008048,-2.1762656028995817
2906,598.8736101099665,637.5695223571629,0.48142156238519607,-0.14015391,0.13517574322497847,25,141.61577,1661.8468,-8.051477,-2.2713935985784715
2907,927.345537265682,637.0037227149808,0.47872468536083657,0.00057758234,0.03261552388609913,25,1269.9043,14196.994,-10.380491,-4.706037532136978
2908,1292.1085711956268,637.4050597412336,0.48999977021970825,0.054737333,0.28012879119496226,25,61.995945,678.99115,-7.0796604,-1.460960321644048
2909,272.21551442871055,638.3492308621278,0.47041512961191895,0.1636278,0.11562784586848722,25,115.722565,1450.7992,-7.9040184,-2.0218999374266042
2910,1098.5953591996042,638.2211995846055,0.47628104561454615,-0.104012966,-0.03350818123859011,25,35.929108,399.49356,-6.5037746,-0.8702179112038066
2911,1928.5647272121535,638.13079824943,0.5652126890838348,-0.24835594,-0.10501121733363473,25,73.33959,749.20325,-7.186499,-1.581510777659345
2912,157.39472360980983,639.1186552402343,0.4121717109280506,0.069308706,-0.15669158449513243,25,18.179844,222.93869,-5.870464,-0.24342007861000492
2913,968.4722289638454,638.7603380724936,0.4297450008956084,-0.08865009,-0.027169434956208296,25,266.84497,3185.5222,-8.757952,-3.0296133194337944
2914,1036.0181048890643,638.7726849995557,0.47869365633926014,0.19086285,0.17909814904444984,25,27.250938,301.43143,-6.1979713,-0.5438547464261506
2915,233.5683299595321,639.5047745658721,0.48842589690018684,0.19272524,-0.02009107984959382,25,61.082676,744.2732,-7.1793313,-1.2993692031073791
2916,320.34233380895137,639.8665439177404,0.414676053401072,-0.37929845,-0.0028900706420265897,25,38.482563,501.46143,-6.7505937,-0.8642862051003847
2917,1337.4586224546174,640.3606649965112,0.4422268801443762,0.4619163,0.03243283761450205,25,20.245808,214.69041,-5.8295317,-0.38492775664978596
2918,29.872015424432394,640.9479479907199,0.47140111407647195,-0.038514707,-0.05157803127313975,25,112.52776,1276.9081,-7.765399,-2.082042990600257
2919,774.4471881392325,641.2810038097508,0.4718988374383794,0.2431784,0.02227292252250933,25,246.56416,2791.7444,-8.614689,-2.9387230889603364
2920,1081.0337332355248,641.1723454990432,0.4793776422073429,-0.04961905,0.10414717982297218,25,90.27732,973.2192,-7.4705267,-1.8902441531953644
2921,1393.2900418053318,641.4780098289156,0.5075586632550354,0.070271134,0.1823505683737348,25,40.603138,440.7547,-6.6104927,-0.9452333287287135
2922,792.5946246282174,642.1681061489264,0.4646286989223218,0.013465693,0.03831021065258425,25,56.62228,667.1315,-7.0605283,-1.304164745593206
2923,813.4369015351399,642.1400145617744,0.47414737787256944,0.5241522,0.40233142206368167,25,120.153694,1570.8729,-7.9903526,-1.9923799425160076
2924,1838.0304703116876,642.6118395751784,0.4199040767752531,0.2523469,0.22811307719915433,25,27.004292,320.62915,-6.265007,-0.5880456815512735
2925,127.89335554328883,643.2741698438887,0.4911933549866957,-0.11719202,0.026907134430619595,25,122.08175,1398.1119,-7.863855,-2.1480606360884584
2926,301.56080387642965,643.3327228454195,0.37977832533191563,-0.34907934,0.04801504639773391,25,16.36895,218.57948,-5.8490233,-0.0724933286264927
2927,354.7620294621235,642.5828375875476,0.4242775759029033,0.13055672,0.058415670414647874,25,117.939644,1427.235,-7.8862386,-2.1310977088873413
2928,398.91667271523704,643.2092446965572,0.7194398283682064,0.13799813,-0.005580453760457655,25,21.344818,237.98134,-5.9413576,-0.00811327930865497
2929,533.2765915202714,642.8086439214001,0.4620684349477801,-0.10137933,0.046803523804631375,25,391.7345,4531.9443,-9.140712,-3.4191966943243184
2930,643.8972225767781,642.9656167916921,0.4685461568788157,0.084115334,0.18558797819131512,25,49.263165,562.11206,-6.874557,-1.1846635696285048
2931,263.5762214306044,643.9365746437292,0.43279088032914864,-0.13565733,-0.07265970770731607,25,175.402,2101.4417,-8.3062935,-2.5617399842452926
2932,745.5982319054057,643.7375436067587,0.46661892448579484,0.04696638,-0.009738151578485298,25,193.3875,2274.9905,-8.392449,-2.6288446374589802
2933,1143.3745840259637,644.2306980076951,0.44597223415792775,-0.21007042,-0.03112182230774201,25,69.59104,821.21387,-7.286141,-1.5657828135373335
2934,171.79406932256376,644.2995243049584,0.5042386945828524,0.1825276,0.3967665610913527,25,270.19443,3535.6687,-8.871179,-2.7890765249563727
2935,209.21746223323677,644.958425801274,0.46810711809300165,-0.18202335,0.027734376934539316,25,76.35309,877.25616,-7.357816,-1.636084801592225
2936,558.0295571060799,645.625158114681,0.3867667905052501,0.06304993,0.2416274621226181,25,35.173946,438.29947,-6.6044273,-0.8818720844929693
2937,580.4212339218669,645.239823779392,0.4758090871052045,-0.06926968,-0.062278821944960795,25,31.465305,411.47253,-6.535852,-0.5612314494091055
2938,848.3351273666357,644.636448853418,0.4715283337341781,0.15170513,0.14015225899472086,25,873.84296,10496.765,-10.052638,-4.228027533808364
2939,959.3729875803489,645.2046461700165,0.5137681754042057,-0.34472972,-0.1058295636617634,25,135.28525,1746.1039,-8.105175,-2.062940444957135
2940,93.32500087571961,645.8418005277802,0.442752969654564,0.03818835,0.1235471508833769,25,316.44522,3870.7874,-8.969499,-3.16674210064567
2941,84.84688106646718,646.7525946722483,0.559888986720947,-0.09484138,-0.0918375011968736,25,86.167465,960.41254,-7.456145,-1.6738415074397974
2942,409.3872137568589,646.6951032675346,0.45576377577290544,-0.1128372,0.08827491054092339,25,395.72717,4650.895,-9.168841,-3.4072002002264776
2943,491.0493502889307,646.9215959144661,0.5005243518770854,0.026846427,0.04543177416366719,25,219.97655,2332.298,-8.41946,-2.831085607704958
2944,615.0895894775335,647.8710554509181,0.5355968213751441,0.28834668,0.12106990310459985,25,22.219921,286.07312,-6.141193,-0.0979777033904272
2945,1051.6849617157538,647.5474469672903,0.37223235584362174,0.18131043,0.05856923037060732,25,20.403687,257.74194,-6.0279627,-0.238749247663748
2946,1384.530148074032,646.9172176143979,0.42621549758879884,0.001041444,0.056150304835920845,25,31.513004,367.71097,-6.413766,-0.7552188475665087
2947,68.22330987788052,647.6639591716875,0.43572653824246227,-0.093571484,0.07766636093648525,25,38.39907,479.1491,-6.7011766,-0.8202159323709224
2948,458.83389796292585,648.1679237024963,0.4478706446051636,-0.12696432,0.043750511686173534,25,477.26172,5530.107,-9.356833,-3.6673123981019486
2949,2.139880649624749,648.6095439674754,0.46637680281194904,0.033965018,0.11641049631461337,25,106.21619,1257.5806,-7.74884,-1.9971729110057863
2950,631.5608653250704,649.5640187938669,0.43980391891498277,-0.26572013,0.07066091582559669,25,83.65455,975.6157,-7.473197,-1.8172059381153365
2951,659.0276254318919,649.3615733579124,0.43545958508506283,-0.31674093,-0.0953029484650258,25,35.084076,414.51483,-6.5438504,-0.8293628280447438
2952,996.2590863786078,648.545143756281,0.5739143746029366,0.017595792,0.19341292786368736,25,67.94503,792.5935,-7.2476263,-1.3303671594814495
2953,197.10508609886801,650.0559496160066,0.46885274299367935,-0.30330127,0.04121396173845697,25,66.25027,764.0223,-7.207765,-1.5060073681590838
2954,390.7869186127149,649.4257596246423,0.4479007550746642,0.4988276,0.21351382795212442,25,38.58718,474.79788,-6.6912723,-0.8962635619161996
2955,1165.8595407229127,649.8222582912246,0.6027794816542295,-0.18601936,0.16466035955728178,25,42.44163,508.06168,-6.764791,-0.7406475043636929
2956,277.8789382409034,651.2435488183447,0.4634474624048679,0.0101430705,-0.090475720428771,25,108.66743,1285.76,-7.7728996,-2.0126434073284316
2957,602.9023377537217,649.8686339294804,0.40877486642778016,0.16591482,0.4084659281747652,25,16.18116,216.92242,-5.840761,-0.007910184342249067
2958,359.48057986404933,652.15378176852,0.34187989426749155,-0.019302309,-0.1674769097351639,25,47.447132,656.64325,-7.0433235,-1.117258547352106
2959,373.71741712945146,651.7628747535094,0.47486701800891323,0.21079595,0.09136717611160629,25,48.190453,598.2047,-6.9421244,-1.0212689076234363
2960,1242.2984756271983,652.0100500410309,0.47856812617192956,0.10077158,-0.022501385575630035,25,281.45554,3018.412,-8.699447,-3.140427670683816
2961,20.705600511332058,653.4205968364095,0.511278910761838,-0.21785606,-0.010071018177961126,25,328.81134,4137.503,-9.041845,-3.0614509171957427
2962,588.793076099727,652.9782423378191,0.5169171919586344,-0.13621256,0.3620888148745526,25,901.7768,12374.853,-10.231351,-4.06766456757935
2963,687.6096442843351,653.3009737069052,0.5643096672817858,0.28903782,0.19619328083956097,25,21.891972,257.78033,-6.028125,-0.12897720410394956
2964,875.9189245436656,652.1241313513987,0.38863146583855646,0.08782237,0.1599052187946411,25,18.43518,228.49203,-5.8971777,-0.2079531012889952
2965,47.515899213920264,654.2257330386878,0.49734831416582437,-0.12214111,-0.19673132065812649,25,371.49832,4402.562,-9.109263,-3.2900931354779637
2966,806.8743047842303,653.8701143695337,0.6143011059370934,-0.0018083162,0.018798706085519035,25,38.784664,400.23328,-6.505783,-0.7639259298506584
2967,1548.5427850555013,653.739893922307,0.4174458723994613,-0.00082878664,-0.14639199111884252,25,21.595097,230.39774,-5.9061956,-0.42835798607513326
2968,262.98375334113143,655.3503961127772,0.48097514542132647,-0.16559288,0.21944847860409142,25,23.270317,319.61496,-6.2615676,-0.22275009648464988
2969,107.96258547245473,655.9626816722446,0.5085677147718211,-0.13640763,0.04015764363383747,25,104.06023,1142.0237,-7.644188,-1.932580907640387
2970,136.29002832939867,656.1215594036568,0.5355512194658958,0.12181457,0.029279655243334382,25,313.29605,3300.4756,-8.796442,-3.169179016261002
2971,698.2523011586687,656.4177771118416,0.4997677126869021,0.024821822,0.14673330628829315,25,100.546776,1150.4166,-7.6521378,-1.9071942151081216
2972,916.1126177880461,655.5015272490978,0.47414170545781165,-0.029695842,0.10976397188377088,25,37.759098,426.76813,-6.57548,-0.9038752007777562
2973,989.2386284192105,655.4205012396533,0.4680156435920657,-0.1597486,0.07466719168172595,25,203.8567,2327.9573,-8.417438,-2.719000276027744
2974,1449.5335370017901,656.3340072359845,0.4261055466763202,0.667759,0.22437093235865202,25,16.100292,174.04102,-5.6016293,-0.11261374706819434
2975,1994.2173555023269,655.6210080571346,0.5196960788744058,-0.03163138,0.05422409111088547,25,190.72342,2077.3643,-8.293782,-2.5961973402301064
2976,75.62934698311796,656.4241387435769,0.42933452130549754,0.2372801,-0.14586649863531634,25,134.15741,1835.5558,-8.159419,-2.1010483380967067
2977,144.54851193095323,657.0799795565237,0.43023450689104387,0.48438764,-0.21805408095758996,25,205.55182,3027.029,-8.702541,-2.4439383405327315
2978,7.683483458143256,657.4436858354035,0.40468239569366116,0.0071320166,0.1877156545738016,25,86.27145,1172.512,-7.6727934,-1.6722960979708006
2979,31.787757341974718,657.7796272054127,0.351570186716119,-0.26361063,-0.07104843033396199,25,26.196941,376.53528,-6.439514,-0.3757844705837465
2980,625.8454321656882,657.857575050618,0.49597640415399874,-0.0090728905,0.07400700876773819,25,151.57141,1688.1843,-8.06855,-2.3703241904958388
2981,799.2252186987646,658.0675739581394,0.5039191388692622,-0.09298061,-0.025783047064263213,25,41.672634,441.85245,-6.613193,-1.043837894126196
2982,931.0485446397372,657.7766598213676,0.5343877839173713,0.20104873,0.09907034694834074,25,52.661938,547.80194,-6.846559,-1.2544286589981684
2983,1048.813267797498,657.5451529011058,0.4876445256070601,0.20005769,0.14076240181154118,25,357.83887,4046.3762,-9.017666,-3.3113480337223016
2984,1371.8179747923823,658.0372390043158,0.5285622942704221,-0.20602158,-0.054832615857136814,25,83.14767,835.96674,-7.3054724,-1.7626297730416474
2985,65.49532591181419,658.8889961229002,0.5026007800426866,-0.13784967,-0.18839938376684615,25,45.386078,537.9454,-6.826845,-1.0069859285708238
2986,221.71143120487025,659.5131774365952,0.49237601634744266,-0.21803553,-0.014414701211676598,25,202.40858,2381.9849,-8.442348,-2.6305957941658686
2987,181.19234285563311,661.4628832019179,0.43914716120962854,0.3213287,0.3101847285198183,25,72.78568,929.02765,-7.4200716,-1.5336435749304977
2988,559.9685009703695,661.0838796102944,0.48624843372933885,0.076761976,0.025799683968842836,25,181.39491,2081.0393,-8.2957,-2.5639069709703426
2989,1242.0701453739387,660.8592990993085,0.544613943635211,-0.03724888,-0.01862557531208215,25,152.92543,1608.0383,-8.015741,-2.372136653128195
2990,1286.0195603058485,660.671076033933,0.5340095072667256,-0.056854885,0.08973315339704645,25,68.83271,744.6304,-7.179852,-1.4675456111097729
2991,1420.8711686180352,660.9323940338837,0.4060486199474795,0.0036292574,0.03426994485340404,25,87.492775,1002.36096,-7.5025606,-1.895899385952418
2992,669.4320363100912,661.9695697884197,0.4355492671468531,-0.028197883,0.05504289006437253,25,240.05377,2886.9734,-8.651107,-2.8802852027725563
2993,1005.0796518710547,661.326426183817,0.5301530947085844,0.014704627,0.22006579931237075,25,59.706966,653.675,-7.038405,-1.3342174078043303
2994,164.45529412734277,663.5488428461381,0.4589337364589137,0.19033325,0.03477682925678363,25,94.33204,1159.4939,-7.660671,-1.8151711125067214
2995,264.42987087549795,663.4683275139012,0.4000805644681024,-0.17082062,-0.10799823996133438,25,37.90631,550.8085,-6.852502,-0.6655477573189734
2996,297.714633380947,662.6872722444656,0.42725734116451297,0.124207586,-0.00395681412850989,25,191.7388,2305.2937,-8.406816,-2.674839660474303
2997,325.26975524277265,663.212271205433,0.476193024371267,0.0014703555,0.021380042801497304,25,325.4079,3651.019,-8.906035,-3.2451032498243695
2998,334.896828421827,662.6224800924889,0.5051879863164669,0.080250524,0.1721693388289844,25,115.14474,1423.9973,-7.883773,-1.949198592972623
2999,1394.3531600297385,662.6938237528353,0.45815715432466436,-0.30793887,0.026970273998064617,25,100.476616,1144.8315,-7.646854,-1.9658433943248552
3000,114.13703464843417,663.4788178957643,0.34302336351325013,-0.265946,-0.19062017157998454,25,14.751338,193.29121,-5.7155304,-0.032378881294268906
3001,455.07042758269864,664.1668488780825,0.5009299562666909,0.007346322,0.008472237078868553,25,198.70561,2153.067,-8.3326435,-2.6985038289077345
3002,775.6412966870133,664.520043288177,0.49195642801529277,-0.47479364,-0.5747726250776087,25,227.24246,3215.4038,-8.768089,-2.4953145015541534
3003,1062.2922081331774,664.4439214987041,0.6164035577389964,0.11499941,0.05651130328211509,25,40.693874,426.26584,-6.5742016,-0.832942603039175
3004,1173.2289460534057,663.821921967989,0.5845082507802638,-0.026323989,0.04104172139209898,25,79.8472,823.1789,-7.2887354,-1.6204583640876495
3005,1437.612573940663,664.0558727314532,0.38744539421946966,0.06356465,-0.030707388943576285,25,55.136143,668.2054,-7.062275,-1.3675450808694745
3006,1487.991547284257,663.9757982216743,0.4830014622439522,-0.1525704,0.03842756967941752,25,75.559296,824.3046,-7.2902193,-1.6431020684430542
3007,1503.6731105883719,664.7061527233361,0.4257545918638722,-0.17596105,0.09897844502949732,25,24.781048,263.1211,-6.0503893,-0.5704810214591893
3008,842.8137332642856,665.6536421714795,0.4605491638017248,0.23697579,0.10336651665560383,25,52.110607,594.6065,-6.9355745,-1.2602024225622581
3009,346.46081928323093,667.0092662219987,0.3805419886532059,0.08102366,-0.09850008401085968,25,39.408054,528.8691,-6.8083706,-0.9332649299932512
3010,235.74786439848677,668.4965978698073,0.4442000147664024,-0.15950446,-0.010646933574451048,25,43.0802,558.1192,-6.8668175,-0.946205490580579
3011,470.81752437097794,667.7253980115939,0.4922654739815676,0.08611215,0.3752967992247558,25,31.731125,410.2422,-6.5326014,-0.5491535358329283
3012,554.968867479514,667.8224078516944,0.4878698117969714,-0.522634,-0.08951267245269885,25,108.32833,1423.499,-7.8833933,-1.8610968456977262
3013,364.6701464090849,669.653770143821,0.4659808590591415,0.0006590921,0.21432099093844809,25,76.29048,1095.0475,-7.5985823,-1.3253630420265359
3014,404.54093973541353,669.3860274268926,0.3939558988755738,-0.23270683,0.04114942374433675,25,61.578243,782.8454,-7.23419,-1.411857203488217
3015,526.0546292011453,668.9904616692997,0.47713698071308036,0.055988736,0.09818553345741386,25,895.40155,9867.913,-9.985563,-4.330863123888084
3016,699.8957431949025,668.7472418354955,0.5043834466546862,0.14411072,0.21798105004372323,25,29.363388,438.63962,-6.60527,-0.20244904281222725
3017,736.6489115962212,669.3420879509197,0.46525881933500834,-0.2583483,-0.03136620339136711,25,47.543102,567.29736,-6.884527,-1.0792445701509377
3018,1868.302699529468,668.6021864461934,0.461274419299842,-0.33279526,-0.03457042689057303,25,84.20197,961.1234,-7.4569483,-1.748387848349058
3019,684.2769255776377,669.5370750231644,0.4509400786560212,-0.2760559,0.11435279506132819,25,84.67266,1019.72003,-7.5212026,-1.736682708330623
3020,1080.274273402297,669.7303728007239,0.4928360508329143,-0.19804592,-0.0217393221226376,25,256.25647,2743.6978,-8.59584,-3.0093660071587536
3021,32.71567676930709,670.6513472374639,0.4904684983446921,-0.40285638,-0.3019795234792281,25,70.05184,910.52783,-7.3982334,-1.3712773935027125
3022,72.22304006334517,670.9954120081381,0.40878137105488055,-0.048453078,0.05726374282732475,25,40.077656,493.958,-6.7342253,-1.0443816005812079
3023,252.43767902551883,670.8096312599743,0.4479673196158374,-0.17791557,-0.03552748194918132,25,7906.8853,89915.4,-12.384585,-6.733200849904505
3024,375.91638837814145,671.3361701348956,0.51386476169516,0.61351573,0.1198114010235399,25,21.932388,292.0901,-6.163792,-0.024385052700085574
3025,1565.4080521949038,670.6592132148749,0.4817852729469856,0.25943357,0.07664222246267738,25,64.544395,719.7254,-7.1429167,-1.4665577749731682
3026,50.625858394709006,671.9671415886539,0.48274289465892595,0.007476755,-0.11024043152032303,25,2897.1106,33211.42,-11.303219,-5.557045926819658
3027,798.8899287636399,671.8388907523938,0.5233504597744574,0.0714056,0.029177804091438487,25,30.990921,352.90277,-6.369138,-0.5759348951967344
3028,901.0266733487871,672.3755383587937,0.368874502383669,-0.16508213,0.025256227825413948,25,31.304691,396.79233,-6.496408,-0.7084448052916059
3029,999.8911391794859,672.435256041883,0.5305243874631598,-0.15582325,0.21104748621395755,25,39.47907,409.96674,-6.531872,-0.967588629347787
3030,1059.6500722019994,672.0739933889613,0.5010374441757813,0.049348693,-0.0026185572506867124,25,56.620075,637.50793,-7.011214,-1.2650220019653415
3031,1779.4443871890624,671.5354750225787,0.5714694734872986,0.12081044,-0.09924840178316256,25,232.59795,2472.6611,-8.482912,-2.794581852379505
3032,221.04400635319035,673.4737970481553,0.49736160785938954,0.094149135,0.023044047810202056,25,380.8849,4307.9,-9.085664,-3.3524464101528344
3033,455.26524985021075,673.0856467251514,0.46047155152490005,-0.25026932,-0.04943239132674166,25,65.92993,774.8935,-7.223105,-1.4784252379314033
3034,1276.484547413365,673.0228799644585,0.4573186396379784,-0.06471643,0.025127506906668456,25,112.387436,1301.6788,-7.7862597,-2.0802730784159285
3035,123.442600411849,673.4786222694139,0.4636224318336251,-0.08039912,0.10774419189566922,25,120.22367,1425.0128,-7.884547,-2.11537857552608
3036,134.98720368750836,673.5039862285641,0.4157257433312682,0.025870794,0.09051559823034687,25,205.31026,2539.4905,-8.511867,-2.724502646132364
3037,155.35161469303463,675.4930183135695,0.5530589795606029,0.24209085,0.05270217856861987,25,115.212715,1223.8153,-7.71929,-2.0695570623488884
3038,264.23291811323935,674.634221813603,0.4911271693123328,0.33593437,0.14325381350680202,25,81.51014,1156.7374,-7.658087,-1.4319109971993835
3039,603.7487165646154,675.5184427402124,0.4056812080945384,0.14427128,0.003704910939024682,25,204.04071,2535.5547,-8.510182,-2.7182679172526214
3040,187.66257525003337,677.2896663264856,0.3387224414451508,-0.26172864,-0.13256199206930475,25,19.971745,269.61017,-6.076841,-0.312200241963974
3041,444.02732766693214,676.4903060303603,0.4875828772475026,-0.019621506,0.09630684897963092,25,124.68168,1483.2599,-7.928043,-2.127392512883936
3042,209.19991092858308,678.1092068911533,0.5361236044792326,0.009395636,-0.017029797363557603,25,88.26916,1012.09393,-7.513052,-1.7033826566331163
3043,297.4862270308936,677.8335327334441,0.5031916609733956,-0.23640817,-0.08524584382786199,25,93.56051,1110.3069,-7.6136074,-1.7836805492153602
3044,531.1283649643769,677.5351445199028,0.5311677486450066,-0.16246167,0.07103328897496558,25,39.02473,453.68918,-6.641896,-0.833971763835777
3045,1009.0117624403546,678.0985960109844,0.44279782687477137,0.20416749,0.18919874293183078,25,19.336632,220.73105,-5.8596587,-0.2866078174415404
3046,362.9652069865042,678.6651819461127,0.43419770372205935,0.011409147,0.11462384164260267,25,4757.084,54546.48,-11.841917,-6.189190371555768
3047,400.27745716016926,678.6023699542077,0.47045472814319406,-0.09916436,0.06763849308585934,25,53.963017,656.1193,-7.0424566,-1.1977032308982396
3048,476.42783017045826,679.3521688313713,0.4613656774016246,0.10742105,-0.014605078496643036,25,233.73021,2735.3313,-8.592525,-2.84426989955803
3049,489.0873299722578,678.9421503893217,0.4649121568629141,-0.012244616,0.30655633228906,25,141.28009,1799.4912,-8.137875,-2.1599711266540353
3050,315.94781023399696,679.6414992014787,0.4842351417106285,0.089270614,0.04604053182471194,25,351.4687,4017.629,-9.009925,-3.292030496082038
3051,499.9666964698127,679.5913716428087,0.4678709784887589,-0.04956267,-0.08771494774524605,25,22.487507,295.80673,-6.1775203,-0.23751564322961888
3052,586.8154978514114,679.8777059137309,0.4599800713199369,-0.31709787,-0.03899743740418658,25,26.320362,294.54532,-6.1728806,-0.5465305149784818
3053,1026.9888879385235,679.8660082747182,0.4663232023779241,0.050225604,0.03159155266900722,25,77.52464,882.8959,-7.3647738,-1.6546019131884107
3054,1125.9813966466402,679.800003498038,0.484365532665081,0.008922123,0.02055319293783664,25,2740.9436,30206.807,-11.200262,-5.550122223778424
3055,1296.2522467107965,680.1211675473842,0.5774205890102476,-0.12935685,-0.03371276482130249,25,219.79251,2217.5112,-8.364664,-2.7691597830328734
3056,385.3427928066303,680.7382152569239,0.4321553288240689,-0.13642953,0.0345270452945074,25,48.861485,606.75977,-6.9575415,-1.1295268423705758
3057,560.5868399499351,681.025091354944,0.5142896609246186,-0.16423818,-0.0028041127329370952,25,61.792828,765.1572,-7.209377,-1.280568959394217
3058,1404.8974074114303,680.3054365351892,0.4466081442262726,0.18001543,0.14086652034216696,25,124.17005,1434.4128,-7.8916855,-2.2119050373526132
3059,674.5265134491457,681.8797980629139,0.5400364852987666,0.27749884,0.20999537508510907,25,19.592243,212.75612,-5.819705,-0.1365591753533306
3060,1261.9686026986815,682.5585260429671,0.4326872823685337,-0.07951544,0.2028767196120279,25,41.96229,478.88895,-6.7005873,-1.115164399242504
3061,107.54214425078928,683.0286101897036,0.36528668644727535,-0.29115206,-0.06008849586699542,25,21.231903,283.27884,-6.1305356,-0.23354587770035856
3062,286.9586348362774,682.5795298891118,0.5441149086730229,-0.014915999,0.09209196987979093,25,276.8478,2963.38,-8.679468,-2.998560863148665
3063,629.3598920449979,682.9523702187013,0.4913463023716274,-0.06390673,-0.07483680116820864,25,401.21207,4315.06,-9.087467,-3.4877852570884245
3064,850.6202560032597,682.7856493146531,0.4580272035114214,0.29303372,0.25844297418727435,25,244.81598,3137.578,-8.741486,-2.8039817193070897
3065,1337.2082330846426,682.6123257296701,0.5380130538085364,-0.20012611,-0.05488184983630628,25,94.59264,1008.15173,-7.508815,-1.836100351274792
3066,139.34782522928728,683.7768692591176,0.38111998675660935,-0.6062428,-0.0585055478258069,25,29.554218,410.16504,-6.532397,-0.5420501813191694
3067,182.26927506199598,683.7856340451577,0.4402867532344568,-0.21401489,-0.04225316275403966,25,69.52075,854.65845,-7.329481,-1.5056371802939428
3068,907.8387951017652,684.4596345552742,0.43629930214043566,-0.06986846,0.15040886059402905,25,50.350353,614.72046,-6.971694,-1.1622329080251599
3069,514.4775205965824,685.4503486730798,0.43788256995955144,0.14469042,0.046727170265991325,25,56.27046,686.52783,-7.0916457,-1.3124949479964463
3070,654.525304643152,685.7219740280776,0.6552088566471858,0.43309426,0.04277494758178756,25,36.51088,375.5963,-6.4368033,-0.7002031658639406
3071,917.4888071663376,685.2737878010674,0.4130796404218857,-0.017281255,-0.42012377544396545,25,67.07227,982.2886,-7.4805975,-1.2110686653702385
3072,32.33110632426465,685.6201107764529,0.3203571936734615,0.7729551,-0.8318653743661127,25,34.56861,652.0143,-7.0356426,-0.37440800894225557
3073,299.51384152888915,686.021992291914,0.5072071210437102,0.031473298,-0.08437712614625321,25,127.05253,1407.0996,-7.8708124,-2.1925407432321196
3074,572.4559570726027,686.362564987436,0.5191168539159939,0.15383743,0.00142007334136485,25,70.62726,804.0343,-7.2631865,-1.4911615328156924
3075,0.7173584294227404,686.8907085681229,0.36734419466289325,0.29978424,0.5276042709149263,25,64.176125,697.97546,-7.1096,-1.7011060280638004
3076,18.556146785338196,687.2956581130903,0.5074733269158997,0.19311218,-0.15553139922539191,25,14738.453,164071.44,-13.037582,-7.325015296420524
3077,267.8722155321606,686.8642681738869,0.4134398531223347,0.24424532,0.09097565663608652,25,43.282074,541.6579,-6.8343124,-0.9763928587067238
3078,407.39491640993657,687.3116064435166,0.5099122051920508,-0.54541045,-0.18188288268824396,25,29.658554,349.17484,-6.3576074,-0.5515184659873186
3079,611.1416433303341,687.5045689782378,0.4617009828826389,0.18021338,0.19657789510425783,25,36.973194,440.7458,-6.6104703,-0.8392747171869752
3080,46.79091580847294,688.1152859809279,0.4867020959095584,-0.039578844,-0.29129282036391546,25,119.46673,1493.9597,-7.9358473,-2.0170400256964935
3081,495.4478308572959,688.4342102646847,0.4782124733045598,-0.48013932,0.020518824375174122,25,52.089935,639.428,-7.014479,-1.1471674100258777
3082,976.802374127898,687.488234143696,0.4346379323414485,0.19809632,0.13813644923319943,25,193.2293,2250.3713,-8.380635,-2.7163424793129023
3083,199.40221413734344,688.966618720443,0.4496387601824638,-0.16767642,-0.09761621956157031,25,99.08248,1176.9159,-7.6768637,-1.934001597329253
3084,222.32445191964038,689.2667014100566,0.59673712279796,-0.26973635,0.1424269216891489,25,22.323135,281.72595,-6.1245675,-0.035997864060904106
3085,505.46815611306437,688.6238678165204,0.5397265139351735,0.18811277,0.15007230077777278,25,46.96613,561.01404,-6.8724346,-0.9652436917124394
3086,556.6928542214849,688.988013503834,0.4846662466252532,-0.06943691,-0.10075506108992158,25,143.11821,1648.6178,-8.0428,-2.3215067251564943
3087,763.5208441020372,688.9509537233441,0.4244025095621266,-0.10852855,-0.04872224313583376,25,78.59773,969.6081,-7.4664907,-1.683912498342365
3088,1230.1028779067178,688.547411535185,0.46364781598000343,0.09346976,0.10228946569621715,25,67.21908,749.4736,-7.1868906,-1.5538397212844448
3089,447.9278018421528,690.0438500735575,0.4936797699171462,-0.096941486,0.003490404528523927,25,190.35243,2055.6296,-8.282362,-2.6524783671927903
3090,543.1558923284665,689.6918061433344,0.4619223324151189,-0.07611907,1.3342249377637125e-05,25,65.442055,781.05316,-7.231702,-1.4358130986067787
3091,1084.1145060441968,688.9956530112943,0.38857637600602557,-0.035899825,0.19409897571272317,25,15.377154,194.63074,-5.7230287,-0.057665338608851174
3092,1182.1792075188268,690.0917744705835,0.5256293954562145,-0.13768862,-0.013406929020955855,25,154.69661,1643.3926,-8.039353,-2.3886201067369486
3093,1704.6139065813115,689.56668821906,0.44696614904391146,-0.5736737,-0.04198710667978271,25,26.242615,296.6708,-6.180687,-0.5818822101470535
3094,115.7265789679489,690.898848565899,0.4796935110085502,-0.08277758,-0.09773213369176885,25,114.099884,1287.6902,-7.7745285,-2.1023825007000325
3095,1215.2744079288957,691.1562673531716,0.5456654474917878,-0.019770805,-0.04742401825610549,25,229.73088,2343.554,-8.424687,-2.850475753918335
3096,464.3435992302322,691.7182177003962,0.40842300972760087,-0.32379892,-0.2052643703686301,25,43.101757,587.7794,-6.923036,-0.9587982667205963
3097,965.2615963233162,691.9512825713206,0.5821329203103246,-0.283773,-0.08406169994847966,25,29.214035,324.38406,-6.277649,-0.41598331137897837
3098,988.1674931610547,693.0433436394661,0.5201460795267191,-0.08661591,0.005663653169290464,25,222.21082,2395.5955,-8.448533,-2.8118192698479136
3099,1994.2256655786534,693.2725987567248,0.5102081405523035,-0.13901837,-0.030178055848992115,25,105.18765,1105.0502,-7.6084547,-2.0242243542483647
3100,71.43816185606661,693.9550848225712,0.4789182657662844,-0.23366992,0.07575411459808987,25,38.847515,499.8856,-6.7471766,-0.7810526833519673
3101,932.2468160409363,693.9400642582533,0.453482842691057,0.10247634,-0.014432386659781906,25,66.57176,771.0701,-7.2177343,-1.5029478225066728
3102,146.57300276872974,694.8697209260886,0.4586447520217181,-0.224975,-0.03934817476276398,25,56.21657,765.7061,-7.210155,-1.1118928576459148
3103,240.45067640813042,695.543328023684,0.4513489461408212,-0.2965458,-0.11926216003639163,25,27.222229,384.15903,-6.4612775,-0.3140034877988098
3104,628.6797523063094,694.7880534495437,0.49529185075717613,0.1882013,0.17548367449271615,25,70.476395,843.61316,-7.3153586,-1.4501774238650789
3105,724.6002921223427,694.6846923680499,0.4579474575796349,0.19499896,0.09378265620335204,25,190.2559,2193.8892,-8.353037,-2.6458016403824725
3106,1073.6676083765597,695.2290167909925,0.5003583584880157,-0.34589592,0.07673512281270503,25,32.11246,359.76962,-6.3900614,-0.6921925289434161
3107,1239.4279005818917,695.3076214643802,0.4983701940036155,0.049191143,-0.02327327836691467,25,413.26355,4522.4556,-9.138435,-3.503894891143378
3108,178.20834385527237,696.63306443258,0.5134208122649853,0.080743454,0.04274919546385696,25,450.41693,5300.831,-9.31086,-3.4992688316608604
3109,369.6794188474526,696.7729081039538,0.48913300476206334,-0.097733535,-0.08654467317580763,25,153.00227,1700.499,-8.076441,-2.4033912173601784
3110,577.6481416949176,696.7772626366959,0.4696232962694787,0.08618987,0.016321202853760704,25,147.96092,1683.4745,-8.065516,-2.365625694834325
3111,615.907492258988,696.5929474157648,0.5011631774952406,0.18403068,0.12917964626671033,25,96.02357,1111.0098,-7.614295,-1.865962864235755
3112,777.9411621631534,696.4219733750095,0.4481545881724941,0.25311056,0.20741366274591405,25,76.8772,897.589,-7.382694,-1.6857765397777973
3113,1951.2540520694354,697.0513316441202,0.4757953112931835,-0.08490955,-0.00024532527207153307,25,58.47906,623.3298,-6.9867945,-1.3993877583608971
3114,1371.1820866815565,698.0594472280873,0.48324117888758455,-0.044963975,0.04961058024991631,25,64.62794,672.91534,-7.0699015,-1.543912536716553
3115,1507.3543787414928,698.635946303635,0.4069572160206859,0.052476555,0.1545305661477151,25,30.477009,352.05887,-6.3665385,-0.8015669911168497
3116,271.86172193169523,698.8921610951129,0.5116626214175184,0.045746457,0.0288716507706605,25,58.728138,688.15704,-7.0942187,-1.2592872901257948
3117,524.0852930496198,699.4337235471953,0.43777821872053885,0.00070737436,0.17211936456943805,25,44.70686,559.93225,-6.870339,-1.0165410971291196
3118,807.3608291356558,698.4673178597609,0.4396312585758215,-0.23095904,0.25925687919766555,25,86.18459,1117.2554,-7.6203814,-1.680416733290751
3119,155.8269703998826,700.5549831629943,0.48898904658322456,-0.051585864,0.03343298553282838,25,5614.0986,63181.992,-12.001484,-6.297879217753416
3120,443.6783390862403,700.3811694989818,0.4913758176302931,-0.2875212,0.06519360424732976,25,66.40427,812.77026,-7.2749195,-1.3788653652878449
3121,973.2304389705085,700.3715038947001,0.44968520430029646,-0.019786732,0.09323244945052117,25,56.54221,679.81226,-7.080972,-1.307974327083488
3122,94.6527794622807,701.2536228232667,0.5118581992266541,-0.27313513,-0.061151663053449525,25,38.833378,460.5805,-6.6582637,-0.7919524129483302
3123,221.61916111137876,701.0916926698414,0.47764040129295027,-0.3024023,-0.11399895075248685,25,70.17734,820.1327,-7.2847104,-1.556704628772865
3124,290.73049786241046,701.2311782245638,0.4962480532376646,-0.107848026,0.04339298000468375,25,43.50521,510.33264,-6.7696333,-0.9877216292613833
3125,1537.5459110452152,700.9017876025649,0.5008735256107926,-0.21781178,-0.1411991235698692,25,22.530743,212.21228,-5.8169265,-0.4965248444405974
3126,54.5343915141504,702.0301858885201,0.5618755999987726,-0.44543016,-0.12283110145083065,25,22.150509,274.80115,-6.097546,-0.11590363898689635
3127,663.9713129230229,701.9403966985207,0.4029718440461876,0.1273424,0.08702000013604308,25,62.79556,806.1293,-7.2660117,-1.4110979523153744
3128,1470.8675906576582,701.9216261102272,0.3399513851269498,-0.102032125,0.2383522845216501,25,14.0185,159.60246,-5.507599,-0.041640504645617527
3129,1846.9548146118095,701.9909971741108,0.4388986949478475,0.14094369,0.3681953218800058,25,18.330845,212.42114,-5.8179946,-0.08325714915147638
3130,591.2255663846632,702.8529994979361,0.37594975486794757,0.14244418,0.07017754806183138,25,34.243507,430.00723,-6.5836897,-0.8205068681992339
3131,834.0322951724402,702.8791934927384,0.39291300772473786,0.0063783578,0.19381358062995924,25,185.65436,2322.631,-8.41495,-2.6199129570938844
3132,10.493263354708898,704.3261301451683,0.49836322307614533,0.10624157,0.15207238104758886,25,38.226143,511.82022,-6.772794,-0.6732580507309955
3133,1158.5133863653311,704.3716215188905,0.41010018937806814,0.16600345,0.02608728343188764,25,57.154316,708.69366,-7.1261463,-1.3467158609492944
3134,40.367523528353814,704.7116964975228,0.47080472119586503,-0.045305595,0.04760253310540644,25,135.91356,1606.861,-8.014946,-2.2135941153958156
3135,200.75140854629484,704.8604337436988,0.4809824532645232,0.018896101,-0.0028758750173339914,25,83.08139,993.6113,-7.493041,-1.6826681044609357
3136,77.6293255493256,705.8793000777546,0.497709173509045,-0.11753121,-0.01306818110946769,25,73.89985,863.20984,-7.340291,-1.5275518379922046
3137,215.19960561317313,705.6890370874023,0.40987774404139604,-0.15771215,0.09208102793331337,25,55.74853,727.32697,-7.154324,-1.2489873776223501
3138,964.0874253125887,705.7998467905023,0.4620593463692199,0.12207292,0.02959077943555908,25,207.81123,2392.2239,-8.447004,-2.740068570678173
3139,1367.2434197502046,706.4425878634036,0.49638071619580126,0.018525673,0.08803730978855216,25,145.72737,1679.1543,-8.062726,-2.2929990194271883
3140,264.1914413682828,706.9239072531135,0.3707790419999937,-0.10213883,-0.1429655970873234,25,32.27608,411.98917,-6.5372143,-0.8152117617214403
3141,702.4620809596737,707.0648121331268,0.3381368140822081,-0.5539849,-0.07692276300985545,25,19.610699,250.61464,-5.9975157,-0.26866430685874876
3142,1255.9991690345166,706.4424731502718,0.48977159305751783,0.1197972,0.13924004324625971,25,395.53088,4265.9946,-9.075051,-3.481357011169372
3143,358.08881618840985,709.1457584978754,0.5382834954656459,0.008400036,-0.09950101462501992,25,281.81213,3063.174,-8.715429,-3.011293605956199
3144,541.8160015930671,708.8026192562804,0.4482107794718458,0.062413413,0.015916456873894383,25,114.4418,1350.911,-7.8265667,-2.0958711716040637
3145,638.4384005511779,708.5642785823885,0.4868279262422406,-0.044583485,0.11074207513617157,25,58.742374,686.13165,-7.0910187,-1.3278170349632168
3146,764.9145002567017,709.1459029542875,0.47056678293426707,0.060912985,-0.05981085742025996,25,54.81417,680.9919,-7.082855,-1.1879628054866243
3147,67.26944888697628,710.3196927203703,0.469185664287422,0.27846712,0.028541817004514653,25,72.13993,863.0331,-7.340069,-1.5467087694569064
3148,583.326933074101,710.2491476286132,0.49114988656563874,0.15046047,-0.16890520417739566,25,38.806683,477.20743,-6.696768,-0.8081810621197485
3149,942.1549468871917,709.9554232883031,0.4062039802231997,-0.46404204,0.25816500885291976,25,18.703125,232.4161,-5.9156656,-0.045846438042326305
3150,100.12641743480746,711.3819190778926,0.4841431489504286,-0.0054546674,0.060996848180311244,25,54.340393,656.5837,-7.0432253,-1.2132088928057243
3151,146.35517588952482,711.540860678242,0.4341416959696639,0.27139366,0.09669428547317048,25,68.461105,880.2477,-7.361512,-1.4701374407516439
3152,436.0531310839404,711.2247618441494,0.38990458195536737,-0.29236144,-0.03601777472388894,25,52.37605,656.42,-7.0429544,-1.274209148968937
3153,798.5177454439056,710.8472381972813,0.43582525652216386,-0.42974576,-0.10897930717068903,25,46.925224,563.6302,-6.8774853,-1.1939452773635812
3154,220.78266205928557,712.0506022880566,0.4774166348276897,-0.12565741,-0.023996629179966134,25,501.23135,5678.923,-9.385665,-3.6841626302462434
3155,714.9375092707935,712.0345098377202,0.47067904710020875,0.040804677,0.07407278620414348,25,37.213287,424.2175,-6.568971,-0.860951049890505
3156,11.606319477876822,712.5432227127255,0.4483021496216586,0.12856449,-0.06072063265873357,25,175.39824,2111.3848,-8.311419,-2.5361253573262483
3157,177.84912341408,713.1932836704144,0.5083616472934362,-0.123318546,-0.052414313389163476,25,6184.78,64963.777,-12.031678,-6.447481329972233
3158,527.235290478579,712.6310092064346,0.46955659967083585,-0.21523552,0.1087239276166431,25,104.50683,1161.09,-7.6621647,-2.051109529347511
3159,599.6889498972216,713.4714447569052,0.46187251837088455,-0.38132235,-0.0011728695329920771,25,79.78542,982.8696,-7.4812403,-1.6421888216339477
3160,780.4443101067448,714.5383246280818,0.5439241862516566,0.25051263,-0.008881938782535395,25,424.3578,4805.8496,-9.204425,-3.433501851583971
3161,814.5945773196435,713.9616749421145,0.38670894252928995,-0.16887991,-0.06262655925614884,25,26.294224,341.46216,-6.3333564,-0.5037486505031429
3162,89.28181951224722,715.1523994767658,0.5228977364865954,0.122469485,-0.04941465378455692,25,103.0662,1126.8141,-7.6296306,-1.9599358831805964
3163,378.81036965410607,714.9675118182445,0.560436221241107,0.101722516,0.03597302473829602,25,30.344284,357.981,-6.3846498,-0.455877867613134
3164,387.8834919244539,715.0877882020685,0.5346495480470163,-0.09008429,0.08376146603322698,25,41.947838,458.48993,-6.653324,-0.9605583454926009
3165,1457.5328877609143,715.0984810896,0.5629932137373065,0.08119065,0.07072985732180884,25,37.76707,412.26974,-6.5379534,-0.7727927187808791
3166,27.509668663865437,716.1077360238988,0.5102985594001538,-0.26819062,-0.14631405175522014,25,154.44179,1699.3254,-8.075691,-2.4060649814616633
3167,282.1976000569129,716.1377124693685,0.42591425282580847,0.21431394,0.018014955773007185,25,130.61089,1577.3591,-7.9948263,-2.241546105799409
3168,907.7312907734874,716.0852955656561,0.4168317623297461,-0.2587547,0.10215945358842599,25,27.411465,342.35822,-6.336202,-0.43971030445575965
3169,59.903559339256134,717.0616769555523,0.47073055196666724,-0.049495444,-0.06460878249359406,25,264.70364,2909.5605,-8.659569,-3.034781617062414
3170,487.50105258714126,716.6634544440734,0.45881968483285207,-0.24033654,-0.07256501484724859,25,235.40813,3037.5403,-8.706305,-2.773691833422843
3171,254.2593344148584,718.0991697391383,0.46240646591604856,-0.03231302,-0.0026199381682704206,25,124.87342,1464.9435,-7.914552,-2.188009667387622
3172,342.9144390298696,718.5418051137153,0.5149701616017875,0.23312005,-0.1768301662427498,25,151.35648,2037.0293,-8.272493,-2.1991144956793782
3173,760.9297191905721,718.0505167383828,0.5196888754472981,-0.017330993,-0.012022798194693797,25,177.22217,1891.9769,-8.192289,-2.5611075891303496
3174,568.7877194053648,719.2228797463482,0.48308346220446635,-0.04643569,0.016557175004751304,25,467.77625,5294.962,-9.309657,-3.6145950141520067
3175,241.18696194435447,719.7941638036787,0.3915220295980716,-0.09153547,-0.042305712156535946,25,138.9033,1714.1245,-8.085106,-2.346196638306626
3176,474.6826748537321,720.1891303474504,0.5241425138535151,-0.24558364,-0.024765557345064085,25,212.96257,2295.3633,-8.402129,-2.746655490809398
3177,927.6633607978545,720.3203649574663,0.29495011029604473,-0.011642023,-0.1745110468097533,25,15.335649,236.51714,-5.934657,-0.027777965550571847
3178,154.1888324033286,720.5519263109355,0.5725416777113644,-0.53767735,0.01200995521097223,25,27.843876,322.35352,-6.270831,-0.3467369981200213
3179,712.2358658016267,721.2376795894969,0.5735318560253725,0.24379514,0.07982191869179084,25,24.923275,288.60352,-6.150754,-0.2445936166939715
3180,1002.0814984522221,720.9996089780997,0.5459703680726609,0.12973219,0.1833175362840543,25,263.05438,2871.3467,-8.645214,-2.922689882460161
3181,419.0771124427413,721.5589557521357,0.45694937916016504,-0.28558847,0.15849828576579705,25,47.580585,559.99554,-6.8704615,-1.1266394685648276
3182,445.8644062040251,722.2728543833131,0.5320305780544529,-0.1603545,-0.0002889263935272945,25,791.62103,8198.266,-9.784306,-4.187545594965046
3183,628.5676959234877,722.2832153256949,0.5306592110862248,0.14875804,-0.09736593584651701,25,464.73633,5046.6094,-9.257499,-3.5884422728903247
3184,839.6334052910726,722.1011222392459,0.4671685853886537,-0.035471592,-0.030940606880575327,25,650.16943,7507.9717,-9.688807,-3.985841026324295
3185,102.81187457544969,722.9043319549141,0.41200596681159046,0.38420367,-0.24657542186213438,25,133.35394,1850.6407,-8.168305,-2.117418384091618
3186,208.79371844178104,723.3960031270091,0.5130393003785091,-0.06834207,0.030495932721290753,25,324.61514,3697.152,-8.919668,-3.1666149443843503
3187,1693.232265271665,722.8625461647696,0.47295052593618336,0.016043192,-0.004763111827520064,25,66.99529,664.96735,-7.057001,-1.6299976163284116
3188,399.3646471943107,723.4900996125749,0.42946960300530285,-0.189761,0.165413090833062,25,24.940926,315.17566,-6.2463818,-0.42838124124266774
3189,615.6106156221844,724.0466366352133,0.4585631157291025,-0.14845206,0.024931866312087627,25,349.69284,4139.5063,-9.042372,-3.276193008914627
3190,30.460249634008356,725.1300780885306,0.5153190232842089,-0.15727617,-0.12867175282235327,25,32.420124,387.91562,-6.4718432,-0.6276132479933285
3191,347.11934365822384,725.3245702996602,0.5536574248349716,0.14977717,0.058063675861272375,25,303.25366,3275.5212,-8.788201,-3.098793903021466
3192,652.909812515258,724.6286689647451,0.44554773843639955,0.014252758,0.11588480659731723,25,120.78736,1436.0096,-7.892894,-2.12005516904806
3193,513.4561187556033,725.8694304384945,0.5379132727860623,-0.035091236,0.03346501450371671,25,74.51031,847.20526,-7.319971,-1.5021629116870185
3194,56.555276017602914,727.1353287400897,0.5092715939567739,-0.12460119,-0.08574863459097065,25,100.67977,1170.3453,-7.670785,-1.8490764202697036
3195,266.4357390119593,726.1542759172968,0.4043150372359157,-0.6433043,-0.057911680797213,25,22.545345,303.02744,-6.203705,-0.33639540780094096
3196,586.3064343286803,727.0862506752534,0.46850376276416716,0.14040317,-0.05937504959470693,25,20.823467,236.5262,-5.934698,-0.3053956924650044
3197,304.79172354192195,727.8526120286745,0.4464287701441333,0.0749379,0.000599486263519079,25,112.35821,1366.4962,-7.839021,-2.0476512145237886
3198,643.3026489238063,727.8627831267066,0.4195092342313925,-0.07603072,0.10375623117376469,25,71.72844,885.7862,-7.368322,-1.5431398338091964
3199,671.5891124302467,728.0669907822991,0.4928368378491941,0.07333468,-0.020775823382051972,25,36.771397,403.63425,-6.51497,-0.8534803188109684
3200,1017.8737823088982,727.4377354923324,0.3757752096838971,0.17449057,0.24606332867085104,25,312.89478,3921.2715,-8.983567,-3.2417423689262543
3201,1062.7036029856583,728.2576116565982,0.5256379243224957,-0.22109942,-0.00018066390789913206,25,869.0999,9347.902,-9.926785,-4.277545725022607
3202,360.94789151905275,729.095066105717,0.5024316193776993,-0.16954535,-0.05619670750584666,25,53.355244,603.8724,-6.9523625,-1.2554431842617764
3203,128.9859961599693,729.7413714143009,0.48142854243432637,-0.09958047,0.05348019427726787,25,2389.2778,27391.725,-11.094048,-5.368243647532469
3204,169.4468298965585,730.4137218685443,0.4283542184694548,0.31377938,0.03810555376371062,25,55.43532,715.21985,-7.136099,-1.2231626889467888
3205,528.5484797588128,729.9789093169446,0.45565453671478817,-0.0972099,-0.09134418280144788,25,554.391,6455.89,-9.52489,-3.821678501110683
3206,781.9410518099594,729.9502969837582,0.5361973371426763,-0.045572225,0.05240425506384036,25,189.06471,2052.9893,-8.280967,-2.5828229901220374
3207,70.7423383724697,730.9529915264095,0.4586405690566381,0.03657823,0.07513386588585047,25,121.080055,1487.5146,-7.9311533,-2.0909964989141274
3208,1452.3594775267868,730.5489725911594,0.4581392448155883,-0.16058336,0.028467889640715154,25,38.208744,417.02625,-6.5504084,-1.0030277597759347
3209,34.426642361707366,731.4902836586214,0.43546030522073337,0.13344538,-0.2430119027010453,25,25.397228,338.34702,-6.323406,-0.34698250089044724
3210,519.4464351047774,731.8971115204239,0.4722028218079591,-0.11178084,0.006271274545713968,25,230.09421,2585.2634,-8.531262,-2.8724933840862095
3211,90.4047673121409,733.2229133719957,0.41840342932805985,0.26891732,-0.048194131113541906,25,207.7,2472.2322,-8.482723,-2.77167651949156
3212,213.52784891408638,732.8893870270483,0.540514473611172,-0.2740055,-0.1442566974520382,25,270.142,2977.1985,-8.68452,-2.9589168459717174
3213,352.59243707081595,733.3089187035525,0.4481076771384666,-0.27944246,0.0014922193853129488,25,75.23075,923.3891,-7.4134617,-1.5841782827359756
3214,506.064586869301,732.8822631777641,0.5072760140452949,-0.10227848,-0.013342228274113112,25,112.88558,1191.8235,-7.69053,-2.107161065271021
3215,102.42677301807278,733.794776330381,0.49555346393998695,-0.20941995,-0.018887846964034158,25,145.10522,1620.0348,-8.023811,-2.3321101520853267
3216,148.23057578005472,733.9156303854522,0.5645535937186716,-0.07181288,0.025810169190088,25,73.15223,825.9399,-7.292371,-1.476941800790144
3217,457.12101140231044,734.3865291172903,0.4876631390584399,-0.23343393,0.08020774380022945,25,101.991516,1231.6577,-7.7262254,-1.850187134666224
3218,619.2868193483846,733.6958984243656,0.4991230254609968,-0.12171765,0.11894944401722422,25,32.37659,385.78372,-6.46586,-0.632308816651137
3219,832.9288423465687,733.6388279640861,0.40285822951249345,-0.02150386,0.08340465860005185,25,137.1142,1625.8185,-8.027679,-2.345511721247475
3220,137.11208854851498,736.3474344007632,0.5080683583465361,0.146584,0.005154536506013965,25,534.3957,5888.9165,-9.425088,-3.729501688622945
3221,178.8399696272408,736.5509878424974,0.5094896887024384,-0.09015106,0.04935746895830871,25,165.22565,1878.4314,-8.184488,-2.4566013843675645
3222,854.1106547668146,735.5980540247832,0.3318285351185498,0.39219403,0.1990751820704857,25,26.550362,367.1584,-6.4121337,-0.47706475036123025
3223,1026.0768753967434,735.5691099355454,0.4637391969178354,-0.021592226,0.140665271008409,25,57.13753,675.75024,-7.0744658,-1.2883635922428047
3224,226.28885299114242,737.2042501840237,0.5152767768767986,0.16020416,-0.028113474951907462,25,75.98105,852.393,-7.3266,-1.5820404331337066
3225,363.41756598202824,737.2064263541047,0.49887652661614323,0.2403757,-0.0136929492974064,25,47.69591,560.7095,-6.8718443,-1.1059374240278943
3226,582.2278569377559,736.8716707721117,0.6559875931415872,0.03155279,-0.039589485314541685,25,30.299152,327.21292,-6.287076,-0.4518682475075896
3227,374.6695082684406,737.9911063153241,0.47581929428080366,-0.098215416,-0.034649466887902894,25,396.86105,4401.6406,-9.109036,-3.473774685393332
3228,406.7651944122077,738.2639487803087,0.578937676002418,-0.29601285,0.01150825856412553,25,94.31524,982.49097,-7.4808216,-1.8068628037350885
3229,817.4729523548564,738.2424480748987,0.45435478935491175,-0.060240246,-0.051227219353068495,25,34.992756,440.66953,-6.610283,-0.7417895303461719
3230,113.09162260472594,739.0338003075761,0.39354102595161133,-0.17708689,-0.2541305468847071,25,96.75344,1314.5576,-7.7969494,-1.8096429004418808
3231,303.5931583108686,738.3626395075179,0.44759014716277706,0.32423848,0.13202943612068122,25,28.20765,360.0985,-6.391053,-0.524735363250023
3232,1189.697703782025,738.6545525593313,0.4528432887129726,-0.09152763,-0.010826578117897046,25,42.093338,499.95837,-6.7473345,-1.027982209173088
3233,1566.423908399948,739.0794871673301,0.4338576655030595,-0.2396942,0.05384661929544317,25,37.64809,430.68396,-6.585397,-0.934504972456151
3234,651.3957202000502,739.7774497887882,0.446750181069005,-0.25076106,-0.0871170472510892,25,135.85207,1585.0994,-8.000141,-2.309980024396887
3235,251.95378172491328,740.4562250524409,0.4792973402309667,-0.011234954,0.08766413650712324,25,169.00131,1908.2241,-8.201573,-2.5168695927964357
3236,288.90230338818685,741.5112958628351,0.48910436306479943,-0.1426597,-0.01026465907771335,25,304.23456,3435.0754,-8.839841,-3.1489188471074177
3237,775.8877048766461,741.1583097841783,0.5099408127044366,-0.01112341,-0.09977507440785255,25,298.52304,3244.1418,-8.77775,-3.123385308482426
3238,1063.3085417980362,741.1709802316248,0.618486709235309,0.11725566,-0.07282249780034983,25,22.796944,244.41014,-5.970298,-0.1703417536949559
3239,1040.0503175791885,741.7790817667634,0.47431361683933243,-0.051209617,0.0569569112027225,25,157.04918,1754.6578,-8.110481,-2.457858311046162
3240,1200.7506885507332,741.9706777806946,0.5583865825391083,-0.31022385,-0.05511527158157419,25,581.86084,5949.507,-9.436203,-3.843607406988732
3241,1671.961107483508,741.5608920927202,0.5495097952340414,-0.07766643,0.019992330163954995,25,336.7824,3408.4976,-8.831408,-3.27046348448719
3242,154.73136317633706,742.8884753852243,0.33939178998451863,-0.1617288,-0.04346640776361677,25,19.07235,264.54556,-6.056251,-0.06965118797237131
3243,474.18149434701735,743.1677469917291,0.43245040214407177,0.07858195,0.09365002885429352,25,69.86848,841.2138,-7.3122663,-1.510959759839586
3244,1086.9350116385754,743.585175808116,0.5391097281645706,-0.1145709,0.14567057537878528,25,21.01339,217.79205,-5.845105,-0.2342176304469316
3245,35.32683285613326,743.9035663650616,0.4297402731486418,-0.041186888,0.003337710340012595,25,45.42513,552.7151,-6.856253,-1.0831193254263392
3246,320.4317795067891,743.9458933045842,0.44278842353469233,-0.8954834,-0.4433358429365876,25,164.29648,2300.6025,-8.404604,-2.29620036398263
3247,608.4971436580058,745.315919605326,0.552073826667713,0.18819873,-0.021973343698728755,25,268.4374,2901.9976,-8.656742,-2.9503574688078666
3248,1232.8266237859525,745.0465143970617,0.5051612270954708,-0.11608715,0.061334252373901346,25,50.88174,515.95483,-6.7815294,-1.2568524485407229
3249,1417.6919230978915,744.1647546554641,0.42718918274431783,0.32509714,0.14342491166767646,25,16.096973,181.60913,-5.6478443,-0.14882855413427612
3250,69.10532813686994,747.2224268490817,0.49137411911967277,0.037871573,0.057503476548293325,25,30.68206,350.73077,-6.3624344,-0.6068451078065421
3251,138.12729606203686,746.7680501222054,0.44570104753880063,0.21169086,0.12157097332703579,25,65.7163,804.4182,-7.2637043,-1.4566368955452975
3252,342.15755406018627,746.9789461127399,0.4104700937777264,-0.06733889,-0.07001686216757605,25,46.90476,599.9004,-6.9451976,-1.1007355450899894
3253,619.7204450580715,747.3652994751094,0.49735559285760245,-0.2406918,-0.009847475649282733,25,80.82763,952.52325,-7.4471893,-1.6063663667394925
3254,201.8715350054185,747.6952152533422,0.4627239450361081,-0.059326895,-0.010265986191800639,25,64.13879,763.03546,-7.206362,-1.3770470996483795
3255,215.10838631318953,747.7557578853326,0.4198757690785534,-0.86243546,-0.06351379511160726,25,44.97396,644.76044,-7.023496,-0.9666732462480199
3256,854.583724404536,748.3936543432592,0.5336213079220038,0.22001627,-0.07241120845285864,25,1102.0272,12242.882,-10.219708,-4.514021772492647
3257,537.2831297484364,748.9562930223461,0.5008945963793615,-0.022176152,0.00837571486713669,25,88.032906,991.58154,-7.490821,-1.7740066348714305
3258,759.0876907255837,750.4093179025396,0.477804059118121,0.32916617,0.06812177823805585,25,40.860554,458.3697,-6.6530395,-0.9914196699644493
3259,111.70188199787508,751.0010954576751,0.4709096122487621,-0.20907858,-0.10631081765317948,25,57.41557,669.6733,-7.064657,-1.3454907870629125
3260,89.84451567223905,752.5420884181456,0.5172356220573732,-0.30351368,0.09042978386077638,25,271.39832,3287.6533,-8.792215,-2.9089938832713753
3261,645.7199587775292,751.5679100498911,0.45632524387391776,0.21154343,0.16135476272060176,25,132.4257,1625.1052,-8.027204,-2.2004836567075596
3262,223.2324074358877,752.8388970697832,0.5356226827223963,0.023853755,0.07258486913883615,25,38.869762,451.96173,-6.6377544,-0.7690225046995768
3263,518.3509399293838,753.2014707962461,0.4206384587930729,0.076900646,0.05884692769033507,25,122.623146,1535.2888,-7.965475,-2.1585971322889868
3264,1089.1176792087333,753.5255007849979,0.49294852084845125,0.21816093,0.3470583086643123,25,35.99573,409.30942,-6.5301294,-0.7942198160113484
3265,1143.9262942189441,753.1281043252085,0.6133425672480086,-0.09595539,0.2981138846062268,25,29.266933,326.4157,-6.2844276,-0.39914335002021306
3266,1681.0204593064836,752.353404373526,0.5139118015856577,0.030866563,0.12008254973041742,25,35.676487,376.14694,-6.4383936,-0.8703862627082795
3267,124.07592452394906,753.6484141980936,0.4849847322202998,-0.22745535,0.04398452644033658,25,43.53515,500.7879,-6.7491345,-1.0172098270556764
3268,339.76301899357117,753.8636965090357,0.40183116811178404,-0.001749572,0.07073062655529991,25,60.827724,785.11475,-7.2373333,-1.4022241854019504
3269,404.88678914287846,753.9743369699897,0.4721260091445748,0.084049016,0.04387273366230423,25,72.044426,828.3983,-7.295598,-1.5977965312108109
3270,472.3499199906466,754.1392620637338,0.48627288824527115,0.03886826,0.07646560425117303,25,46.62557,506.3987,-6.7612314,-1.1641065441391987
3271,1034.1927643026295,754.3146791468641,0.5489247452126342,0.0677476,0.024613619069553633,25,334.67526,3539.8372,-8.872458,-3.254112722376565
3272,234.1056774972201,755.1609157093908,0.47973629059417605,-0.0844422,-0.07678072690223572,25,97.12429,1143.2213,-7.6453257,-1.8364530656907374
3273,393.65756434067794,755.3646853152261,0.48886093555074334,-0.2776865,-0.04478490051621656,25,342.33182,3787.3545,-8.94584,-3.2926407782175997
3274,635.4649807896365,755.4034886623265,0.3084127668294391,0.2735218,0.07352591967908101,25,29.010765,385.7654,-6.465808,-0.7608043056804848
3275,1909.6119707955943,754.7605283301529,0.47640954769030475,0.18600199,-0.020889591429321164,25,45.750927,490.19073,-6.7259126,-1.1337238751156085
3276,193.76038855080452,756.553507912904,0.42700936735238154,-0.061221816,0.04175447545171109,25,80.67731,1043.2781,-7.5460005,-1.6494967207969133
3277,312.98571787054834,756.3479654559626,0.5201439034392454,-0.10041947,-0.00038578585181925986,25,114.50585,1295.6465,-7.7812166,-2.0072547196689463
3278,416.9947616227442,755.9669207492445,0.47614198133690727,-0.11643745,-0.0885672854020209,25,221.37094,2499.2957,-8.494544,-2.8224189062951064
3279,1163.5880969858658,755.9782448875625,0.3831090993673502,0.057155933,0.04736960931153756,25,56.328075,692.8587,-7.1016116,-1.4140986738226713
3280,1792.8877245904052,755.9236409383353,0.5871624755466978,-0.16701406,-0.10387338296420992,25,336.42615,3147.1887,-8.744807,-3.284105562830581
3281,770.3463964849767,756.7769555698214,0.4506994454959701,-0.0062035373,0.15391164598429352,25,28.785278,317.51392,-6.254407,-0.6822211905063034
3282,182.47530348793254,757.9296802558995,0.5604985974794422,-0.2452704,-0.05502183131020887,25,145.05461,1526.0834,-7.9589458,-2.2998229130129633
3283,357.44695576614254,758.0779523443153,0.48749005837386017,-0.18938279,-0.10106930999836032,25,103.20954,1224.8755,-7.7202296,-1.9337179155209883
3284,371.60646164038593,758.9885632547933,0.5123716598328004,0.34065256,0.027050541624008842,25,37.64563,481.02386,-6.7054167,-0.7045286906860287
3285,788.5437709597276,759.2505380145457,0.4299029472298295,-0.22701876,0.05012644429433325,25,70.53423,874.5756,-7.354493,-1.5091370178325971
3286,1368.853127117722,758.7333849936244,0.4608667552013626,0.25637627,0.0791317988011924,25,35.05448,413.78992,-6.5419493,-0.8345956802186176
3287,1846.6328611447404,759.0472030536613,0.4876910540080102,-0.2549964,0.03492709414062208,25,18.820549,195.38889,-5.727249,-0.15331137842093084
3288,143.19313123167262,760.5750680081512,0.5260718106465573,0.07272612,-0.01015486485953128,25,365.81958,4045.4194,-9.017409,-3.3093513432537507
3289,779.4300755325004,759.8114982037098,0.46872545252273395,0.0024702118,-0.06148884219645242,25,54.24636,685.8218,-7.090528,-1.1451899044190181
3290,919.2857020237933,759.6274187923749,0.4497249466574049,-0.20300788,0.09043773095606968,25,39.743267,462.0042,-6.661615,-0.9558849699291314
3291,847.9631443433489,760.7780986150506,0.32838245881076855,-0.09316084,0.1006177759310593,25,41.394043,560.80316,-6.8720264,-1.0010568605006478
3292,903.7462502692745,761.6902693239646,0.44037943224216214,-0.033180825,-0.0161364145793854,25,23.134548,254.18532,-6.012876,-0.5394008998984381
3293,1270.443836340412,761.9466963688635,0.44909567551328056,-0.06941959,-0.029308931820287164,25,50.862537,584.2232,-6.916447,-1.2338764599617598
3294,9.819263092996124,762.7786740178259,0.47066301170287345,-0.065240964,-0.20769185107075017,25,72.94776,944.476,-7.4379773,-1.4964667007442003
3295,237.56553388550154,763.395274755219,0.5260599810157908,0.024100972,-0.16609155995691469,25,106.47216,1244.1714,-7.7372003,-1.8934790358798024
3296,433.3164428734845,762.7925511483386,0.508215206875895,-0.18383183,0.08839568979418334,25,68.30746,799.92816,-7.2576275,-1.4376175777026012
3297,56.66285696738944,763.6602337987224,0.3847176828456671,0.07199455,-0.01153884387138967,25,72.276634,957.3872,-7.452719,-1.5486062833645664
3298,679.1121547902436,764.1156157925612,0.4610800443607572,-0.06081674,0.0072038280857633676,25,172.69507,1968.992,-8.235609,-2.5511406096515947
3299,1318.9623832993723,764.234329475021,0.4620834205307583,-0.065026134,0.2342277610698997,25,18.559208,204.18982,-5.775085,-0.20510866115786075
3300,1523.7776993349794,763.6155584236727,0.48388164922439786,0.18116727,0.08380448534088164,25,49.344433,535.84735,-6.8226027,-1.208991637338673
3301,1786.0478691380054,763.9153778608691,0.496899307132043,-0.2596206,-0.0827165748159979,25,110.676765,1157.1035,-7.65843,-2.116948498499734
3302,30.072692900951804,765.5690116518357,0.41517645529899383,0.20989347,0.3016148461921293,25,72.22146,985.2703,-7.4838886,-1.4700595424088285
3303,476.8276087784238,764.5828805201008,0.46206097507086297,0.14716175,0.029254549947119884,25,78.99356,935.9038,-7.428078,-1.6671937978275801
3304,720.6191558984763,764.8468668402857,0.3859858469486361,0.08642701,0.03385590325609658,25,27.662083,358.44308,-6.3860507,-0.5582274425401254
3305,148.3389838864693,766.0128408887759,0.521585078758276,-0.0350856,-0.10715146185054279,25,555.60785,5930.7095,-9.432766,-3.799319398208133
3306,276.91734866061876,765.9560210319075,0.48662134714397326,-0.11069492,-0.07230005175792496,25,1714.8479,18431.803,-10.663919,-5.076833232851561
3307,339.75936640742026,767.2291892719846,0.4795752306014881,-0.115774184,-0.006705680797464975,25,168.77179,1910.0084,-8.202589,-2.491674705306065
3308,551.7029038964373,766.7679223192465,0.47213219780790394,0.06500081,0.008061243935604093,25,68.34741,809.5891,-7.2706614,-1.4915622428088582
3309,700.5821565192929,766.982059039745,0.404992180538517,0.07719065,0.11798219888305636,25,19.758503,224.19797,-5.8765793,-0.33819236001891617
3310,1061.6438478539103,766.8715116385971,0.4903421420579103,0.030114615,0.014961963795155001,25,468.71118,5262.22,-9.302922,-3.6034922040315602
3311,44.2898200289487,767.5611328708908,0.4770095707256997,-0.14018819,0.05905056455754856,25,196.92294,2286.7456,-8.398045,-2.6479175212184907
3312,89.76116601977827,767.5415692641461,0.4799683265445733,0.31121525,0.08602144042474255,25,32.469578,397.68945,-6.4988604,-0.6488352527722954
3313,222.37421014256117,767.4134021579182,0.459204721468803,-0.110656716,0.10983095429783661,25,211.4896,2600.7917,-8.537764,-2.6902323526369405
3314,1227.3340936664283,768.3939946126325,0.5315222987250581,-0.32017845,0.09891059235467896,25,34.91808,408.19528,-6.52717,-0.7064881417043853
3315,1365.0301488559373,767.9506863135363,0.5558625029282288,-0.1115661,-0.05525780104424279,25,170.72255,1734.5808,-8.097986,-2.5239849243549957
3316,207.42404887960475,769.5382369270254,0.4786399525846995,0.22463074,0.007482131760023902,25,501.3545,5718.515,-9.393208,-3.7025864628042395
3317,858.5739255649083,769.509413728274,0.5776831233128767,0.32064497,-0.06845805154320668,25,2851.1648,31350.768,-11.240621,-5.481409693464182
3318,487.92763569351297,769.7676290316421,0.4813876924387942,0.06889578,0.05553391807927367,25,93.401115,1073.9352,-7.577445,-1.847324729889802
3319,841.8031977031972,768.7890209893225,0.5562495706646314,-0.14382431,0.20790336614223742,25,21.505539,275.5444,-6.1004786,-0.07432061137238168
3320,541.6658762192804,771.2164375652842,0.4394770973826912,-0.1470717,0.004196287099572979,25,283.37268,3330.3774,-8.806233,-3.0896465115881804
3321,779.0219414492841,771.4819396897414,0.5059721426763489,0.103942536,0.17218845268021313,25,126.77982,1426.8043,-7.885911,-2.161100911831468
3322,512.9440922996081,771.3968092801448,0.46479579172897967,0.036291968,0.24936439236727598,25,285.07892,3460.8608,-8.84796,-3.0090705769087087
3323,589.7327262798613,771.7044974792117,0.4547718994939197,0.16492435,0.0360665117066656,25,152.59117,1772.902,-8.121712,-2.4096827187988925
3324,1500.697565705539,771.7524802461604,0.5008387074222225,-0.10446026,-0.10133371258916977,25,339.7416,3636.3857,-8.901674,-3.2921386124955587
3325,1702.279789377792,772.163161456458,0.42754493672782523,-0.0072505986,-0.050465699563352936,25,43.602177,494.23193,-6.734827,-1.144376723282277
3326,116.60850642769994,772.7125022757679,0.4654930842015501,-0.014290695,-0.07097099831981259,25,148.70241,1756.9973,-8.111927,-2.349185819893359
3327,851.5908229373035,773.0261931152459,0.42128764210425407,0.058327816,-0.04311301047148331,25,1468.6638,18077.93,-10.642872,-4.870106126413209
3328,155.09899852950758,773.4415895480732,0.45138789076718866,-0.1206327,0.0027102500123272516,25,120.768456,1490.4062,-7.9332614,-2.0948063301963296
3329,1156.0384148068654,773.3620626587053,0.4504238887917029,-0.13334647,0.14016136000799076,25,51.339985,631.49646,-7.0009274,-1.1905169479548396
3330,1375.2001612121273,774.4841422955553,0.3903797026564532,0.1575182,0.2174083788386819,25,58.61347,705.7069,-7.121561,-1.4436948329636345
3331,1942.5113208323626,774.3586953611918,0.47615522598744886,-0.2629428,-0.007084416365236684,25,120.62304,1378.7712,-7.8487306,-2.130038171697182
3332,2015.3868533703912,774.2294236785973,0.5372437800588354,0.02511911,-0.00608703349798558,25,45.395176,455.5848,-6.6464233,-1.0974721619457781
3333,1733.8237786444963,774.7713936977224,0.4951208825746929,-0.04110984,0.037290480111299415,25,114.53647,1230.6384,-7.7253265,-2.1073507132165084
3334,1769.3862822758438,774.676380344926,0.5221871315821971,-0.15875351,0.0461800449062148,25,61.19766,651.9877,-7.0355988,-1.3996924592402293
3335,27.216559571227325,775.5414626680368,0.48970068152173896,-0.1025525,0.06675216874300911,25,310.90433,3656.2551,-8.907591,-3.109373240404549
3336,94.85401842268129,775.5531015371482,0.4537477626208575,0.15755516,0.0809762984940916,25,75.5254,885.3907,-7.3678374,-1.661498917008941
3337,135.59822458967548,775.7821129871562,0.45635439898413915,0.15576887,-0.059928521021829155,25,264.1389,3129.4343,-8.738665,-2.9753539742865645
3338,452.53211504363213,775.6701446641414,0.4680583100527568,0.047628827,-0.04591025007292259,25,302.72833,3604.1519,-8.892008,-3.092851183788381
3339,1274.1501804904967,776.1984144978802,0.49999550326617614,-0.16541764,0.1390317525532431,25,25.023258,268.6363,-6.0729117,-0.387218265696488
3340,439.26767925180775,776.7482727341394,0.4977040572337961,-0.079065725,-0.0386037802520367,25,50.24895,578.43427,-6.905635,-1.1348051959914547
3341,653.8416292104579,776.8592124266324,0.45714485944520844,-0.020180972,0.0957125950680864,25,200.41042,2292.8113,-8.400921,-2.711655583209171
3342,823.8503943803046,777.6469813378285,0.4707443559174265,0.077547476,0.06714333313225945,25,173.16592,2071.9175,-8.290931,-2.451512441642946
3343,1475.2048448423557,777.8396544214404,0.5293858827666779,-0.055077,0.08181978229997419,25,82.199425,843.84454,-7.3156557,-1.737147886873768
3344,70.02245960047186,778.782134415752,0.49269588743288417,0.05671329,-0.141994827611783,25,130.05292,1566.0574,-7.9870195,-2.1187238432642213
3345,1173.6203714886049,779.125166907751,0.3826073154152739,-0.1850016,-0.08932802661977747,25,13.554341,146.3873,-5.4137588,-0.11161473355655369
3346,162.89947147774316,779.7876405772292,0.526377359761715,0.03266031,0.0664741328653253,25,87.66644,990.76447,-7.4899263,-1.7101835670228716
3347,359.62743129389327,779.762873714169,0.3916775970774057,0.5584116,-0.19821087518829492,25,110.98766,1590.695,-8.003967,-1.87661968034751
3348,209.7596642950333,781.117807023458,0.41893426355982205,0.06860525,-0.10772365166864811,25,28.630913,372.42914,-6.4276094,-0.530651870039822
3349,1070.417138430627,781.0013804573246,0.5205574230272504,0.08779431,-0.07675578499296958,25,44.130466,503.65277,-6.755328,-0.9652347833096541
3350,1368.9273451503248,781.063270828222,0.49048944001638295,-0.10791211,0.06013005950837735,25,154.38074,1638.0583,-8.035823,-2.4721741170773774
3351,172.78505499663453,782.021471717478,0.5177603750873017,-0.1007151,0.028797106720108177,25,97.21313,1104.9746,-7.608381,-1.8445239147764256
3352,397.98616136876797,782.2239428996976,0.48030958141744623,-0.029726325,-0.03861874784902445,25,168.5555,1995.145,-8.249936,-2.468088999126325
3353,712.13934906068,782.4811228573164,0.45343656431299173,0.122151256,0.09651210024007437,25,39.05789,471.05225,-6.6826725,-0.8616390950167121
3354,723.5832432934571,781.8218377941902,0.4643207231084053,-0.23534322,-0.0671723394899417,25,236.92674,2790.7163,-8.614289,-2.860014864767292
3355,1726.9479268987677,782.0044576038857,0.5065956463682484,-0.15171899,0.020479717532380867,25,109.543236,1155.1057,-7.6565547,-2.0708001455434855
3356,150.46901046907894,782.7147815981427,0.45466408517477047,0.06573571,-0.05694871986285875,25,60.725063,758.79,-7.200304,-1.3254796361447294
3357,259.38022949739434,782.9062482343979,0.5190842440392238,0.07613881,-0.2053621663536247,25,37.85025,458.46835,-6.653273,-0.7607597318770041
3358,433.47637732040795,782.9446254900907,0.29648592523720824,0.16653715,-0.04174992179988736,25,28.197231,387.06973,-6.4694734,-0.6942628901246142
3359,1090.7023836554283,782.5164003616771,0.4022321173949394,0.48074386,0.24103677094328388,25,29.68903,356.04358,-6.378758,-0.721315191899864
3360,423.20712931064463,783.7107389512897,0.49070046009621837,-0.3445842,0.13403690664216078,25,209.62589,2535.7278,-8.510257,-2.6650639390636326
3361,961.2969644103948,783.2810296032818,0.49911478280924965,-0.35048836,0.2462657009486031,25,74.19804,874.48755,-7.354384,-1.5564769979486346
3362,1630.8186920567462,784.042111826256,0.5820468387212444,-0.23255312,-0.029044497249120053,25,179.98145,1745.9707,-8.105092,-2.563857177763136
3363,382.8157594996978,785.5900380069469,0.5015740514664057,-0.13475907,0.17105491917135607,25,59.249653,684.01,-7.087656,-1.312143047603316
3364,679.1615095508257,786.01231671389,0.46608369257063786,-0.14640811,0.04961176714140192,25,110.589874,1233.7787,-7.728093,-2.108830401330605
3365,1221.7342013473813,786.0679637311976,0.43183469115068657,-0.2184183,-0.027081194703620987,25,125.84222,1432.4954,-7.890233,-2.26115799244385
3366,198.8675481717126,787.2122554615961,0.5424916720215245,0.13422889,0.18240204474370078,25,63.378643,756.7755,-7.1974177,-1.3169387501729268
3367,287.38766832155943,787.3721302906911,0.5112399761193114,0.42882052,0.012595274739913344,25,71.999054,889.53046,-7.372902,-1.4589708212495385
3368,703.3875623522259,787.1626266288616,0.5541612286151143,0.05857851,0.008805472879440009,25,35.885574,391.751,-6.4825253,-0.7658065777755316
3369,17.322703673234958,788.4261575566467,0.40270788927551393,0.09791928,0.035256267209628996,25,104.515976,1503.2887,-7.942606,-1.7924404148061073
3370,319.0605212549018,787.9230375805909,0.47791191987152787,-0.20424777,-0.06452814650240027,25,6217.42,67071.8,-12.06635,-6.4794784150024824
3371,1161.2324698873276,788.0208618942573,0.5235158708371591,-0.18619229,0.017345342183827987,25,3465.9795,37452.797,-11.433711,-5.771569690349104
3372,120.3233678261603,788.7795954748531,0.5335687589186571,-0.12079839,-0.08526183221261803,25,215.09572,2409.0146,-8.454598,-2.6785415760617406
3373,28.576582311122685,790.1795792158047,0.5050381777559727,0.04690511,-0.17425048660062048,25,12004.484,134281.53,-12.820042,-7.107871681494306
3374,180.96272466140158,790.0862049289798,0.441175940428669,-0.36312836,-0.12050889957668347,25,51.029114,600.83984,-6.946897,-1.1986061347217873
3375,510.58850204304804,789.8790096762028,0.4837768960747477,-0.061970748,-0.07278549165852231,25,255.00691,2958.1067,-8.677534,-2.905386019591607
3376,1558.109950351459,789.8677456400752,0.5343608812961116,-0.08085064,0.10580737495844592,25,78.01162,791.9003,-7.246676,-1.6721897488199762
3377,80.57896888325178,791.3434180788719,0.45660226459223874,0.2129356,-0.14459658917106952,25,40.515274,481.71475,-6.706975,-0.9490706031089241
3378,231.04380263426103,790.3692404354578,0.42742127388809853,0.2823441,0.2704119642968068,25,42.074482,550.9545,-6.8527894,-0.9047594330133207
3379,644.9757177149136,791.4012795999486,0.47208269118759766,0.029605756,0.1503334645000532,25,157.75636,1866.0168,-8.177289,-2.392662689847663
3380,746.1723511403067,790.5822255614412,0.4646192773606155,-0.20102824,-0.08139526538277762,25,35.11575,446.17105,-6.6237535,-0.6909772520741309
3381,779.020251502001,790.6117465685928,0.5081321074536302,-0.047414444,0.07230676991464828,25,50.75582,598.4095,-6.9424963,-1.063463901202507
3382,1029.6233144316004,791.5753691981178,0.4162801399657177,-0.12574346,0.3085076970225728,25,37.555717,474.99173,-6.6917152,-0.8076960764758814
3383,1177.5529114656629,790.6726464311728,0.5159653081883864,-0.44479358,-0.03384520479063717,25,57.244488,667.83307,-7.06167,-1.256986402443051
3384,7.225491148377878,791.8021849765519,0.47841007573881417,-0.14837605,0.09708258037925016,25,62.20138,739.3884,-7.1721816,-1.3851138598994477
3385,550.5043670182489,791.9226389418704,0.4467659165377578,-0.6194216,-0.14288930462145266,25,35.32454,399.92435,-6.504945,-0.8801920784593659
3386,568.0554467448521,791.8966905254493,0.48857097780355385,-0.045026638,0.21220639425841406,25,19.202663,226.4281,-5.8873262,-0.06525143807579481
3387,634.9581179972015,792.128352435131,0.45141846722093026,-0.092760526,-0.06395759763176517,25,20.094986,233.69298,-5.921614,-0.2651106226224983
3388,664.2028342760168,793.2654261317234,0.5642246846115849,-0.10953577,-0.00960720902474935,25,76.281296,819.21277,-7.283492,-1.568806293126702
3389,886.5781029452482,793.6573207869147,0.4854465541937268,0.20234373,0.047606711445072315,25,213.06013,2462.1287,-8.478277,-2.71267929876799
3390,905.3600596824532,793.3879171108368,0.4013501367991498,0.36795676,-0.006551324794113133,25,28.27013,367.15622,-6.412127,-0.6539888260431386
3391,241.97374492796163,795.1651239624625,0.48299833198999703,-0.08057065,-1.5949856624590983e-05,25,353.10754,3878.187,-8.971572,-3.3236213949715414
3392,1530.4496341197028,794.4550278185693,0.523863551981527,-0.007410091,0.20014942402877334,25,18.155354,194.35855,-5.721509,-0.06827823479588742
3393,2004.2311152123086,794.5128109979247,0.502814479872692,-0.02809168,0.07696646544451453,25,80.6011,871.75183,-7.3509827,-1.721402012288518
3394,14.548557826682028,796.1893840328413,0.5055658215252703,0.108362176,-0.06769509185515438,25,141.7086,1649.5715,-8.043428,-2.2531906431974313
3395,919.8529789420071,796.3285429077081,0.5557627033837894,-0.23806675,-0.04451587848390212,25,142.9542,1590.9064,-8.004111,-2.1983612024018218
3396,960.0270234741471,795.4928642489275,0.4875818347370139,0.16102654,0.22170424150605117,25,42.36312,475.7131,-6.6933627,-0.9929637423568527
3397,1007.516455542454,796.5251632136665,0.46441582105175583,0.29936075,0.06401867462203889,25,99.54178,1217.9001,-7.714029,-1.8810286522215738
3398,334.70585230248025,796.6099655322078,0.4719901387629579,0.012907051,-0.04605525571969235,25,55.407406,686.86865,-7.0921845,-1.222799467450419
3399,937.2274149065718,796.5608032779464,0.4571282819710474,-0.014899356,0.10299125313501449,25,337.2085,3954.339,-8.992685,-3.262307973928344
3400,286.58025658558614,799.1777260324267,0.4592659804543311,-0.14985615,-0.003280418732221354,25,41.481037,492.0766,-6.730082,-0.960757042493432
3401,388.62166581264574,798.9770918075393,0.47725584807294025,-0.32381007,-0.13026843684299275,25,109.93824,1239.4391,-7.733063,-2.056276735183734
3402,672.9568113523222,799.5880619439182,0.4534068083622904,-0.1252573,-0.18385347321503115,25,159.92433,2126.2383,-8.31903,-2.303870357648538
3403,1423.2660919886928,799.7312317230239,0.5443448676135646,0.62197495,0.20567665857497258,25,17.03077,161.63403,-5.521332,-0.12561219904032994
3404,568.6829079462035,799.7991737487137,0.4495493259958136,0.10237788,-0.024752188718919002,25,30.767803,344.02466,-6.341474,-0.6994359981033562
3405,603.3615591158599,800.0660783743073,0.4892167010535187,-0.11636106,-0.06224533234860949,25,318.75415,3570.9563,-8.881961,-3.192724692845154
3406,1086.830775381219,801.5083375592353,0.33375581164379625,-0.14152825,0.13180351515938138,25,15.943854,218.08983,-5.8465886,-0.033267180378799374
3407,94.89202346406766,802.6117941067296,0.43467593781612307,0.11941827,0.08387168320120368,25,27.79218,340.52374,-6.3303685,-0.5981717076431451
3408,135.43948552797252,802.3565755150787,0.5102924988713341,0.30053803,0.06730601064032501,25,68.86807,783.15753,-7.234623,-1.5024297335471744
3409,491.67932669634985,801.7056327793516,0.4670280986111809,-0.11996784,0.008123906839759306,25,58.02081,673.3311,-7.070572,-1.3679432225540578
3410,554.5094078437454,802.2747725998277,0.4654941878512445,-0.077390574,0.016618833608348194,25,95.9821,1152.4371,-7.6540427,-1.861903034821253
3411,225.63972551535247,802.3715446317369,0.4965049750103303,-0.37339342,0.14217967101637607,25,20.649555,252.42043,-6.005311,-0.18765729399073086
3412,408.0663433029143,803.0860920967625,0.49345500224162636,-0.35730252,-0.05198774002030176,25,52.050335,571.5344,-6.892606,-1.252203475958411
3413,1864.6273842055991,803.1853305480579,0.5633910858300659,-0.13661654,-0.3733059967882249,25,18.976196,188.63863,-5.689077,-0.15575680549259818
3414,5.408533807409209,804.0992127868375,0.4168613380727695,0.01525287,-0.20428603201061576,25,83.28915,1117.6661,-7.6207805,-1.6873490657238435
3415,951.8012241902899,804.3272864369546,0.4783861646210296,0.052857254,0.06379727855309986,25,87.89178,1025.4579,-7.5272946,-1.7676331960057732
3416,42.17896907013262,804.756506887792,0.3461086225534916,-0.1558155,-0.0018884414788052095,25,99.39581,1292.0219,-7.778175,-2.011296906899776
3417,118.37028552091914,804.821783650195,0.48950930825342853,-0.03173305,-0.04210499142612309,25,167.54375,1875.1371,-8.182583,-2.4989320892842395
3418,1122.9674180267227,805.0190685191577,0.5240318681374104,-0.33468068,-0.054782617698213715,25,260.35947,2809.397,-8.621532,-2.9697898395209155
3419,1249.6280139606288,804.6690091400352,0.42062143886479825,0.024923425,0.033466292129694986,25,131.3628,1556.032,-7.9800463,-2.260558474424159
3420,179.4883456800335,805.6579718761291,0.46571914141123305,-0.44511998,-0.05763686118783592,25,17.558758,196.05493,-5.730944,-0.10937199831583064
3421,329.048693196998,806.1500661631809,0.523591774389872,-0.1985695,-0.04578049674386674,25,1561.7852,15815.162,-10.4976845,-4.9778907014042515
3422,841.9597919770234,805.7697034815275,0.5173378273768641,-0.08760271,0.09702683348498095,25,74.36095,865.1744,-7.342759,-1.4798900146959049
3423,1035.277124688429,806.1422602451626,0.4751756979992091,-0.48485294,-0.2209572823618776,25,19.745056,211.05406,-5.8109846,-0.26996322956334357
3424,307.2520037665078,806.9310809847058,0.4754583793983981,-0.19807687,-0.013960365337699274,25,95.40893,1137.6594,-7.6400304,-1.810685675599379
3425,525.2420330655775,807.0287304191218,0.49445536121140204,-0.6971453,0.033485462434175196,25,114.35544,1527.0802,-7.9596543,-1.9258033294391663
3426,637.5365394643787,807.1605104770188,0.5710353769616451,-0.016757527,-0.05717241007446394,25,60.909397,702.4236,-7.116498,-1.2388923188629866
3427,1489.1295234670806,806.7567317204898,0.5355083121904656,-0.031677842,0.1606163512625892,25,63.76817,671.0168,-7.0668335,-1.4017575029303253
3428,291.98984380556294,807.6249389539702,0.46994723705989055,-0.03652097,0.20546164769936798,25,23.878788,285.75644,-6.13999,-0.3671736071837455
3429,704.969994407284,809.41368836035,0.5239684135707495,-0.01159401,0.07399865250192891,25,101.02215,1131.4934,-7.63413,-1.884093060248505
3430,756.2003044992887,809.2172791340879,0.491467315746443,-0.22789988,0.03379788910219997,25,36.242996,399.3076,-6.503269,-0.8357019920341409
3431,856.6652204390135,809.3472094654993,0.5412278435830736,-0.34973064,-0.044362664461687906,25,972.20776,10654.125,-10.068794,-4.3575747011141335
3432,1780.8615112948494,808.5874091398305,0.6030818008839468,0.05407018,0.2748531353779642,25,23.75803,236.54251,-5.934773,-0.3227020417289599
3433,19.76794110358657,809.896498747593,0.4540060646260442,0.3519967,-0.07568350801387667,25,101.6555,1364.9277,-7.8377743,-1.7823175082006046
3434,1287.8291084629434,809.6803462759118,0.45796941070325986,-0.09339812,0.04759686160802899,25,106.3134,1244.1301,-7.7371645,-2.0145782546289968
3435,1874.8420598201644,809.6977686625978,0.5414592031412548,-0.22217256,-0.07214604164354485,25,147.44806,1525.367,-7.958436,-2.3707347735360527
3436,145.25680621376225,810.5630494231475,0.4532939439214402,-0.1755898,-0.004019737350729569,25,90.19943,1101.648,-7.605107,-1.775250519144187
3437,236.92115131132655,810.8639783118809,0.3854910524887901,0.071379125,0.11226093507459735,25,43.01389,544.49646,-6.8399878,-1.03875162474963
3438,267.23335909744947,810.8046166390693,0.5223914813211703,0.041730452,0.05930008912964928,25,53.282307,600.2179,-6.945772,-1.202391264449516
3439,1047.1928760263245,811.3209116253619,0.4058919420352508,0.06049049,0.05307107592212122,25,16.100964,170.8176,-5.5813313,-0.21149615060381938
3440,28.53329195589007,811.5366064343109,0.41324503384392,0.031018242,0.13807945591460674,25,61.127613,832.2672,-7.3006573,-1.2929747535670524
3441,1303.8800566948337,812.3926061569543,0.5311522552930714,-0.1543641,0.12434265615953197,25,54.192455,562.5711,-6.8754435,-1.2693501942202265
3442,1477.6668259110886,811.7585804303042,0.44243320042805995,-0.10702918,-0.04427270105374427,25,179.82353,1967.9487,-8.235034,-2.6826704857541968
3443,49.716670482927434,813.1036806852842,0.6122361352945886,0.05764586,0.03412305525164845,25,43.302155,472.65448,-6.6863594,-0.8614527441459262
3444,183.07367254432137,812.6415412041296,0.584571693901203,-0.14834678,0.005253499129620174,25,31.031189,340.29068,-6.329625,-0.550030507538376
3445,211.4616427518584,813.1919933989142,0.43156585185739005,-0.8468262,0.04001755110816172,25,291.7253,4385.3203,-9.105003,-2.8506852761926496
3446,435.5213512347054,812.7214273088916,0.47834018504133863,0.3252422,0.021557204206777918,25,59.93073,697.01044,-7.108098,-1.355386286584822
3447,496.30048508977086,813.1721639649317,0.531896485313834,0.03477719,-0.018297620284641394,25,839.4681,8941.007,-9.878466,-4.247094097486791
3448,908.3061849450987,813.3026530382646,0.5830067343826731,0.1369595,-0.02287366008116344,25,269.9733,2788.5735,-8.613455,-2.931188609366097
3449,517.8741740185023,814.6153294250367,0.49045579264613304,0.032640506,0.15338012049268865,25,160.1213,1886.2454,-8.188995,-2.388522659896219
3450,560.332000870081,814.547404495711,0.5627113468831384,0.07979891,0.008220429010412141,25,892.1953,9693.471,-9.966198,-4.2543900846338
3451,999.1656255551297,813.72694045204,0.6159331057545141,-0.6544024,-0.04392119431144733,25,15.782277,138.2099,-5.351348,-0.02572027939183772
3452,1813.4088090400624,814.3902359098063,0.5559441485052078,0.177299,0.14453845574360713,25,33.419437,364.182,-6.403296,-0.6433241503011311
3453,82.64869834239819,816.0499317210958,0.5044087744640552,-0.09766371,-0.18272235794908087,25,177.1604,1915.7086,-8.205824,-2.5644542231222793
3454,130.27503196423004,815.616785832307,0.4869070422401362,-0.10326064,0.0012034649855677353,25,65.286804,749.4481,-7.186854,-1.4793158322334665
3455,256.35066519388675,815.4928034280771,0.5103611347549503,-0.39605272,0.0403968906218154,25,103.570145,1249.0865,-7.741481,-1.9027145750232664
3456,343.8831987328378,816.4878899037659,0.5333238789345214,-0.15056628,0.02828914692162008,25,252.58379,2710.0579,-8.582447,-2.9348850539696687
3457,476.16106568347294,816.013003564459,0.48188071407341276,-0.17500989,-0.062319437535511654,25,165.02605,1850.1785,-8.168034,-2.494665923456114
3458,724.2592767563066,816.640698169168,0.47672532420547165,0.23419699,-0.12208610816437715,25,92.82857,1174.6895,-7.674808,-1.7594090858393483
3459,402.6592991192718,818.144983515593,0.43676044170534645,-0.077343084,0.009489208542874081,25,25.661354,311.42923,-6.2333984,-0.4290363133760263
3460,509.72573378503193,818.334779769202,0.45406955452173364,-0.17886001,-0.0099527943858151,25,85.25416,1032.3843,-7.5346036,-1.719451551523585
3461,589.005289403383,818.1508277121126,0.5509029599307828,-0.3178953,-0.025375405044826983,25,68.63593,698.45166,-7.1103406,-1.549469554884474
3462,150.0940313598883,819.532979905253,0.5040100842141414,0.20041871,0.07073236105985485,25,287.7296,3148.4202,-8.745232,-3.085448611591085
3463,532.8817046046337,818.9075885450283,0.5305087192530287,-0.07645694,0.026461147935775628,25,58.359615,622.3147,-6.9850254,-1.3516074715093551
3464,112.32566392709634,820.3385079735117,0.4330010743468022,-0.20397401,0.12129095859596449,25,24.841534,331.1281,-6.2999907,-0.29026667528115163
3465,336.08742347382554,819.7663898037133,0.48314293585453305,-0.16178367,-0.07322460704102991,25,79.03561,914.0479,-7.4024224,-1.641763214903573
3466,701.5501409959801,819.6203734327153,0.42620420148770705,0.12706313,-0.05032891487177623,25,64.96508,777.8023,-7.227173,-1.5253687575458872
3467,1838.4453891516957,819.8939874564652,0.5438022841968848,-0.29521158,-0.1115995313985503,25,27.790054,305.63135,-6.212995,-0.4610015594929251
3468,177.15134841417907,821.5207017084681,0.410809576262527,-0.08283221,0.02766848443990389,25,21.326923,266.93167,-6.0660005,-0.2803195299582745
3469,714.2617324771476,821.3325056258017,0.523926310709679,-0.2887813,-0.1806575216808497,25,20.616951,230.11295,-5.904853,-0.13218930347929375
3470,1767.9747161415494,821.213670458233,0.47401957304595294,-0.06133662,0.11733835728413225,25,141.29958,1515.3102,-7.951254,-2.36007448232542
3471,1140.1531894482077,822.3188012471244,0.502777557400638,0.11946868,0.16476537786048565,25,130.2079,1419.5167,-7.8803515,-2.233840142594088
3472,346.6741300420272,825.3042496900763,0.43281061657948633,-0.26743543,-0.034509710751785896,25,206.78105,2616.5833,-8.544336,-2.686381196940232
3473,468.9829585261207,825.4037327986969,0.4097330804348059,-0.18765198,-0.023705344480070355,25,21.255478,270.20572,-6.079236,-0.2301389963206242
3474,1574.356516016751,825.4470210132297,0.45273870803450567,0.13444236,0.06693870268972446,25,1475.521,16722.686,-10.558266,-4.933261075934439
3475,723.202013830899,826.0071704109125,0.5247709672362469,-0.1621555,0.010658766003436944,25,155.07524,1656.4268,-8.047931,-2.4130295831846165
3476,1002.7279171931746,827.519639437951,0.45352969551218325,-0.28697646,0.15798813859459637,25,87.969185,1058.8169,-7.562052,-1.7629765937633173
3477,1065.243588262001,826.7741463999142,0.4970672391569722,-0.38031217,-0.020470484947131586,25,26.67284,301.0999,-6.1967764,-0.4811477924142143
3478,264.97622797912777,827.6242131448704,0.4357424727161419,0.057762586,-0.03280587030435923,25,355.24133,4135.0874,-9.041212,-3.3534445111300415
3479,294.7928037287926,828.3922814059408,0.48349903193129407,-0.16748542,-0.04188094048033216,25,142.9691,1652.2681,-8.045201,-2.275623181947247
3480,430.4642796499634,827.8606782589956,0.44292028990774923,-0.22497104,-0.12291945365672667,25,41.049816,488.4353,-6.7220173,-0.9917708923665868
3481,1353.2549929661466,827.5230823911169,0.5090342827668544,-0.20253663,0.16296525044901136,25,110.93145,1182.3075,-7.6818266,-2.0477523365455985
3482,283.6420302883543,829.0359332400868,0.45900054971365695,-0.08588314,-0.1594440163834479,25,22.488544,277.5217,-6.108242,-0.2862033635475787
3483,587.0196286024913,828.2249511046572,0.33496257154936526,0.54996985,0.42094518594187397,25,20.50763,301.45886,-6.19807,-0.15436219570080326
3484,42.873020258018514,830.1320129397776,0.5010776509468787,-0.40433398,-0.018145939024258886,25,46.067505,547.36224,-6.845687,-1.0095385085874784
3485,971.9469911729242,830.4244932354297,0.5405401119731189,-0.49681768,0.20356257994693547,25,27.024403,331.0212,-6.299639,-0.3582707758574482
3486,103.68826756736907,830.8612516809325,0.4560541324766456,-0.2531699,-0.11812916568249794,25,59.274868,727.5367,-7.154637,-1.3305838580365386
3487,983.7918904974531,831.4121393023273,0.48748480867736027,-0.234023,0.05809255880764742,25,140.1295,1631.2046,-8.031271,-2.2672903652414766
3488,1033.1218157183218,830.9236694336741,0.5074030011353511,-0.15645687,-0.026537230454416524,25,212.26353,2305.1152,-8.406732,-2.756991538921483
3489,11.915570028016052,832.0264697090049,0.5251351007515923,-0.07746507,-0.04306773096658808,25,179.07889,1896.2621,-8.194746,-2.5701793946081084
3490,198.1965810652499,831.623669175178,0.41535195754587195,0.014650061,0.19298018947476872,25,22.141663,270.40442,-6.0800343,-0.3818811198056305
3491,31.393163938194917,832.5121412471777,0.44791005451486765,-0.17971647,0.003103127199101041,25,125.71969,1495.7887,-7.9371758,-2.163385810861533
3492,62.99031993704742,833.021289983086,0.5019437497518094,-0.14885812,-0.07989082381632129,25,87.462616,1000.2584,-7.500281,-1.7133971182023202
3493,248.4791494118192,832.5042054005304,0.3553955728639041,0.1879711,-0.0004594140416559287,25,61.51884,830.62506,-7.2985125,-1.4092982649688084
3494,326.1157821872641,832.7034173139488,0.49551415035221336,-0.18404841,-0.04711555841303456,25,168.26144,1840.0529,-8.162076,-2.5129677852774583
3495,452.01421324196474,833.3483122534025,0.4805558942670709,-0.14472266,0.01748335713136037,25,63.92168,745.0906,-7.180523,-1.4418981673397935
3496,484.06575240420153,833.4110775695124,0.55229824902792,0.002065836,0.017947380770701907,25,374.97702,4000.9976,-9.005421,-3.3238754246275484
3497,1295.2160170288926,833.5673890278633,0.46678357275935806,0.23184493,0.18246626403145053,25,46.23296,515.5326,-6.7806406,-1.1761775101338612
3498,1901.5651310588455,832.4811650725705,0.4862353007001453,0.2673137,0.003059252498297876,25,19.221176,201.73146,-5.761934,-0.20862028237434663
3499,1785.3066915540767,834.2119562422997,0.4456175604535445,-0.2725812,-0.11779998474037552,25,15.934455,171.16286,-5.5835238,-0.07008815892560792
3500,934.5520260047391,834.6974088615135,0.4406544909272975,0.016043175,-0.07369602711014511,25,56.182827,692.7973,-7.101516,-1.2612095168692599
3501,1270.5274313835878,834.6433215004444,0.4177296749468091,0.17093475,0.26459239393524336,25,42.03583,528.9244,-6.808484,-1.0181218903269997
3502,84.79065981761036,835.6970075226797,0.4797144691462486,0.1954104,0.12930015595789132,25,108.66104,1328.958,-7.8087783,-1.9289555554062887
3503,147.67524475270503,836.4329028453534,0.44926383912888246,-0.22645088,-0.06688727830924872,25,42.339848,497.02454,-6.7409444,-1.020733881758854
3504,405.9197015518348,836.3344122574769,0.5070894432845343,-0.28830224,-0.0282937478208566,25,220.05083,2406.008,-8.453243,-2.787467523302187
3505,461.0722125651913,835.5373304553166,0.4439137599215947,-0.10487106,0.07396422392107395,25,63.634663,750.6948,-7.1886587,-1.4581398302442135
3506,632.3498780801403,835.7997331702214,0.5414700675227951,-0.35571736,-0.0014441499648761877,25,104.701416,1105.3309,-7.608731,-1.981592607505053
3507,830.1257182199214,836.1629937878275,0.4296081354463066,-0.040159903,-0.015712013609415133,25,39.802124,473.0994,-6.6873813,-0.9700736917362014
3508,1025.2191856271272,836.5197130642166,0.5077163808938076,-0.014651734,0.25709578667899863,25,34.80792,382.3773,-6.45623,-0.7733760028209384
3509,1093.5345662848772,837.094053453123,0.5196209750407222,-0.10688048,-0.017391539209065728,25,50.49564,553.25183,-6.857307,-1.1883141978853253
3510,430.24996469910747,837.881370275522,0.4413706707556799,-0.41636717,-0.1336609874014879,25,42.513447,497.3647,-6.741687,-1.0833147929060103
3511,707.4605124073386,838.1254618412487,0.5124290844375453,0.13041058,-0.006587585650259579,25,164.603,1774.398,-8.122627,-2.506451214286071
3512,129.61607794290492,839.4278835625631,0.47008751435851764,-0.26344496,-0.02669626441752207,25,134.91104,1603.2561,-8.0125065,-2.201612021315006
3513,232.38638955764858,838.7162050171919,0.40505810645391466,0.102021866,-0.020440096854393505,25,35.103416,440.01187,-6.6086607,-0.8234067373839311
3514,722.432740653056,839.112432412922,0.520796701769003,0.4501834,-0.030456814902910783,25,32.755253,402.30106,-6.511378,-0.6297532864641551
3515,173.55497856775276,840.5280519846029,0.4005988113364997,-0.32344943,0.012687180777603734,25,169.3357,2188.3608,-8.350297,-2.4845414662785354
3516,1968.2175383316862,840.0032420051309,0.5134130426584347,-0.03269976,-0.03755858208442575,25,351.8666,3579.4656,-8.884545,-3.364627709578115
3517,4.39731330157562,841.447734107826,0.5501446746906065,0.26552886,0.019705274403673936,25,444.6073,4881.4053,-9.221362,-3.4776614685465517
3518,288.5746118827994,840.9788135043461,0.5210743689208176,-0.017404186,-0.11285738770176788,25,116.1609,1290.845,-7.7771854,-2.041182449992701
3519,386.0933585880361,841.5086248982072,0.44858423952684934,-0.085141376,0.02808274916573949,25,63.749233,772.2119,-7.2193413,-1.4591797525808101
3520,1228.7492166587988,840.3968114922906,0.490296130947037,0.49038553,0.18180631449381204,25,28.416645,325.2156,-6.280428,-0.5646473215932623
3521,1882.532589943041,840.7804023347792,0.4565461970492818,0.20915207,0.16923330063753417,25,25.19445,276.90674,-6.1058335,-0.5588384362893963
3522,192.12831248973825,842.3374871476115,0.4750177368399864,0.04074883,0.023060470485058868,25,83.78356,971.4351,-7.4685345,-1.7122407508097308
3523,244.6948283443701,842.437886756347,0.4863416781881149,-0.13921033,-0.022781006697051125,25,85.24108,1039.237,-7.541786,-1.643303833818137
3524,439.69675673549744,841.910269586324,0.48717541790382296,-0.18784261,-0.020575279749385236,25,57.943623,671.55426,-7.0677032,-1.2784105550807825
3525,860.8304687235182,841.826472433894,0.4339054836033587,-0.072033584,0.025560383475169268,25,107.09127,1243.5148,-7.7366276,-2.052330576534754
3526,1003.7604511500109,843.4295886944642,0.472447868730341,-0.0015783974,0.1345846943047942,25,57.117344,660.5695,-7.0497966,-1.327711436671069
3527,454.857729455801,844.2742112082576,0.4424173672848135,-0.1204696,0.019353811051505115,25,373.88937,4406.499,-9.110234,-3.387738251916246
3528,478.07525120714587,844.3556415863046,0.46258564082087666,-0.035791468,0.06496526910692149,25,348.09082,3991.6646,-9.002885,-3.3045121531525417
3529,535.3482425718962,843.4106509779652,0.4298149172432382,-0.24658246,0.06262158236330503,25,196.59752,2415.3657,-8.457458,-2.6501787851446568
3530,737.2406256716765,843.4397548524919,0.43186139494739834,0.2597042,0.4311188056764644,25,92.950325,1261.4519,-7.7521763,-1.704525590878857
3531,15.58572759755233,845.8562774602905,0.45238052921767397,0.023111751,-0.14823237399798334,25,114.75672,1380.5327,-7.8501167,-2.0301622110545896
3532,217.4050630979276,846.0929488095904,0.45001638248291204,0.112125754,0.05855348764866807,25,211.54855,2618.5754,-8.545162,-2.7055610870509392
3533,767.147892190073,845.6864002627661,0.45178379855633954,0.09512158,0.13807057420698668,25,397.78525,4878.005,-9.220606,-3.398389693957368
3534,1309.2559667585292,847.0226797797176,0.46682485942331386,-0.124271296,0.004069673829599646,25,109.97525,1199.7322,-7.697711,-2.0977693488019704
3535,90.02216497188695,847.5252058709268,0.4654357555575236,0.04485231,0.05807965960563877,25,74.389946,879.6345,-7.360756,-1.5791750349266214
3536,605.44880172894,849.1671920821063,0.5046509204730519,0.03373039,-0.006368225641055491,25,33.650043,398.70554,-6.501631,-0.6515434982798152
3537,797.9005101451268,848.7945378601066,0.6061099072338548,-0.11639902,0.02494802936615773,25,44.535755,443.40695,-6.6170063,-1.0007529870969543
3538,1928.3588120363079,848.914705492804,0.35752263958294106,-0.13840021,-0.1800631902728736,25,17.929974,195.38173,-5.72721,-0.36558113885719123
3539,525.3307615437543,849.8400004701401,0.43044794043615925,-0.331722,-0.13983053016351094,25,43.74113,530.655,-6.812031,-1.0576464812736739
3540,838.5494207551515,850.3132622307253,0.46631379645890975,-0.39674208,-0.05516253916677203,25,53.618225,663.30994,-7.0542912,-1.1642553703444083
3541,29.56137619574417,851.3209055895628,0.33378078146426293,-0.025977256,-0.0626603466880742,25,24.613945,346.91943,-6.3505716,-0.4243383223167011
3542,920.7512252349994,851.3828985977464,0.47588316690530325,-0.104499824,0.22202830671158832,25,40.979374,475.91257,-6.693818,-0.9865167960814119
3543,400.14780139813735,852.385451903201,0.43912263032486415,-0.46627778,-0.12033740415264862,25,25.343636,323.14487,-6.2734933,-0.388602117347586
3544,339.79803303724896,852.9337614218613,0.4344165571465371,-0.03198764,-0.035668120441931565,25,63.627018,730.35376,-7.158833,-1.5056373940646959
3545,442.55919746336076,852.7501585758305,0.33479659688323615,-0.04771228,-0.6005887490220602,25,16.853394,233.60852,-5.9212217,-0.10887788395957367
3546,991.6597094881054,852.9124714255192,0.5548394083926806,-0.2728489,0.06378392129367995,25,37.901398,387.718,-6.47129,-0.8661824653340717
3547,131.61290818380252,853.9086394104123,0.49684170212494744,-0.1586654,-0.10942189182382117,25,57.233166,638.0946,-7.0122128,-1.330758407916066
3548,193.12535770083915,853.3313194208392,0.43666193539335246,0.0019287473,0.21218572206796396,25,44.15155,542.8267,-6.8366528,-1.0553084488357358
3549,377.0916902655794,854.064890216711,0.48868300716072066,-0.047719315,-0.053414778530972096,25,42.311493,512.1824,-6.773562,-0.8818946138402934
3550,969.6561490848347,853.6869623582786,0.35721904098206625,0.08587627,0.016297184734011,25,76.24849,995.5742,-7.495184,-1.6708918168826563
3551,507.67922441794724,854.5970803948546,0.4666745009573208,0.2427582,0.031874817252874624,25,29.531746,358.998,-6.38773,-0.5585555705155661
3552,889.3739533083352,855.0463053657758,0.4850985460465666,-0.26866964,-0.045639546194376455,25,359.47992,4114.895,-9.035896,-3.2965684942115896
3553,1719.384271214022,855.4333341113212,0.48883345038884307,-0.42334232,-0.08626094108490392,25,70.27407,786.4257,-7.2391443,-1.556244014481957
3554,92.02225896765971,855.8675197747076,0.5146851484767635,0.057598967,-0.05753588285744468,25,35.136364,392.91443,-6.4857445,-0.7353597392977222
3555,258.28432413783094,855.3887061239654,0.4549340131134856,-0.21311894,0.1259953481517411,25,157.6723,1923.9202,-8.210467,-2.3762082355879794
3556,430.18248447778643,856.5280093044524,0.40257434234759054,0.3424716,0.2507203339906771,25,22.74585,254.23601,-6.013093,-0.5508579274608835
3557,22.753865353933026,856.9712534888562,0.4770184104414909,0.13007551,-0.009292277136417035,25,51.141167,591.83734,-6.9305058,-1.1969335715667104
3558,1600.6195499631203,857.6361725530809,0.5405876411439644,-0.2899625,0.1057759879021721,25,170.24095,1794.9486,-8.13513,-2.5146915252007185
3559,115.2095064878168,858.0736809368697,0.48977256762058186,-0.01370126,0.026905470925774663,25,664.6942,7341.0327,-9.664393,-4.0204665359537195
3560,700.460910959943,858.4765917077654,0.4287610160338938,-0.33512715,0.036981270972651754,25,181.4266,2161.4548,-8.336865,-2.6579948904434443
3561,813.0329550663967,858.6061662649297,0.5454562167484022,0.22242601,0.27230154036381693,25,32.81281,362.88925,-6.3994355,-0.6600660871063574
3562,1530.538878148032,857.7005661746539,0.4892203118544551,0.16651696,-0.053445390397026095,25,23.065746,230.19669,-5.9052477,-0.46302032735223786
3563,360.8096090786687,859.3371055863435,0.5078944856438925,0.16926798,0.06691344610892974,25,76.523254,980.25714,-7.4783506,-1.4966205449575767
3564,459.90753756590436,858.9249131677532,0.4360645844515895,-0.09015106,-0.0023212258574676257,25,30.554157,358.18616,-6.385272,-0.7555000730386578
3565,685.4973627232285,858.6788953985229,0.4517471318573734,0.10161761,-0.06574058576489523,25,172.34392,2025.1852,-8.266162,-2.531938896228633
3566,1112.0695316858162,858.4842880411169,0.4707313880307639,-0.06797698,0.09583309271973252,25,36.12843,415.89145,-6.54745,-0.8731966629949449
3567,1192.3002556950248,859.4587565295401,0.5127277128285829,-0.1776278,0.10197069833655713,25,126.5832,1467.1943,-7.916219,-2.0865836000631894
3568,551.7494292294081,861.3470737534406,0.5553555733992521,-0.09064465,0.023940274159759727,25,318.7579,3400.1606,-8.828749,-3.1418130667035067
3569,993.8787910748619,860.7657048467763,0.45673665357443133,-0.0036370165,-0.09700172611889768,25,32.930412,379.97543,-6.449389,-0.7684889342290625
3570,1394.0206540103911,861.035941968329,0.5928915537079243,-0.22829181,0.052057993899156677,25,118.18372,1180.663,-7.680315,-2.061587040992695
3571,635.6717664927161,862.0205047655576,0.5353846243994068,-0.04897431,-0.06115055013071934,25,614.6289,6657.3945,-9.55826,-3.8746201214992793
3572,264.38090960707433,862.8546935238611,0.43659894978485514,-0.30759567,-0.11436024095908696,25,56.917408,715.54034,-7.136585,-1.2535614950408025
3573,616.1858667573954,863.3985685778039,0.4301440757027531,-0.02140205,0.16261409237908908,25,27.88998,357.09445,-6.3819575,-0.49660380937414894
3574,1054.6532464019517,863.0432244435235,0.3837541960058314,0.31411287,0.05406455082523633,25,19.314087,247.77695,-5.9851522,-0.2334807953769584
3575,125.30154601209331,864.3172827671214,0.5250623050218801,0.24286312,-0.0793580818698585,25,40.49839,462.62238,-6.663067,-0.8823449761260259
3576,304.24508639711064,864.159774841882,0.4749074489082614,-0.11938304,-0.12076530846688462,25,140.03313,1629.4856,-8.030127,-2.2753528227652664
3577,485.1000835920694,863.8284513496768,0.47055013061827067,0.10403022,0.10495917394748859,25,150.5122,1641.1686,-8.037883,-2.441643202934618
3578,929.5747493978172,864.1184632149692,0.4782034167979513,-0.23260595,-0.11700993952024802,25,40.210037,452.6325,-6.6393642,-0.9621378528699852
3579,966.3487176650823,864.0557510516821,0.6170207880735776,-0.073040925,-0.06155724053326271,25,103.3381,1021.79034,-7.523404,-1.8913714049047272
3580,1959.9068373423722,863.9571726517712,0.4142297584330718,-0.07034252,-0.028653901078560043,25,19.880596,221.91225,-5.8654537,-0.2802120331778963
3581,282.7812175621218,864.8217504054544,0.5332255739233983,0.17863433,0.19818794961009117,25,31.534565,373.44104,-6.430555,-0.6156710501719843
3582,1322.2941440641741,864.7709053780444,0.5871477670272786,-0.3705833,-0.02915816112888824,25,103.2259,1083.3513,-7.586923,-1.858046789992907
3583,524.9487958717189,866.4674722433157,0.3773401126488486,0.07657086,0.07924236716459812,25,50.986267,633.7011,-7.004711,-1.2787834814802246
3584,346.80100480774064,866.7041176721863,0.47967782305005,-0.13082235,-0.01704420127763249,25,58.004642,708.84314,-7.126375,-1.2373599146327472
3585,739.2841818688546,866.8037135472863,0.41006991861000924,0.13716951,0.14064841052876031,25,184.906,2547.1313,-8.515128,-2.5009310418839945
3586,65.85733574509645,868.2199966555074,0.4900837285687139,-0.2482091,0.005947961640382932,25,49.157574,584.44586,-6.916861,-1.090660942111662
3587,78.18293489534281,868.4739305082151,0.4373528327690629,-0.012039834,-0.0019917719838797926,25,77.854805,926.9516,-7.4176426,-1.6914954605129353
3588,855.7232720207509,867.8037177681002,0.4553521277260074,0.19277552,0.10889530659518236,25,52.472767,645.12634,-7.0241117,-1.1671770121402039
3589,1251.780121793436,868.0843988783433,0.4457947906090405,0.08338824,0.22566879667420367,25,23.329617,277.78653,-6.109278,-0.38515847508599965
3590,378.6488913302763,869.2604936880084,0.4839027959317639,-0.36559322,-0.03055909608766629,25,56.758213,636.41864,-7.0093575,-1.298839327294055
3591,370.18028443915154,869.6894589940132,0.40119263815228823,-0.04365306,0.057458498098327676,25,120.50373,1498.9056,-7.939436,-2.1491727812440247
3592,421.7469473302577,869.9980578272116,0.5366097525953625,-0.11530644,-0.032228756863674705,25,117.702965,1247.508,-7.7401085,-2.093937092132945
3593,594.1133617958933,869.8926236793659,0.5428475546812329,-0.13465124,-0.08240447209811484,25,174.44415,1942.0732,-8.220664,-2.4543719063834963
3594,865.0364433313343,869.4196803339177,0.5459297557555131,-0.09673296,0.0672637205087038,25,46.202923,505.57867,-6.759472,-1.0229657721846064
3595,1132.9429954983032,870.0863914807046,0.4713635258112856,-0.22375304,0.17207688564579773,25,36.027847,380.52075,-6.450946,-0.9141768476422428
3596,194.05024288747916,870.8399750792071,0.48345829960441544,-0.050644692,-0.025758943533146058,25,396.10522,4357.6045,-9.09812,-3.464354366410833
3597,389.6897636121909,870.5654699772626,0.49826530303654887,0.18648005,0.05236686816180847,25,57.580593,709.7437,-7.127754,-1.1627224108478738
3598,238.58162335010178,871.6683303945908,0.47873326699232704,-0.10338387,0.006330830076706806,25,46.000065,529.51654,-6.809699,-1.11830619562723
3599,292.97689393372735,872.1672870112449,0.5200886035674771,-0.34162304,5.6426373659478276e-05,25,36.882362,405.3793,-6.519654,-0.8056833657366482
3600,412.5712224989578,872.311970801048,0.44169021399605946,-0.30080342,-0.04246566897848581,25,162.80833,1973.9347,-8.238333,-2.441235344330324
3601,440.9072363611517,871.8926723086789,0.5846546170883274,-0.33581397,-0.18815271039858084,25,25.38118,266.88516,-6.065811,-0.3462213651876473
3602,223.09098760445335,872.8165861263919,0.49856883067953406,-0.004030871,0.0012900070995186224,25,70.92409,801.7605,-7.260112,-1.5352429040989692
3603,1068.324149029542,873.1177043090602,0.4624133650612109,-0.14696884,-0.4022008987745289,25,177.16869,2371.146,-8.437396,-2.3619550917677263
3604,1318.0766989558244,873.0321445455995,0.5163904989806949,-0.17647171,0.013538245208890633,25,177.76778,1842.8965,-8.163753,-2.5929196358840088
3605,71.14197657505522,874.7256195145968,0.48426872653179304,0.021958215,0.3300969056453231,25,86.04674,1304.4838,-7.7885966,-1.4080932020647787
3606,724.0114518786016,873.7081426822549,0.4686857938584643,0.10529081,0.08025131773466128,25,128.6816,1416.5549,-7.8780837,-2.2713212279918937
3607,150.91589040984354,875.1304341531652,0.4930699111955954,-0.04970854,-0.00622744378315829,25,345.4353,3778.426,-8.943277,-3.2875725240381297
3608,329.94834775650787,874.7091844886808,0.4948683332761148,0.26077715,0.20188050830279605,25,71.32988,890.83856,-7.3744974,-1.4412902250816517
3609,456.95572392428426,874.6724070186402,0.45164070998816225,0.15979503,0.2623349477331933,25,221.46889,2814.9282,-8.623669,-2.698184379560577
3610,994.0203089357366,875.0311990624278,0.5634730093782592,0.0052845115,-0.00415606878181611,25,276.7061,2807.225,-8.620693,-3.035564825917238
3611,1008.0133030749096,874.4924629977781,0.4353218478713889,-0.11072041,0.10759488843316961,25,124.856926,1506.1885,-7.9446983,-2.195861763738377
3612,1179.777583962849,875.5498001353141,0.4768365920493098,-0.20053127,0.13569461838298996,25,104.66118,1237.8949,-7.7317095,-1.9363109451876186
3613,131.76921022706742,875.3884158605038,0.4381607066017907,-0.012767213,-0.07650083077587898,25,21.755615,270.56583,-6.0806823,-0.3120979950528627
3614,1051.438302167296,876.1065394621362,0.4042167712554194,-0.14018704,-0.17410807232407943,25,24.107212,275.47415,-6.100202,-0.5076982703759406
3615,349.3863416710318,876.9997280323355,0.643848577962657,0.045996446,0.17524358767263037,25,18.271423,177.75264,-5.62454,-0.0013559750099329556
3616,1141.44870819228,877.11458351823,0.6336174147145607,0.15233189,-0.0209547602310796,25,40.265415,414.3431,-6.5434003,-0.8229648541952186
3617,1915.8635414907492,876.8104647948182,0.4239062999283948,-0.036769144,-0.028380379267461522,25,91.890366,1056.6024,-7.559779,-1.9100092080850999
3618,616.4855225838241,878.247074044113,0.39995756721645526,-0.04084435,-0.10292744451095039,25,85.66321,1107.6658,-7.611022,-1.7401401162195311
3619,251.94530888834024,879.3619473941073,0.47426935037360146,-0.08480969,-0.10152481053327303,25,47.788902,567.2045,-6.884349,-1.0619442715519412
3620,315.994336348238,878.8086781368626,0.5228632489490288,-0.5452463,-0.18508353000926547,25,24.153252,245.07579,-5.973251,-0.4579789294357603
3621,531.8417969762622,878.5534669859959,0.45580722866275425,0.034021944,-0.004601824845623231,25,202.00143,2371.528,-8.437571,-2.695192180616722
3622,1283.796578180104,879.1744572896016,0.40368270724111827,-0.73753923,0.12520338138957454,25,14.998939,162.57968,-5.5276656,-0.07923979699823483
3623,47.9875639556237,879.9940357087817,0.4714852477418366,-0.09230346,-0.11870545896154255,25,13833.817,151440.64,-12.950606,-7.335587761061494
3624,1511.8087161285532,879.7934762209719,0.4543887411671924,0.10399586,0.05784263855878212,25,51.262913,540.7513,-6.8324943,-1.3304887437491109
3625,960.1675523276035,880.9241038018173,0.41383003446233724,-0.3214553,-0.2930233048166932,25,26.396015,322.37756,-6.270912,-0.49743795993315365
3626,1615.4878484865783,880.9629250037839,0.4859370973437709,-0.32910645,-0.1515039980090843,25,262.55414,2889.1462,-8.651924,-3.0091578585107204
3627,501.7670819766417,881.5661569260755,0.4655466853183617,0.13924323,0.042529358308614366,25,276.52267,3204.9404,-8.76455,-3.0219573123944974
3628,1493.7804959950208,881.9111979586933,0.5312327042509984,-0.18421783,0.015231817753908685,25,415.45532,4211.6885,-9.06114,-3.5112033214312985
3629,84.99504614754608,882.8979535151108,0.46986118448497305,0.03457343,-0.01958599272435038,25,74.191795,862.9403,-7.339952,-1.6260915908914233
3630,121.28561358968877,883.1648439684994,0.4861513659116043,-0.10074831,-0.3230062840472369,25,39.76057,541.92426,-6.8348465,-0.7469016872044014
3631,181.4299309537463,882.9840841807948,0.5044864244212937,-0.31751642,-0.15404497617598728,25,34.2486,363.7714,-6.402071,-0.8476326300278405
3632,766.37451464654,882.9075404913131,0.4449990305955309,0.02670251,-0.06594937611839524,25,36.890392,431.76828,-6.588127,-0.8408738939275746
3633,327.0838534334907,884.2912108398632,0.5655862541111258,-0.15973696,0.1072880540921687,25,20.94101,229.80273,-5.903388,-0.16839549191880682
3634,588.9330847026715,884.002233162655,0.4584038903073257,-0.056820735,0.05748368041481229,25,135.41617,1526.4246,-7.9591885,-2.2947997916846754
3635,780.888799340681,883.974411747184,0.5231326404618774,0.03584754,0.03959493805357875,25,112.895164,1247.9476,-7.740491,-2.0205062477247697
3636,1001.1564827814306,883.4625104674767,0.4245440320124238,-0.20546935,0.07443304564147407,25,40.928318,511.33136,-6.771756,-0.9431174872986856
3637,286.7091619157987,887.5588148823903,0.5935694363979886,-0.23450391,0.013578441846824208,25,25.819736,309.0926,-6.2252216,-0.24685863938735783
3638,898.5092918718361,887.2677832261328,0.543265331747713,-0.36757743,-0.12494797454774408,25,178.22188,1980.6947,-8.2420435,-2.4845533830934423
3639,111.96574443621445,887.9461984850952,0.4502346064884829,-0.10132839,-0.10720230369626588,25,3456.0798,39373.96,-11.488023,-5.827238497696198
3640,355.76967456479105,887.0796099653114,0.39028323364320855,0.027987195,0.2327984754079635,25,33.71286,474.80634,-6.6912913,-0.6501838353366183
3641,657.0268150093441,888.5290279934178,0.5480065633143302,0.012234648,0.035554211759015575,25,3000.419,32765.207,-11.288532,-5.56556895400267
3642,273.5299977064157,888.4600127834182,0.4205102238416488,0.29614595,-0.019253684466031436,25,1824.5919,22575.756,-10.884106,-5.083070560365297
3643,387.9378937118251,889.5126502672961,0.5423791043005115,-0.1277288,0.041817741627408464,25,642.8027,6765.2935,-9.575717,-3.9477693489089956
3644,790.6906756769616,888.5317402231385,0.47572820696059054,0.11238902,0.11323833897448816,25,56.734814,685.9327,-7.090704,-1.2425977327992797
3645,866.5719912643026,888.9676863505478,0.5385284923948331,-0.31803173,-0.07878766303925178,25,25.807346,263.84644,-6.053378,-0.5016372132457615
3646,1015.4133486015463,888.9934785729236,0.48331831402105163,-0.090821005,-0.1328518367272507,25,26.767723,305.2971,-6.2118063,-0.5235895038124126
3647,1321.780347201151,889.0357021578689,0.4797787129951124,-0.32616392,-0.283926537638342,25,23.858799,293.6144,-6.169443,-0.2532052875722799
3648,133.83417220543947,890.4588036907145,0.42270545542555504,-0.4591451,0.08735247903420792,25,37.45195,474.59134,-6.6907997,-0.8276494035002921
3649,213.48331060650847,889.9024498675071,0.5183741953976381,-0.12387735,-0.1521516916015069,25,87.149376,1019.0992,-7.520541,-1.6882413821843623
3650,448.5331335973534,889.9437129629583,0.465273873578696,-0.094904594,-0.11620910457955423,25,122.64292,1448.1753,-7.902053,-2.116633153002085
3651,1248.1489689306718,889.990501030253,0.42739633820565687,-0.124433,0.022670156577701522,25,110.76834,1261.5729,-7.7522807,-2.132307618146933
3652,564.182593764238,891.129886163341,0.4588366052653646,-0.08645909,0.02352561008179386,25,128.4818,1481.502,-7.9267554,-2.2447755354616463
3653,428.46118339395133,891.8354655102484,0.4667691346426734,-0.2241941,-0.08584283761407165,25,117.56988,1379.8551,-7.8495836,-2.1099480757750877
3654,1124.923577257896,893.1136557734236,0.5219625900722009,-0.119780324,0.09213958990062819,25,102.48027,1088.8843,-7.5924544,-1.9620360617856365
3655,304.06152699632656,893.4439574612709,0.5044757305346456,0.024413012,0.09470149460448063,25,133.15373,1538.8453,-7.9679875,-2.2051547248950087
3656,556.0874431429212,894.0343675368972,0.47871711905754377,-0.21829155,-0.14648894763064582,25,26.078289,287.7848,-6.14767,-0.5590453188499694
3657,1945.7257840461853,894.0153117284133,0.3587836111651486,0.34350166,-0.12094591189125839,25,16.860619,192.1081,-5.708864,-0.2759087192496278
3658,472.8931462602246,895.1978849355877,0.49896405608018946,0.035989694,0.05232451840561948,25,143.44661,1538.4226,-7.967689,-2.3556863863810804
3659,44.61170641604181,897.2841834786943,0.4735966882203451,-0.26527825,-0.07263229066638499,25,82.640854,990.5328,-7.489672,-1.6833254489538965
3660,151.31236748137508,896.9061252911987,0.5774584262295566,-0.27910578,-0.20825245885308255,25,35.732628,383.85776,-6.460426,-0.6632196944176807
3661,610.9963728141992,896.6997661052179,0.4581455531246318,-0.20336068,-0.034624895198617944,25,425.20303,4843.333,-9.212861,-3.542227239908993
3662,744.5161773169326,897.4366202671157,0.48773337375127573,0.29224944,-0.11595571473244538,25,64.00249,764.6776,-7.208696,-1.3812189898239136
3663,74.52429092438678,898.3310236819901,0.4606197530953116,0.057587903,0.014212499561213085,25,43.793003,535.26666,-6.8214254,-0.9535613925609742
3664,1057.363643873405,897.9019358740786,0.3941611288503015,-0.0011973751,-0.01730176322690954,25,43.210728,531.26965,-6.8132877,-1.119031704911241
3665,33.11830257861773,898.740639279944,0.4500018193427418,-0.035447724,-0.023526802081760827,25,202.19975,2321.3794,-8.414365,-2.741566346675723
3666,878.6031783980903,898.874633797955,0.4082358749314502,-0.11645457,-0.10631205592471289,25,42.153687,516.79193,-6.7832894,-1.0377860195274895
3667,991.4186881652795,898.5392257426863,0.5173765735231257,-0.11618087,0.15426932421568038,25,97.19937,1170.2957,-7.6707387,-1.794372320349277
3668,320.3448424401554,899.8220145261635,0.522764382073062,-0.14073706,0.02223358816339576,25,90.79983,989.58887,-7.488637,-1.8019696461899133
3669,461.25489952729913,900.3169139878606,0.4064144799121511,-0.14661354,-0.018937996821280615,25,93.62389,1211.8258,-7.708601,-1.8677131489626297
3670,1603.2573168154015,899.9350966552256,0.424654044365251,-0.16799015,-0.021608385273195856,25,14.913857,171.00772,-5.5825396,-0.003923396917804349
3671,1761.5111067499618,900.1102363280193,0.5188241851082658,-0.25714043,-0.1222489234737825,25,340.06586,3536.04,-8.871293,-3.299499140538102
3672,291.66193325585806,901.0839016421018,0.46407255390496216,-0.21672139,-0.04612749339264488,25,185.28502,2164.1897,-8.338239,-2.6225397662527468
3673,699.0552812311266,901.2112278058324,0.4222382741915912,0.25852826,0.11129670167130569,25,65.57376,779.51935,-7.229567,-1.569521445913422
3674,197.68189715327117,901.7270503653473,0.39852709521001806,-0.038780563,-0.1656315360565805,25,99.22185,1246.1744,-7.7389474,-1.9594776423292544
3675,726.2245985261386,901.9010137579329,0.5363090077642142,-0.09290424,0.05193128998753811,25,32.30533,355.1416,-6.3760037,-0.6795540239054308
3676,1143.5999058731668,902.8613278199779,0.4420244577626079,-0.0055988384,-0.017883343556704467,25,33.71742,382.90576,-6.45773,-0.8607590314836413
3677,1808.4407176945701,903.0270671134904,0.5222993752143092,-0.30009052,-0.1901289610284291,25,113.08981,1156.7426,-7.6580915,-2.1222404880959815
3678,410.1120852016111,903.6442755552821,0.4999614360660744,-0.02168901,0.031599859297483095,25,70.245476,811.0168,-7.272575,-1.5029935390777749
3679,1158.150175900278,904.5241246560435,0.5129474952813643,0.08289894,0.15602350772304963,25,30.446453,344.41315,-6.3426995,-0.625384028409735
3680,1217.344084416746,904.0541831486839,0.37789811048133937,-0.012844129,0.010179015442604984,25,44.81715,536.1154,-6.823146,-1.1817377755611682
3681,385.544632157586,905.003131470629,0.4767255122367374,-0.3945267,-0.17155214322740148,25,260.97424,2849.9119,-8.637078,-3.0233656103341042
3682,582.6739049008191,905.9756886018695,0.47275104012792235,-0.07174085,-0.07135062912790346,25,72.79745,815.0809,-7.278002,-1.6076845029379996
3683,265.7780564886372,906.71419371875,0.5459947926257327,0.19995375,0.0473435278479701,25,33.80936,355.79614,-6.378003,-0.7348240726193461
3684,527.027763900394,907.0463033382046,0.5783747952885062,-0.084506206,-0.0261272360397383,25,200.61171,2057.0935,-8.283135,-2.633430054832334
3685,613.386933195622,909.0037065346295,0.4879586800332474,0.5088657,0.3876300728102151,25,23.407734,326.60007,-6.285041,-0.1777920781338799
3686,948.2015285802137,908.2660001035553,0.5114491225100982,-0.120901205,0.0039512566412792565,25,110.752205,1223.2124,-7.7187543,-2.023799450124377
3687,998.9094678162475,908.2095334178765,0.5523504960301269,-0.17850804,0.07012112605155499,25,5156.3477,53964.594,-11.830273,-6.202854814554696
3688,1661.4905386977007,907.621025199224,0.4184067683342176,0.049362484,-0.07123246644965364,25,104.73409,1201.0011,-7.6988583,-2.114361421972861
3689,126.42179781206937,909.2821089297195,0.44581969329197835,0.30776048,0.11079423024040128,25,46.830437,574.08813,-6.8974466,-1.1392687378022481
3690,1500.5934485588846,908.5568845884977,0.2973773130864965,-0.1770024,0.11642270845255337,25,14.91719,193.64737,-5.7175293,-0.1279912400641423
3691,86.38417523828417,909.7862888586441,0.3697045807336545,-0.10623817,-0.07316722517863161,25,54.80476,702.53156,-7.116665,-1.3303440468822303
3692,727.8231367835313,910.3242683831594,0.5709356285472146,-0.24247117,0.029420637241795264,25,191.71661,1974.5024,-8.238644,-2.609285389824432
3693,25.247954209272223,911.0142831321143,0.5363511845899367,-0.07277972,-0.11025786136001563,25,262.47922,2715.0515,-8.584445,-2.975662769495883
3694,1035.591851756848,910.599710429448,0.5048068585858039,-0.5357942,-0.058311282929132895,25,49.460564,560.916,-6.8722444,-1.1221276528097792
3695,424.8991383958873,911.682006040071,0.569208922624375,-0.2156131,0.13485175613237046,25,20.358238,214.41273,-5.828127,-0.18573404222509338
3696,601.8601265709314,911.8862503140823,0.4702608685564702,-0.46927416,-0.17545748066647623,25,166.75487,2195.7358,-8.3539505,-2.356471021060767
3697,112.4337965066946,913.2875549096083,0.28436944706906714,-0.040395107,-0.14706294264461797,25,28.383778,417.49896,-6.551638,-0.6348794006901725
3698,501.1219320218316,913.265669219003,0.5496347303194149,-0.04458987,0.16200776357954383,25,55.82736,608.8691,-6.96131,-1.1926513562032621
3699,901.2946945891944,912.5200193885711,0.3593006753311623,-0.42158464,0.10647570273626158,25,47.913982,620.8653,-6.9824934,-1.2232915298846534
3700,928.369150316793,912.9234267580971,0.48365969111298024,-0.053000286,-0.09463224315459805,25,25.825409,282.9144,-6.129138,-0.5008229141092171
3701,1714.4359565016825,913.6397835046117,0.44095982057891003,0.09147699,0.15186610859715788,25,29.835361,346.32806,-6.348719,-0.7019764796222577
3702,40.085056394128046,914.4696557203628,0.5595655515487228,0.041530255,0.08025590493573277,25,77.451614,835.8078,-7.3052664,-1.5828227848301102
3703,818.9579165026881,915.0348311420756,0.4579571461635146,-0.19523805,-0.1147736501046578,25,44.81197,506.19092,-6.7607856,-1.1002424289083184
3704,1453.6447050989493,914.6062283250621,0.4734971127729836,-0.37711358,-0.15350234754620595,25,47.088135,521.0751,-6.7922506,-1.1482575156618122
3705,312.56255396093724,915.8480647169071,0.4077424046270887,-0.34858006,-0.12591861689978923,25,26.178196,312.42828,-6.2368755,-0.5864066149764449
3706,332.9950356598174,916.3965629325514,0.4965931735749929,-0.11923472,-0.0007659150898468728,25,153.4948,1742.9902,-8.103237,-2.3649728209530667
3707,619.294216125694,915.8832191355829,0.5003748339660788,-0.05466808,0.06186200949568819,25,49.390324,577.7175,-6.9042892,-1.049887774526156
3708,1209.7424093622321,916.172850676369,0.4693945413947873,-0.20544744,0.02575731580032093,25,60.761654,685.28406,-7.089677,-1.4097077768259392
3709,705.7084013697164,916.740204503532,0.43378508429917223,0.18023299,0.04500607526089598,25,65.85134,780.78284,-7.2313256,-1.5223599945138355
3710,975.4881525427141,917.5415899475258,0.501629700899101,0.18601432,0.09999790774711814,25,373.17062,4522.908,-9.138544,-3.2839883328148933
3711,161.32449870062194,918.0642563577619,0.5165885530832913,0.0018279161,-0.055618641881830314,25,83.93668,895.1643,-7.379757,-1.726666284454319
3712,354.80651394690886,918.7837181733424,0.4889354017037547,0.019576129,0.016638338764545946,25,101.32518,1176.5015,-7.6764812,-1.9021095733430609
3713,548.0137761633778,918.8931201755365,0.4286748188704112,0.08125112,0.06710763882216238,25,52.992085,627.96576,-6.9948397,-1.2782688516276786
3714,523.3276053575377,920.4118657651484,0.4476846183457157,-0.037162714,-0.015643098120613392,25,77.02143,940.6789,-7.4336033,-1.6334336556882592
3715,871.7162358472393,922.5022151943624,0.5144711616091933,-0.21766068,0.2330547515624244,25,45.916233,522.57153,-6.7953644,-1.040715800144539
3716,1311.77614585191,922.0791938859617,0.37482705075427547,0.07734421,0.20644402120512742,25,20.35196,236.7859,-5.9358892,-0.3805296436695074
3717,404.7479052829685,923.3853112649997,0.5530600920889048,-0.35150567,0.05224220763433612,25,64.99526,721.52045,-7.145622,-1.4105503714054075
3718,920.5345466786318,923.9854721546888,0.4841450159942253,0.46514714,0.08961604715960977,25,151.2083,1994.5991,-8.2496395,-2.214958719560019
3719,1204.9560394940847,924.5980084474135,0.5032252094379978,-0.46505386,0.2147346207849877,25,34.50961,415.62247,-6.5467477,-0.7302185790343462
3720,54.330839267891506,924.5620102155924,0.4364885013647857,-0.18182693,-0.030982027349934188,25,48.29124,584.3792,-6.916737,-1.1519016422991255
3721,194.67863190820492,924.962185109045,0.4571118167236572,-0.06616961,-0.09968360505366351,25,95.90417,1132.1079,-7.63472,-1.87226146483188
3722,251.80464583497138,925.6917270184744,0.5067690335087784,-0.25652453,0.11618418932250132,25,44.5328,533.37024,-6.817572,-0.9981858980118314
3723,621.0891616575971,926.520869476965,0.5248105087049759,0.027457917,0.17240300708315684,25,25.19595,293.89142,-6.1704674,-0.30121759740125054
3724,34.73875413328074,927.0012392591104,0.4512738376470546,-0.034170084,-0.0170338664996218,25,22.845657,276.83984,-6.1055713,-0.3334208514808503
3725,392.2547614847192,928.643672837698,0.5438305543401559,0.26533347,0.28859833478097724,25,22.282059,252.21063,-6.004409,-0.210024506390368
3726,453.7793781609046,928.0689168688325,0.48329264350997475,-0.07938487,0.014740506794937783,25,69.89735,789.48376,-7.2433577,-1.5406665734964462
3727,219.48109631807142,929.174961476243,0.5244226694986489,-0.13190505,-0.13590947053995753,25,138.69765,1505.5692,-7.944252,-2.2673984045198385
3728,1013.9948130563758,929.9646803887945,0.5840484077163632,-0.28960645,0.1859474148130431,25,26.047,275.15518,-6.0989437,-0.36940799336187546
3729,157.51082570855147,930.7671611278282,0.4051204754901042,0.06006885,-0.06913685726888515,25,19.1804,244.2141,-5.9694266,-0.19624930890137554
3730,414.68053554058383,931.3653790013258,0.4536611037145606,-0.34007347,-0.15822515431213,25,23.691822,275.66965,-6.100972,-0.40711840690251755
3731,501.6099762087339,930.7006388740538,0.5050439629660802,-0.26718962,-0.045688585487555326,25,55.135174,682.3499,-7.085018,-1.1957327945820426
3732,631.6954715950392,930.9165139615791,0.4729838860475878,-0.18992633,-0.057763839338851986,25,441.0519,4984.6636,-9.24409,-3.5718099203892657
3733,764.6962277256529,930.8455781186886,0.6014158567380443,0.122788854,0.21434123961282733,25,27.718887,271.0413,-6.082588,-0.4928155118845898
3734,892.7808787055241,932.0479803318026,0.45122974473044286,-0.21546978,-0.045575200419328644,25,50.467686,577.4289,-6.903746,-1.20085228371795
3735,1325.7609012378941,931.6092259520937,0.4444307580638523,0.050331406,0.06407898901342308,25,97.92044,1140.9053,-7.6431236,-1.9178286753584886
3736,1559.2301346162537,932.3300158234474,0.4974235543815944,0.37227502,0.11772083723579578,25,22.294365,242.83688,-5.963287,-0.3527845213882287
3737,95.54888705214643,933.0063576804506,0.47704613557100695,-0.42989174,-0.18601431633442675,25,47.413372,583.37537,-6.9148703,-1.0540753856425158
3738,188.6667479349645,932.8871520180713,0.48153405420537215,-0.13156337,-0.0897723931883555,25,697.6904,7877.233,-9.740934,-4.0343570829727184
3739,247.47243256406318,932.3704796145496,0.372454740208502,-0.15068999,0.17109052323498608,25,84.06092,1147.2517,-7.649147,-1.7256225456539107
3740,270.46921569786116,933.1376239792736,0.4471929903220388,-0.26053157,-0.12795228587600654,25,53.630585,713.3148,-7.133203,-1.1689304090213029
3741,856.7279429857391,932.4281396237075,0.5262044372888252,0.07927737,0.023467802351971052,25,17.222061,187.38869,-5.6818585,-0.012474040071825145
3742,654.169879461911,934.0546403911522,0.5035721998508068,-0.059063718,-0.1921337739919312,25,16.883713,189.19124,-5.6922526,-0.0029463417052769175
3743,1186.4081054875874,933.9078472986439,0.4500335502130241,-0.18303828,-0.020348389257778286,25,88.1191,1041.7278,-7.544386,-1.7937376962769132
3744,58.936533944639514,934.8941986064317,0.4470395521711066,-0.17027357,-0.0938797455557461,25,43.01187,508.63116,-6.7660074,-0.9764390328282344
3745,594.1395970514839,934.9633883791131,0.48055020007908783,0.049368363,-0.06507083679010627,25,76.4934,880.3646,-7.361656,-1.62691485926003
3746,293.64121456253366,935.8424091091381,0.44873179976373967,-0.018954068,-0.13308384368196888,25,211.55026,2703.849,-8.579956,-2.721001320321765
3747,466.3751814351212,936.0648556413358,0.3471636308848607,-0.055896465,0.09400831478997634,25,18.137913,248.28444,-5.9873734,-0.08447868058860983
3748,586.2612071098506,935.9720187919512,0.5014078332954043,-0.031766895,0.02104435108250553,25,93.777306,1054.3738,-7.5574865,-1.7924686473386195
3749,717.0943316321299,935.827984386711,0.4790688702806496,-0.26616842,-0.013235119599041176,25,33.32297,376.17566,-6.4384766,-0.7492215700160412
3750,335.7257589717362,937.4018488573895,0.45738103817061326,0.06821493,0.03811835542752654,25,148.86089,1803.5415,-8.140315,-2.3582496826455026
3751,699.8063730102973,938.3762490296278,0.5662341902419514,0.010395677,0.0036808529033588947,25,75.67081,797.9733,-7.2549715,-1.5921326851620554
3752,1386.6082675298292,937.975538573656,0.5011643025988693,-0.22938947,-0.03166883341709463,25,64.98072,734.68994,-7.1652603,-1.469875818606484
3753,82.5408082444399,938.8289113639846,0.5119937871259261,-0.10722656,-0.04282757818641355,25,101.519516,1243.4,-7.7365274,-1.8274781698967941
3754,776.3018705978817,938.8891707115239,0.4833703143029106,-0.24543303,-0.08221690293781275,25,47.07722,569.70807,-6.889131,-1.0510292080285
3755,502.7711178178289,940.1617660097294,0.48204463361607186,-0.3771472,-0.04285305855755225,25,101.05961,1140.743,-7.6429696,-1.9323802600200735
3756,805.5748783711317,941.2638991239327,0.4700667054072903,-0.1648538,-0.04292343055435752,25,112.60845,1341.7852,-7.819207,-2.0225912872727063
3757,1049.3723998075632,941.2447848322935,0.48645538944973643,0.014263418,0.02029378961386925,25,51.31704,582.0658,-6.91243,-1.1988525860901567
3758,1365.27584380558,940.5583225193714,0.43498843849411384,-0.2826474,0.1707283298964014,25,49.503998,567.28735,-6.8845077,-1.246205758217
3759,1430.4460630053675,942.2131204061857,0.47344639736589306,-0.43712315,-0.055925030951538675,25,72.58597,826.648,-7.2933016,-1.599973512553332
3760,1803.5190591421663,941.8826646828046,0.48858417412147936,0.26649827,-0.04232620026973306,25,18.031685,175.1674,-5.608633,-0.2787084965226904
3761,421.63603161850546,943.2887687220632,0.4680781325883129,0.15622324,-0.07855115205212002,25,147.10002,1706.2734,-8.080121,-2.3493759701837327
3762,573.8758229565975,942.4685346262303,0.49158137685947473,0.08094096,0.13095605482409153,25,129.12389,1507.2102,-7.9454346,-2.1796422947168157
3763,625.8882549814606,942.9935622106168,0.40787958537740643,-0.17505524,-0.07020366964106059,25,33.93288,399.35858,-6.5034075,-0.8207322496859549
3764,1276.206203999746,942.9701245620104,0.5338463410318766,-0.112672605,0.08728678419998447,25,210.00612,2153.1768,-8.332699,-2.762773577879666
3765,1407.108071472235,942.3360832094107,0.3789788541967339,0.0694388,0.2526188468911486,25,18.24643,220.09366,-5.8565187,-0.2436330153662422
3766,370.5657934684446,944.1510550615851,0.5805746594585425,-0.08737419,-0.17083166933699975,25,204.12918,2263.0735,-8.386746,-2.597606226003963
3767,1711.5612620702,943.9813635538185,0.46971751503526715,-0.3312776,-0.10908432962554676,25,29.243717,308.6516,-6.2236714,-0.6955114644304161
3768,790.6312383986581,944.5018462245531,0.43489143574645034,0.10520237,0.025851198326230663,25,69.72053,836.9704,-7.3067756,-1.5564907332999152
3769,1102.173176114605,944.6671674290158,0.3375956651586179,-0.38729444,0.13930506824869685,25,17.845402,239.73817,-5.9493427,-0.07131671088848451
3770,448.7183814647022,946.0429658661428,0.49389597963716503,-0.42702743,-0.21570086352621634,25,18.536968,230.95241,-5.9088063,-0.10097775993797281
3771,1035.331578381858,945.6365303042403,0.5021580597110707,-0.18766326,0.057893880005591376,25,120.77239,1415.8202,-7.8775206,-2.0448211713321274
3772,636.84006675206,946.6951949899773,0.46863507629474915,0.019654924,0.1537596951400955,25,81.33517,964.6806,-7.460959,-1.6573614386844435
3773,879.2022304311414,946.6887317973672,0.509324700454675,0.19584045,0.18294896921005005,25,28.94231,304.85455,-6.210232,-0.6230947239328676
3774,201.05346903489632,948.4316304530131,0.48884942307909973,-0.00870021,0.06346002618215113,25,124.61712,1419.4052,-7.8802657,-2.144657699360368
3775,282.0096140334483,947.9056267973202,0.4956350921391722,-0.2156209,-0.08379049953539124,25,62146.453,663820.2,-14.555126,-8.954668760105811
3776,303.74026797980054,947.6462391620348,0.46602613024608813,-0.16093369,0.013759616822561653,25,84.89012,1186.34,-7.685523,-1.5457293755344907
3777,757.5498915120714,947.7331413143895,0.48179364396218166,-0.48817694,0.1649306629489572,25,17.28889,205.75226,-5.783362,-0.064194151472384
3778,12.147201430564477,949.1413408180241,0.4929089264966079,-0.06218802,-0.05724145124123649,25,149.07199,1648.9788,-8.043037,-2.365988505413896
3779,59.07490572175353,949.1409055346173,0.49451820356644705,-0.19910826,0.07825654362913814,25,56.62546,633.067,-7.0036244,-1.331796169905025
3780,84.82956694423615,948.6220530363327,0.5002113968748678,0.052802056,-0.04053957088651765,25,114.04068,1281.7471,-7.769506,-2.0496781709225482
3781,336.6861425795312,951.2639502139285,0.4340467927340074,-0.25188363,-0.04758369746929028,25,204.68517,2417.0488,-8.458214,-2.7486071617450336
3782,430.1911599161964,950.9551324280712,0.5433816035034545,-0.3233543,-0.16271342833348432,25,46.99774,527.20514,-6.804949,-1.034382739998428
3783,547.2685371425159,950.7008255784302,0.5113494881677464,-0.17148942,-0.038075866842173345,25,1753.7363,19064.857,-10.700583,-5.03805000415875
3784,1214.5762614831053,950.7033927089395,0.48949480325829875,-0.075165756,0.025872046888573353,25,49.71396,551.2846,-6.85344,-1.210132572045752
3785,1356.7179802390287,950.3639586093495,0.4105402986358026,-0.010372807,0.07895399848058561,25,26.185898,318.43378,-6.257548,-0.5161429050843298
3786,211.217337817326,953.7671385594523,0.5391228829711158,-0.28242385,-0.04365100007182044,25,147.54007,1515.1703,-7.9511538,-2.3845301930323184
3787,381.8659931417129,954.457993399202,0.4244759499392501,-0.023261558,0.1261591902148504,25,46.657383,557.0923,-6.8648176,-1.1463114622285562
3788,120.8958113172224,954.9136192848193,0.508059586862455,0.06678542,-0.09817732382144458,25,61.73817,679.2897,-7.0801377,-1.40472695387361
3789,1289.7683202123476,955.3258863457276,0.5577192491336279,-0.228686,0.08452332552033104,25,221.83624,2276.9783,-8.393397,-2.7871810886805433
3790,493.8666762255068,957.4464517992889,0.4862837730221481,0.47027814,0.2670128744308925,25,42.052177,481.64865,-6.706826,-1.0123157834686285
3791,304.6863862730033,958.5608293138688,0.3762499289105212,0.23556612,-0.01103016400944259,25,809.55835,10091.311,-10.00987,-4.291415054646918
3792,110.90567498137509,959.8533999811564,0.5211825140911834,0.011789043,0.009363580505200964,25,115.844696,1273.2168,-7.7622557,-2.028370762242397
3793,406.7814028512802,961.0775535744083,0.48653404371878367,-0.15620206,-0.01223777302782564,25,103.148895,1184.9432,-7.684244,-1.9151282297992016
3794,818.073258182048,960.5973849241109,0.41661502831704295,-0.11808782,0.009852365722618557,25,151.34418,1825.835,-8.153654,-2.4262360761097006
3795,1529.001033290634,961.1373620074513,0.5219445284134687,-0.04127392,0.08448704865191006,25,139.49069,1464.7354,-7.9143977,-2.29530013464045
3796,562.985624660775,962.5045549185124,0.48239448750792235,-0.078709304,0.10042760891385816,25,39.694202,478.7538,-6.700281,-0.8497395376555344
3797,652.0124213232513,962.5184687650209,0.43057033548420975,0.036833942,0.1673994368890189,25,34.239395,400.20035,-6.505694,-0.8248020807907614
3798,1830.472278044466,963.1444407035449,0.4757744256224348,0.027397968,-0.14430360556633492,25,168.95477,1890.658,-8.191532,-2.5398893373157168
3799,711.3733275287681,964.3863847485233,0.5359588595462171,0.11685112,0.0044971738762071365,25,180.33504,2044.992,-8.276729,-2.498273445228109
3800,1501.0220199068706,963.4948963723542,0.4730984864582988,-0.3617305,0.12078519517957301,25,34.95642,383.01547,-6.458041,-0.8718144090413797
3801,164.6344291098389,965.3717703708719,0.46082759914909366,-0.24191996,-0.053667532852398406,25,309.2653,3697.7268,-8.919837,-3.1125433945112873
3802,763.6374403849406,964.4917736422873,0.49440318050813387,0.23598531,0.06031403819865006,25,50.814426,591.0165,-6.928999,-1.146893076422215
3803,889.3855738370846,964.6690197398414,0.4717043919052473,-0.7295899,-0.10523569602056447,25,48.16264,694.47675,-7.104144,-0.8953063750830565
3804,1048.9192339922924,965.6033372815712,0.4480686219422893,-0.13051486,0.11254476369719135,25,56.082363,706.7682,-7.123193,-1.2996623852928266
3805,1226.7250395456197,965.2060564740473,0.48043977501539836,-0.20728152,0.007358214605476235,25,57.827457,670.1988,-7.065509,-1.3028920520203189
3806,143.18200994529866,966.403631863078,0.5488825442450824,-0.13616048,0.007842032074355298,25,25.943657,263.71222,-6.0528255,-0.47488553472543427
3807,447.2634522907628,965.7718764575684,0.42189633424020545,-0.15421446,0.009251822973075034,25,80.011314,984.5117,-7.4830523,-1.6925209212985448
3808,353.64491336375954,967.3469057619034,0.4549402511898492,-0.06745435,-0.04092926637771377,25,26.199501,344.12848,-6.341801,-0.3246414737916793
3809,802.7045979868719,966.6570586859079,0.49091210226334997,0.010570771,-0.06536532975176328,25,68.33805,771.5057,-7.2183475,-1.4855803595771548
3810,253.15239079920724,967.7439723973671,0.375571328639809,-0.29979938,-0.16817517049966907,25,75.30852,1036.3477,-7.538764,-1.5812855642487968
3811,337.7371461377709,967.7276678814036,0.50485664310662,0.08957536,0.10694268453337903,25,79.08639,860.3138,-7.3366423,-1.6833767513157893
3812,476.1779852217002,968.3989206661132,0.4644009633655058,0.3817599,0.14443690643690105,25,50.045094,621.95245,-6.984393,-1.1023288535037157
3813,1098.6828691027197,968.069754010396,0.4560191279927336,-0.22375315,0.010023259435544992,25,44.782677,511.78552,-6.7727203,-1.0393135401366107
3814,1202.9238601500701,967.9084824878989,0.4526553013559303,-0.06533884,0.015478524649678223,25,71.612236,821.0201,-7.285885,-1.5963282302590414
3815,423.46806553840383,968.9847730942001,0.5550103205651237,-0.06203778,-0.06459848376959774,25,27.830936,314.04663,-6.242485,-0.4591666110363659
3816,1664.4094605469388,969.372158344402,0.4903108664126495,-0.029349515,-0.20114100899494286,25,97.60172,1093.8425,-7.597387,-1.9362869826743423
3817,566.6665115911451,970.2036709760561,0.5729370720652744,-0.07574126,-0.19183607844708842,25,219.89865,2465.6653,-8.4798355,-2.674563966924754
3818,491.40165385735764,970.9655857318905,0.31054342347514113,-0.5137325,-0.1753652249962663,25,18.36,247.21169,-5.9826727,-0.26110121337647996
3819,854.4914380378979,970.9375431390549,0.43624650232156775,-0.21995509,-0.1317365461059603,25,43.892303,503.97226,-6.7560167,-1.1725287746326893
3820,1654.1280523639784,971.5596204125409,0.5264844554501276,-0.038861964,0.08421466179717695,25,90.526375,929.62604,-7.4207706,-1.8553642062498032
3821,914.1732771262717,973.0487777476018,0.4988287531345384,0.13672769,0.02115018684504203,25,98.720375,1092.6404,-7.596193,-1.9451162543211158
3822,201.70860671737938,974.0047885815918,0.5249750793352242,0.073481046,-0.02232651872755198,25,39.36417,426.8349,-6.57565,-0.9002687082088643
3823,972.7392157854296,973.4117215016203,0.5263128559531072,0.21528792,0.10514610814345766,25,59.0162,638.2393,-7.012459,-1.3479551268322465
3824,672.0852590399087,975.1460220570093,0.4510052744250132,-0.08259372,0.031706161896171765,25,23.578228,284.9163,-6.136793,-0.3577123918763608
3825,946.8088104161391,974.4052162289794,0.5116081111890108,0.18626453,0.19257243663549076,25,37.184387,411.58728,-6.5361547,-0.8744292101415099
3826,1035.6562396603063,976.461207018775,0.46142007940745244,0.34017378,0.12423897255752459,25,34.479088,431.44498,-6.5873137,-0.716414026291835
3827,134.44190847883098,976.5214421594957,0.47192725234983474,0.19560315,-0.07570558648930335,25,137.92366,1695.4807,-8.073233,-2.2044999533832925
3828,344.5293432311452,977.4688626190177,0.5078968078497006,0.30693865,0.0198376688842854,25,101.90438,1205.7504,-7.703143,-1.8555851775338092
3829,690.4323116391051,977.2443640695145,0.43494181489802086,-0.051096562,0.04839406743968498,25,30.728203,363.96017,-6.4026346,-0.7301535188856947
3830,1204.1431910183715,977.576696129453,0.46486057399888214,-0.15606087,0.027199941527769264,25,31.259342,375.9047,-6.4376945,-0.6317693640880255
3831,226.95542226436302,977.5967185382324,0.447918355879271,-0.04770508,-0.0416925948968755,25,365.17026,4066.7004,-9.023106,-3.4109338074104576
3832,766.8789845901581,977.4165031898731,0.5329189757899283,-0.056534104,0.05999425410361142,25,83.02108,941.8075,-7.434905,-1.6568936358800772
3833,1491.3368622229132,977.8779895402295,0.4894539825041612,-0.08770875,-0.02067109704316744,25,111.90136,1213.546,-7.71014,-2.0984331215904444
3834,77.75293405887312,979.067026146626,0.40326159996505767,-0.30464312,-0.3042600990674612,25,95.92021,1250.2771,-7.7425156,-1.8453429163878623
3835,867.7748453927711,978.764553853063,0.5407829710334658,0.025767213,-0.10074429207667161,25,51.655754,564.75,-6.8796406,-1.142367538413015
3836,1123.242318104212,978.3975731534448,0.5810202547919859,0.192842,0.14802775348646158,25,18.834095,178.62772,-5.6298723,-0.13532509316995728
3837,1681.9055730418295,979.7522850748541,0.4769548858201224,0.039491154,0.20143283185737118,25,24.573315,249.2727,-5.991687,-0.5857528386282349
3838,532.5147848022568,980.2709244545306,0.2962464216717055,-0.26650962,-0.2589106692744859,25,17.59188,234.00418,-5.923059,-0.14370868212218124
3839,810.9156485167981,980.2869069129889,0.5341850477115938,-0.018648298,-0.007337197175233977,25,46.824627,525.08997,-6.8005843,-1.0207429031104587
3840,416.98283924867366,980.5839031176354,0.42278482931609396,-0.121657334,-0.00705590153970805,25,142.07034,1708.3284,-8.081429,-2.3574003885792316
3841,601.4109385710649,980.9055061970262,0.48307963273341187,-0.20990722,-0.07254072103399459,25,105.488106,1200.2378,-7.6981683,-1.997706373490532
3842,458.6290451618725,983.167580358372,0.4604670217771247,-0.2771633,-0.18886782294004037,25,2734.2437,31375.377,-11.241472,-5.552017393975715
3843,895.5220599841026,982.7851242630579,0.4903142522698193,-0.28200325,-0.06329374514070546,25,199.20218,2221.9844,-8.366853,-2.6960359659550592
3844,908.8876846877064,982.6988363530328,0.4952770763752508,0.23099132,0.017309075312327404,25,56.364124,636.7896,-7.00999,-1.2842134428598229
3845,1106.111004232723,983.8716576349018,0.5072011026914014,-0.048242725,0.13219289705260245,25,78.70483,857.04443,-7.3325086,-1.6534938477676364
3846,305.32158709860204,984.6032350999094,0.4002229018684495,-0.27383256,-0.019970170666324675,25,266.87497,3199.585,-8.762733,-3.0936175184721377
3847,350.80198886660474,985.168308392532,0.4637181462350371,-0.055618092,-0.023267044552029468,25,52.79428,614.501,-6.9713063,-1.2439308156160251
3848,1949.9688497934885,984.9617583454339,0.4885636028663874,-0.075635664,-0.030536861877847564,25,97.978935,1049.8508,-7.5528193,-1.9659052352169386
3849,121.07496361663,986.1258402695387,0.48643590895520633,0.019832358,0.04259517948594053,25,206.2885,2386.752,-8.444518,-2.67256073280506
3850,542.760341678021,986.2719286302477,0.5018422296240567,-0.11512521,0.014558603024716095,25,60.099728,736.754,-7.1683064,-1.270233698498414
3851,728.5548047388907,986.1773607642804,0.427880288349366,0.12919208,-0.2124125929995443,25,17.623554,188.6395,-5.6890817,-0.2507566871650017
3852,1842.8414057805865,986.1380100913584,0.5257113449342511,-0.038008276,0.10406121707066726,25,30.250256,326.38846,-6.284337,-0.6626521739250455
3853,1281.5504005810753,986.9807561604104,0.4590849085922964,-0.55200905,-0.1354979115715072,25,26.72982,310.17697,-6.229024,-0.5077335531467004
3854,20.716280296355983,989.2739383521994,0.46079522682992785,-0.21459813,-0.16152705140415216,25,143.5918,1624.9033,-8.027069,-2.3699635975345887
3855,30.078887767098657,989.3597331113739,0.35818313629072024,0.07737133,-0.07150978907009303,25,32.437847,426.18707,-6.574001,-0.7727223929306495
3856,472.14978898470076,988.5808253271039,0.4606748432319382,-0.2505903,0.02947684098179334,25,123.866295,1451.498,-7.904541,-2.1670295225096052
3857,736.3349023285209,989.3351815494431,0.35182783013163266,-0.23345132,-0.029793453881589067,25,21.218994,281.69812,-6.12446,-0.2567714145083538
3858,994.6891702547392,989.1489996750832,0.4581535782485767,-0.08901727,0.043323237766249335,25,50.67985,567.16724,-6.8842783,-1.2413028258405334
3859,1297.5081844778015,989.532658547204,0.43114880725935817,-0.50978774,-0.002868121541112021,25,89.7863,1094.0675,-7.5976105,-1.8251623906172287
3860,153.15608867215064,991.4843098573859,0.4425946780580457,-0.31508496,-0.05652599015846434,25,256.50876,3014.0188,-8.697865,-2.9940600944760805
3861,316.7315847000155,991.8271477573555,0.46782184116422415,0.08685382,0.0364557861060782,25,97.43014,1159.8158,-7.6609726,-1.878743076716305
3862,100.48240549855832,993.9313552432716,0.472316544194892,-0.07589667,-0.23027816759134342,25,104.79218,1186.6096,-7.68577,-2.0046732601840973
3863,274.6915771641238,994.4098598344109,0.4084365839050856,-0.023672111,-0.20341372138551247,25,35.359467,495.72256,-6.738096,-0.7698713083356161
3864,447.1789350302765,993.3533268459457,0.4382584795379026,-0.15739514,0.0629677463419804,25,55.14188,708.4466,-7.125768,-1.2393182254320863
3865,511.14810935105703,994.8429945695284,0.4172242083640025,-0.29243633,0.009053119353781895,25,40.19743,483.06143,-6.7100058,-1.0112444658309911
3866,569.5673330652944,995.2067413832679,0.5234760611578907,0.014358098,-0.17026200030931637,25,144.87624,1620.5874,-8.024181,-2.2918827603419114
3867,853.2081973308855,995.1433312437853,0.4797875754742986,-0.23291652,-0.06778109928882267,25,74.14858,834.2263,-7.30321,-1.619047629074054
3868,284.4266684755279,996.358739447202,0.479673648879402,0.13488421,-0.008337935149351348,25,27.953712,361.3897,-6.3949394,-0.4556182170553416
3869,522.2841932622115,996.0770774666855,0.468687909524779,-0.05454347,-0.1417384531877916,25,58.705677,711.4974,-7.130433,-1.3386626184367318
3870,627.9069486853584,996.0177238794754,0.5078390102666711,-0.5275972,-0.04207327525497563,25,40.217297,440.0728,-6.6088114,-0.9552698811201027
3871,243.07963067533134,996.5079856081812,0.48870567323374586,0.21819879,0.09005275207890655,25,49.26993,574.90814,-6.8989964,-1.1153276412785824
3872,884.4648034550187,996.8619402169593,0.3936119245889691,0.13556322,-0.2424305026312817,25,15.470809,181.51772,-5.6472974,-0.16022384441345355
3873,1246.5025264128012,997.2398209104384,0.3984849725087891,0.0846661,0.009464823353149066,25,44.079273,534.3527,-6.81957,-1.1380248174762282
3874,2022.8056035797604,997.3470949471705,0.5568239111650236,0.18764721,-0.07258578218469429,25,25.567493,274.66306,-6.097001,-0.4467958414357869
3875,11.629100540695065,997.545122380538,0.4017754474642147,0.06935081,-0.11995815915437398,25,187.97037,2368.2869,-8.436086,-2.626436325747305
3876,539.118538854793,998.3172756634725,0.5093169550199707,0.015963215,-0.09761280501896594,25,21.517776,242.71735,-5.9627523,-0.17977305441517932
3877,584.8511644937417,998.3994434711642,0.5162415225370607,0.010920271,-0.0029582902898377147,25,340.64877,3748.8547,-8.934747,-3.256465753595166
3878,687.3594800747197,998.5568030148697,0.5520151925003393,0.13831452,0.0346811732691511,25,28.630688,331.89462,-6.3025002,-0.4497339272349044
3879,701.1480201835482,999.2263111359849,0.4324141293237403,0.16270557,-0.12907371637497916,25,18.221905,190.41144,-5.699233,-0.30453762072396595
3880,130.72909916003636,999.0806699600689,0.45590346391604464,-0.2128184,0.152226901355126,25,24.16846,311.90738,-6.2350645,-0.31920332990637457
3881,169.1700757580047,1000.4247055793953,0.41132908893898934,-0.09890542,-0.06543841257190536,25,53.938824,647.3299,-7.0278144,-1.3450153407278898
3882,1482.7292065647987,999.4450664095347,0.4235730741794229,0.22031614,0.244962193125765,25,30.548054,356.5363,-6.3802595,-0.6999481769679451
3883,2009.6463813750056,1000.0063309328159,0.5354385043005079,-0.08294301,-0.037920941519582904,25,154.61676,1580.3268,-7.996867,-2.429955239868544
3884,1505.5217838511555,1001.0691235215119,0.4039906489222541,-0.1630619,-0.11566510396254237,25,126.35911,1478.3192,-7.924421,-2.2929375987463283
3885,772.6393282634193,1002.6054833703946,0.5083778823229184,-0.48288125,0.13040711845633204,25,393.0875,4590.9116,-9.154747,-3.3595520223894013
3886,866.2318253681169,1002.3208042344627,0.5842533281158876,-0.014080148,-0.06269743402622883,25,369.60025,3823.318,-8.9561,-3.2910079722800916
3887,941.6810399904293,1001.622414010865,0.41319352184531666,0.109426305,0.045358037280292446,25,466.18332,5512.2876,-9.35333,-3.66119894879144
3888,1393.352700259145,1002.1078529057465,0.4765635442808266,-0.10582336,0.08170665348088492,25,168.43663,1844.0758,-8.164447,-2.5305484643367455
3889,51.373552025263095,1002.3572172766028,0.42259464201870944,-0.5147207,-0.006097664292056306,25,109.61822,1329.1113,-7.8089037,-2.0802761844328317
3890,305.92690327094965,1003.242065683231,0.5340983903728981,-0.09684049,0.047008970351041984,25,33.0658,387.73352,-6.4713335,-0.6251786671414876
3891,371.42602597487854,1002.8790145208693,0.3842087336205729,-0.16321857,-0.12327303151490286,25,24.508488,295.29868,-6.175654,-0.48020373551061973
3892,984.4797421985907,1002.4719162653821,0.4892825961218847,-0.36167476,0.04018679871998489,25,111.728745,1308.0636,-7.791572,-1.9969828560406495
3893,225.40305600906865,1003.8061016730215,0.4887136242565978,0.30796757,-0.15490632775745083,25,26.183453,309.78983,-6.227668,-0.4692115496523752
3894,825.078294721047,1004.4712470769838,0.560659866884694,-0.09133744,0.022961912191327656,25,317.59485,3342.0256,-8.810024,-3.1494629549577846
3895,1731.5269573541761,1003.6620074959964,0.4834710851454128,0.16781606,-0.016361826790838564,25,481.48608,5271.0063,-9.304734,-3.697973575452533
3896,666.1492832452143,1005.432829453995,0.5428271331986333,-0.09993162,0.06345493386829094,25,263.7853,2835.844,-8.631705,-2.9589534698182884
3897,440.44181887892023,1005.7025306581603,0.4568333315026801,-0.17514923,-0.016405940062310772,25,142.59361,1648.3195,-8.0426035,-2.3251256825340154
3898,558.1500816181889,1006.4262896733682,0.5879350695793404,0.08671349,0.019320570863266318,25,200.88625,2068.2197,-8.288992,-2.6296244590113176
3899,117.03327721833669,1006.6358840946594,0.4462569319298568,0.07944435,0.04579306636334288,25,50.845734,606.1952,-6.9565315,-1.1740971837218683
3900,974.9892310717249,1007.4167750847631,0.5227484609576056,-0.114099845,0.05913531551836293,25,251.29305,2744.3726,-8.5961075,-2.923723780151763
3901,1001.4278933460245,1006.6882356441196,0.5123993741424754,-0.30404288,0.026533129549930923,25,99.44815,1143.0497,-7.645163,-1.8612472236635953
3902,146.32969518745904,1008.5871231073739,0.45782832662827244,-0.30677307,0.04249515891586508,25,48.588596,571.04645,-6.891679,-1.160419297420594
3903,215.57171937869418,1009.3546736492374,0.5265312966217667,-0.49039647,-0.08352322808392666,25,39.12766,455.38153,-6.645939,-0.842056551364912
3904,450.2836826293074,1008.6112309207496,0.40566953552636614,-0.18438007,0.05950982237411569,25,83.82287,1046.8722,-7.549734,-1.769797889396327
3905,587.0756378293651,1009.0366916876206,0.3949074249760035,-0.02374512,-0.08834841942858883,25,27.517204,345.6705,-6.346656,-0.5000057547934467
3906,536.700257959305,1009.3021686903113,0.3819065037432441,0.23192386,0.11297708103287613,25,31.678223,396.78925,-6.4964,-0.774290801427384
3907,1121.6080217037,1010.0128140695417,0.46799067217955076,-0.3739366,0.047082258760293504,25,45.564434,552.26624,-6.855371,-1.0442205226820391
3908,265.6733265509675,1010.9174346501106,0.47004257369929686,-0.12798944,-0.1508310699872747,25,15969.617,179423.52,-13.134699,-7.45183523318935
3909,943.9452330653111,1010.8731698990271,0.4758675469083429,0.038722944,0.1836128083655022,25,37.776653,423.78076,-6.567853,-0.8839355028681859
3910,1190.9959369290573,1011.6418967087167,0.44799810250325034,-0.3349316,0.1362001623237218,25,69.562836,966.9852,-7.4635496,-1.3698594758095983
3911,1844.542435941747,1011.2647602639499,0.4858104742912417,-0.32599205,0.003374431836919933,25,176.69998,1981.1838,-8.242312,-2.5533282905490298
3912,56.01699931733117,1013.3531645746338,0.5983129117455065,-0.06121919,-0.009457597003113036,25,115.95173,1147.0204,-7.6489277,-2.052027597431721
3913,132.75809072184944,1013.4714226891508,0.49512969426849324,0.29467076,-0.1645212688146111,25,184.72282,2245.8384,-8.378447,-2.5094234252948504
3914,315.818707241256,1012.9033171294406,0.45047309117284284,-0.1287069,-0.018007673311698922,25,69.735985,824.46216,-7.290427,-1.579045708575493
3915,43.74593097913379,1013.7603587503758,0.47513288450546826,0.03693365,-0.08033527745001788,25,352.41098,4001.3706,-9.005522,-3.2899827213912083
3916,183.84374222641847,1014.2932306338478,0.3000985689833385,-0.72601813,-0.02156907216472215,25,33.04974,521.67554,-6.7935014,-0.5898627454496703
3917,637.7761674763074,1015.8393468567593,0.5231440159365021,-0.19754928,-0.03024145172654925,25,16.84468,184.77208,-5.6665907,-0.011936186019915031
3918,29.504910432848053,1016.5365237762039,0.508511210729969,0.24234967,-0.10429809689518679,25,69.072495,795.6917,-7.2518625,-1.4793513123296163
3919,874.5959623982441,1016.5587973083503,0.358669304434829,-0.26241422,-0.06145273089348324,25,109.092865,1432.3906,-7.8901534,-2.071239472333858
3920,1336.3545807488827,1016.8583190250321,0.7128247642931747,0.013127806,0.07614466385243485,25,25.626545,213.25488,-5.8222475,-0.3936117583867287
3921,1368.2030639042002,1016.6172436357866,0.5001693946213657,-0.248865,0.13730777352725232,25,57.733196,637.9725,-7.012005,-1.314967378248375
3922,1582.0960676690117,1016.8577139265607,0.5008812826842762,-0.34866053,0.1122482790566547,25,43.43424,439.54398,-6.607506,-1.1147255965342657
3923,102.26666953863072,1018.0891545703049,0.5517193427282009,-0.16666935,-0.06052877769898303,25,101.41338,1015.5015,-7.516701,-1.957123261499634
3924,1275.6798683436068,1017.6021942505645,0.45257352255266864,0.13394478,0.06047754757871973,25,10105.282,117272.35,-12.672989,-6.955177714397836
3925,163.97329312915602,1020.4775453543568,0.5894455601868304,-0.2809796,-0.10243080630255794,25,19.831299,202.23628,-5.7646475,-0.1422828673053928
3926,652.7604513985843,1019.7372101627677,0.5234293901745818,-0.042400867,-0.039477260172235656,25,199.39703,2198.737,-8.355433,-2.648181753946398
3927,128.0020730119577,1021.139955095539,0.519294535044836,-0.19815575,-0.13042256988218628,25,697.7212,7138.567,-9.6340275,-4.0961315462062275
3928,479.70437671745435,1020.6901043166218,0.48970508847730765,0.0001037104,-0.06284961806684461,25,84.186615,964.00354,-7.4601965,-1.7227955900370349
3929,1319.9321744990045,1021.721173587557,0.4788741961069813,-0.03879821,0.03885910644536178,25,24.694916,274.03836,-6.094528,-0.4867565317776404
3930,703.1340449529652,1022.495983570555,0.5241603684099352,-0.30071858,0.2656944693687301,25,34.444427,367.23666,-6.412365,-0.7634095405217496
3931,1190.9549071166239,1023.5734729091373,0.5465670543488246,-0.12967281,0.13373180340179053,25,10316.647,109732.125,-12.600834,-6.939852641026226
3932,81.3262093974643,1023.9217264908481,0.4487967873384123,-0.356391,-0.24404770625794966,25,22.424911,256.24463,-6.021637,-0.2943327762972553
3933,623.9442848940898,1024.2749784746634,0.3696757412309664,0.19511254,0.01352935678637055,25,105.652794,1441.2263,-7.8968306,-1.9541745492081959
3934,678.3079172038682,1024.3354533736874,0.4855825609361962,0.15734893,0.08930532832531526,25,43.684345,520.8036,-6.7916846,-0.9794252712102096
3935,1108.5554774765972,1024.0169441093958,0.48729881833709787,-0.11112706,-0.07166765335311992,25,125.54647,1441.2567,-7.896853,-2.151382416516005
3936,151.4764726133496,1026.5572553486547,0.45825270270106744,-0.27371502,-0.02200393625906341,25,18.736626,207.93312,-5.794809,-0.22467594643546462
3937,351.22587263954716,1027.0798843550417,0.5668089310949032,-0.12518497,-0.03324915759733539,25,156.17766,1592.0721,-8.004907,-2.390618932712881
3938,777.5450148682783,1028.3532757666962,0.5478415194630123,-0.40127367,0.022671452474841435,25,179.42424,1983.2268,-8.243431,-2.5029383789561166
3939,1310.6773348211168,1027.918486425246,0.4383135626770365,-0.33565122,-0.06992434399698629,25,34.445484,424.0285,-6.568488,-0.7819267625127593
3940,177.37934068318887,1028.7364512502288,0.45806802018292453,-0.263809,-0.11275223368368667,25,141.88109,1604.1034,-8.013081,-2.37499540221168
3941,204.14665683918793,1028.8258146428102,0.48112901799842084,-0.28419244,-0.08335171979958783,25,134.88124,1451.2327,-7.9043427,-2.326091029050003
3942,587.0576865610763,1028.8414565608205,0.5281617573210837,0.005397288,0.056036688879535404,25,97.43707,1009.8479,-7.51064,-1.9473901524753858
3943,876.92212188431,1028.538667179912,0.43351499755352807,0.16881514,0.20059743033174016,25,136.89792,1634.1737,-8.033246,-2.294162939913306
3944,1006.0173419971844,1029.244982529196,0.5089941896331072,-0.3530847,-0.021159440291827675,25,35.213406,425.45993,-6.5721464,-0.7440258684037493
3945,755.8347360546408,1030.371573742697,0.4005350741346275,-0.047284763,0.11331530289782471,25,32.802578,401.9984,-6.510561,-0.7589954752623669
3946,452.9775546004679,1030.566231829243,0.4608710847504403,-0.09126613,0.07442142322453524,25,83.73453,969.7845,-7.466688,-1.7715502813571358
3947,95.53984287499622,1031.6448137135765,0.3873758157101826,-0.28698146,-0.08879714018713959,25,135.5105,1700.1888,-8.076242,-2.317653337196982
3948,267.0810421377431,1031.8631321154276,0.49352716742147973,0.4510871,0.1141979276187573,25,43.365532,561.24286,-6.872877,-0.8470654353911509
3949,377.5841024777788,1032.6051464681939,0.3761872157232293,0.075944535,0.009215294421240826,25,131.52377,1695.0593,-8.072962,-2.2364856881280337
3950,392.16641497510466,1032.4897559807287,0.4483462928801125,-0.290687,0.15457961025282665,25,115.813805,1462.9999,-7.9131107,-2.0294438221354123
3951,936.1757750842353,1033.1696101813889,0.44747516257602443,-0.14973809,0.1135311509213541,25,66.791534,790.16846,-7.244299,-1.506743379134554
3952,832.7910223210348,1033.817191903773,0.4156223390520065,0.023316657,0.03852665393294639,25,168.2945,2032.2047,-8.269918,-2.533074213669254
3953,982.9335354986173,1033.7727953974945,0.4872930598085228,0.10635198,0.1341955999624393,25,1078.6925,12029.685,-10.200635,-4.53184092425444
3954,362.2308512389747,1035.1926413904412,0.5493563415090654,0.008506387,-0.03617503167207408,25,84.10817,885.42896,-7.3678846,-1.7045709177774775
3955,610.0611563637306,1034.6211638632137,0.44043679228029464,-0.21476164,0.007312386053856189,25,24.09975,283.49854,-6.131377,-0.44262691428964573
3956,477.7742999001702,1036.0952637407956,0.4511342206935024,-0.28027853,0.10033655013669447,25,47.31587,580.5205,-6.909544,-1.0469981099733592
3957,1155.1794429711324,1036.565372768707,0.5453262591388333,-0.28925586,0.19691079710001755,25,30.77935,363.36844,-6.4008675,-0.542764964139534
3958,1049.608432190742,1036.605029376092,0.4684742061220733,0.18772663,0.030985641754056686,25,77.675514,914.43304,-7.4028797,-1.608738171953834
3959,1435.3687236092032,1036.8609007738423,0.513534818874503,-0.108373985,0.13304671819213795,25,56.014484,579.5924,-6.907807,-1.3395047903277932
3960,107.28794592135816,1037.7204390189106,0.5075297932185514,-0.48796767,-0.18085894950965126,25,82.55413,991.8845,-7.491153,-1.6569023145024846
3961,1337.7519770101467,1038.2129080244827,0.3007756616851186,0.23679717,0.39729874439508656,25,15.828856,182.2177,-5.6514764,-0.14836513644921018
3962,925.1376690516906,1039.1698649412883,0.4365371743545645,-0.19478089,0.0822387886813231,25,29.807686,361.66275,-6.3957596,-0.6039229178104655
3963,1131.1087393554296,1038.514622181167,0.45579282477716987,0.20939976,0.3535803901663454,25,22.339645,241.00955,-5.9550858,-0.45284129557015373
3964,420.13103872742556,1040.1762598384034,0.47910597804439997,-0.3193801,-0.16802540063835486,25,154.80806,1997.2792,-8.251097,-2.2758520404478184
3965,118.30615283497947,1041.810054331515,0.5039741582514525,0.036453217,0.40533527179752604,25,227.1192,3030.3435,-8.70373,-2.578945790591586
3966,859.942527996184,1042.2820345300502,0.4130488961944426,-0.1329182,-0.09478262986034694,25,35.15848,402.3759,-6.5115795,-0.9189803600825797
3967,652.5238981061217,1042.9563956733962,0.49542247731597105,0.033608995,-0.052317152492447824,25,71.29655,807.751,-7.268194,-1.519576450778846
3968,846.8664254324212,1043.236398911655,0.41220297723498067,-0.06493175,0.06938316541234253,25,50.565643,630.96796,-7.000018,-1.178465772668652
3969,185.3595788411572,1043.5684025221346,0.42968574902645584,0.033591636,0.1287331181028124,25,22.005688,264.35413,-6.055465,-0.3843552992292194
3970,211.49797890440135,1044.9717131820773,0.47761583565335597,-0.29771036,-0.15635556278248372,25,37.322254,411.84583,-6.5368366,-0.9429656680148513
3971,963.8756119320326,1044.9403126362172,0.4180692595869026,0.24859741,-0.1761756524106718,25,29.980396,335.3294,-6.313679,-0.7908862688764138
3972,1564.15058600021,1045.4007950199596,0.5056156819497069,0.20781487,0.04936875093456821,25,412.23645,4602.091,-9.157389,-3.4529312336575413
3973,1049.9071188854293,1046.4304516900193,0.45184500113145193,-0.2464813,0.09009446187476886,25,32.9443,378.51,-6.4451933,-0.8150843020737413
3974,66.02585924793698,1046.6488979016801,0.42133046337971125,-0.17653598,0.010430003383757908,25,234.8902,2704.541,-8.580235,-2.9445527572630215
3975,1400.0232564350836,1046.6340121057508,0.4875437713903732,0.046889447,0.27185095176437196,25,24.006763,249.9396,-5.9945874,-0.45776963276451377
3976,921.6728646019627,1048.051830933235,0.49811547971716325,-0.14393291,-0.03930951559980297,25,277.35822,3174.2505,-8.754103,-3.0092437772901413
3977,1090.5671293613352,1047.7378554412098,0.45078121823536443,0.051659666,-0.02529643835113312,25,159.7424,1862.373,-8.175167,-2.442324591646567
3978,1443.2483821816345,1049.8986161242342,0.5551251289779808,-0.23862438,0.04304708898817539,25,186.40475,1878.2372,-8.184376,-2.6264937866372167
3979,474.6002575050567,1052.4436980365106,0.5293255264084016,-0.005562782,-0.19520439621539795,25,582.4056,6458.3755,-9.525308,-3.806317141414185
3980,563.2344958947102,1051.4102887158904,0.4873957908901206,-0.18954769,0.10029921359271689,25,239.30614,2658.3398,-8.561526,-2.9067355899589127
3981,1786.7784344567144,1052.6623745314027,0.4880101955987351,-0.03254326,0.05461625040031336,25,49.96567,541.9051,-6.834808,-1.1951804689221972
3982,207.50809118560443,1054.107870386201,0.5585340966693764,-0.26598915,-0.23358014157208914,25,63.78539,689.2433,-7.095931,-1.3945227441180863
3983,352.9933443956488,1053.7308018948893,0.5499174712205035,0.23300387,0.29526012414052694,25,20.343662,211.84134,-5.8150268,-0.14980857732310926
3984,872.4236307871078,1054.27326160992,0.6577001375339873,-0.16551918,0.3062381481270587,25,22.657955,251.24652,-6.00025,-0.18027929754045968
3985,47.859612161056745,1054.32875070758,0.41233708400808716,0.17393745,0.015405426637082997,25,40.106686,486.4848,-6.717673,-1.0295874293015075
3986,727.4263370347479,1054.5251284612225,0.4058106230885689,-0.26679567,0.0017835345636457178,25,146.30655,1808.4028,-8.143238,-2.3716006652585047
3987,34.80215560077996,1055.4588119911223,0.41414360582791365,0.10284502,-0.07786437416900484,25,151.7225,1806.3204,-8.141987,-2.46134632160984
3988,180.70282378140033,1056.5460354291429,0.4608014212989212,-0.28666353,0.007307090134788184,25,179.0251,2080.8906,-8.295623,-2.5750158431650387
3989,363.86776256256735,1056.9570348996904,0.4582541782697822,-0.09827539,0.0577467581447427,25,43.725475,519.70245,-6.7893867,-1.026239319429056
3990,154.40147717987207,1057.9099456604074,0.3474265601920854,0.002574955,-0.21620342033743029,25,21.624138,288.89032,-6.1518326,-0.2911054539481544
3991,408.7351813790936,1059.0704535666234,0.4603437275132188,-0.27863276,-0.35242260873395176,25,39.530827,469.12793,-6.6782284,-0.903650060330699
3992,536.3556472233585,1059.653753435695,0.5274674571047471,0.086834334,0.1356170766145722,25,679.5876,8074.126,-9.767738,-3.8960947129308936
3993,1296.2671579277137,1059.0651170414026,0.5015990951937316,-0.18408531,0.03820128945529327,25,7354.6924,79575.11,-12.251944,-6.6174468409975615
3994,101.08934163979066,1059.9473165899406,0.4784496746444001,-0.17523436,-0.053379912619058154,25,210.47429,2335.7473,-8.421064,-2.754315962363739
3995,675.8758609030778,1060.1018108787534,0.45798738802845107,-0.24961187,-0.008994825409379585,25,82.22677,964.27026,-7.460497,-1.7030260077268589
3996,198.64283538993135,1061.084107757601,0.4440682421924047,-0.1964268,-0.10696132969860653,25,244.27377,2809.8643,-8.621714,-2.941365901415195
3997,996.9119739678757,1060.7215851410144,0.47292139253021725,-0.12326898,-0.04866270429944221,25,17.637745,179.18364,-5.6332455,-0.1849439460176469
3998,1040.160798982313,1061.9727513571913,0.41501048811478186,0.080883466,0.1827353293921867,25,41.405,489.0871,-6.7234654,-1.0431070368562831
3999,1262.161148014844,1062.372692439115,0.4491309536000955,-0.13366778,0.08092555963139178,25,31.194004,388.33466,-6.473016,-0.6407194541581875
4000,1601.852499174478,1061.5061880959538,0.5036984760200066,0.19999462,0.07850733265689461,25,52.907642,549.64325,-6.850202,-1.2905655612279532
4001,69.06380178113221,1063.3403578101686,0.4441672652798518,-0.0145357195,-0.0007554723997682277,25,63.014713,736.05383,-7.1672735,-1.456923339910784
4002,555.3056574811442,1063.0698673497952,0.5284347561783688,-0.105636954,-0.07412544778335435,25,341.22714,3744.0657,-8.933359,-3.221012684150193
4003,117.08123835460775,1063.634590684449,0.38561860887541577,-0.10802584,-0.005369708222225435,25,63.761974,775.56165,-7.2240405,-1.5352738987042764
4004,390.91463953706403,1063.998864117053,0.44306118483641693,0.06684354,0.058750105263268404,25,24.945911,286.4699,-6.1426973,-0.4702588735207572
4005,564.7353774400436,1064.8500998436411,0.46365976114297075,0.11452485,0.07124015281805175,25,61.79086,738.72723,-7.1712103,-1.3448635604570458
4006,653.0539512448721,1065.4727440543327,0.516199649277671,-0.20025744,0.07342225669771436,25,202.43124,2306.884,-8.407564,-2.6758729610050507
4007,181.3172749477598,1065.4403983086247,0.4578194425940092,-0.3225749,0.05587963276059314,25,60.227077,726.3933,-7.1529293,-1.3531245287010325
4008,975.5606508770941,1065.8373327848578,0.5198854378735536,-0.40275064,-0.3336237015147035,25,27.685642,296.16275,-6.1788263,-0.5508074501509004
4009,1072.1760390981494,1065.4086528806974,0.5030395680007917,-0.09761286,0.2698684416654389,25,181.51765,2250.0203,-8.380466,-2.4859645426042456
4010,817.3920208528167,1067.5319049471987,0.34859519718661536,-0.23041332,0.07172417637147156,25,88.3108,1155.6166,-7.6570344,-1.8467142853783922
4011,367.24476974938233,1070.5099434012461,0.46817809488930984,-0.43473884,0.09040026632335607,25,40.121464,517.50867,-6.7847943,-0.8535059785235956
4012,281.7536343974443,1070.6950434354985,0.4826949709409753,0.13287917,-0.0822712178762339,25,505.17334,5811.8228,-9.410781,-3.658985620824588
4013,630.2821172153286,1070.855879561047,0.3874730994060021,-0.5319287,0.39032411492268826,25,20.66904,258.87567,-6.032728,-0.30705468073270925
4014,583.6035624361697,1071.9175817301236,0.4591815751752933,0.05101629,0.09143978788820097,25,29.359577,352.5326,-6.367998,-0.5732493087541364
4015,244.843463198521,1073.2697310086992,0.477200644879742,-0.20800816,0.09920608760845864,25,38.605747,440.19873,-6.6091223,-0.9031772995425238
4016,726.2008545356193,1073.3524915429157,0.5026111163486391,0.12180726,0.0904758427702924,25,37.71715,441.5179,-6.6123705,-0.7862095743761431
4017,765.1303398368154,1073.9858533463746,0.4837092229449594,-0.062075235,-0.030807717133548417,25,214.06248,2331.6458,-8.419157,-2.8014936568265485
4018,2039.5891612239895,1073.9357444653433,0.43611386272396363,-0.1481532,-0.1155285307908627,25,16.86353,182.82945,-5.655115,-0.11524055951326397
4019,150.5749153062297,1075.5433806129738,0.49958898754153386,0.25195414,-0.0040994635089996205,25,165.6868,1938.6726,-8.218761,-2.408103482278247
4020,920.9601266895803,1074.7797147228923,0.40506409650906533,-0.24058978,0.09143987506896663,25,22.184692,255.68845,-6.0192776,-0.47200069441015263
4021,1365.1692121050485,1076.069972671804,0.526661919496917,0.15064326,0.44634340618397716,25,19.924164,217.13025,-5.8418007,-0.11862324126871616
4022,397.54887897378364,1076.594290624656,0.4773854730135319,-0.008704173,0.025288642261379595,25,54.295097,645.2128,-7.0242577,-1.2178495410536008
4023,1161.5441270800234,1076.6785435377878,0.4633017579215325,-0.47091547,-0.15328322193594246,25,91.85017,1148.3062,-7.650144,-1.7642178974933007
4024,1586.392266896535,1076.8251544554491,0.4996506691407376,-0.3229334,0.013505004945859416,25,376.94125,3997.294,-9.0044155,-3.4227087551369184
4025,212.23237799192302,1079.3593622291269,0.5443384118079857,-0.04171436,-0.10646589366282029,25,37.11603,409.4887,-6.530605,-0.7991404814678159
4026,1337.7952279685721,1078.927517574026,0.45229171822717096,0.20274466,0.2376853534021453,25,89.31922,909.80286,-7.397368,-1.9621560563420908
4027,294.32635802308494,1080.4226397042987,0.38139919352626234,0.23086195,-0.044249051127569765,25,48.013386,648.6516,-7.030029,-1.0897564265502189
4028,438.1980422887537,1080.2699746127587,0.42839061810368473,0.12613486,-0.05665601311721634,25,50.348114,610.3272,-6.963907,-1.2005618361542156
4029,614.7212595765542,1080.5707363683337,0.4529044450503965,0.2969122,0.0038996744321216394,25,29.460331,349.7299,-6.3593316,-0.6286627790584541
4030,1146.4241558545446,1079.485258695835,0.47582067675072565,0.24420501,-0.0421225438365677,25,44.282494,513.5451,-6.776447,-1.0393852507586119
4031,493.2480175208865,1081.0626536968966,0.4795459339526362,-0.277261,-0.14647565839834376,25,208.89813,2424.9912,-8.461775,-2.748087579466178
4032,192.03821092593165,1082.4349744799922,0.5806402863106844,-0.052699648,0.15964866388980833,25,121.65658,1347.0406,-7.823452,-2.0394462394091257
4033,310.664154286662,1082.3824587411527,0.4288703925508135,-0.30436885,-0.007419971201058445,25,133.46361,1591.3804,-8.004436,-2.254402082433746
4034,623.877574649276,1082.1852471467387,0.3650130405940028,0.23087049,0.17568656688764397,25,30.56575,395.4951,-6.4928527,-0.682709470000751
4035,82.61317152808522,1083.4187589893832,0.4878447653876346,-0.34543726,-0.11456664795977906,25,166.17055,1885.6339,-8.188643,-2.473944989795246
4036,431.2770368713686,1082.8322139678694,0.45261774308336467,-0.23194067,-0.16008941175437522,25,30.54272,369.41995,-6.418801,-0.5632580577146994
4037,1212.990074472622,1082.8217461308645,0.3529646245677235,0.288858,0.22221364902168392,25,19.201366,226.38795,-5.8871336,-0.38899608369304406
4038,1356.7057780533191,1082.588303130175,0.42023792346610644,0.16968116,0.1405215759786991,25,134.226,1582.894,-7.9986296,-2.287199827282354
4039,143.24331069648773,1084.3595924418823,0.2693242449614071,0.13379823,0.18526021352295455,25,18.897163,265.94397,-6.0619755,-0.3102922218793492
4040,553.5193530499399,1083.934749776244,0.5016190553121529,-0.21888994,-0.16839867124413127,25,53.721897,632.7702,-7.0031147,-1.1654712722973373
4041,1661.6576941731398,1083.7629966209406,0.46391462834003255,0.27012196,0.0897917699676962,25,60.195095,701.6535,-7.115307,-1.362353469737927
4042,1982.3353185743372,1084.719648650114,0.467339325913007,0.23327304,0.07997640974563447,25,59.052433,695.043,-7.105029,-1.352010678682174
4043,182.8922377550801,1085.046199750507,0.47474767310952787,-0.18035994,-0.03348907879383532,25,349.13077,3832.0767,-8.958586,-3.339447132454164
4044,673.1583938112756,1085.123222710394,0.4717572018738921,-0.1892997,-0.0724691531544778,25,42.21162,484.99603,-6.714345,-0.9615391174606571
4045,560.5525548835649,1085.4715021598695,0.4329771587723814,0.3133307,0.0528328033875522,25,92.59893,1181.7076,-7.681275,-1.7881067819212428
4046,767.9591198135172,1086.2017907474735,0.5894471355834141,-0.20046136,0.07123312184297978,25,111.09432,1126.3503,-7.629184,-1.9985373025152287
4047,259.275751262562,1087.3018302505934,0.5395974960163084,-0.09099798,-0.17101083248574928,25,2028.5513,21013.756,-10.806259,-5.2107466398121
4048,938.5261506170789,1087.893894664112,0.44243054327920656,-0.0036687362,-0.1989629898728552,25,231.39659,2647.735,-8.557186,-2.90566190841656
4049,300.51375608839186,1088.9661666973639,0.49012261083987013,-0.04111908,-0.1040409191224594,25,76.798355,867.87024,-7.346137,-1.6255658363070427
4050,1042.6481344659426,1089.6931220579888,0.48935764359021183,0.24015912,-0.052559164775126004,25,62.128796,753.09106,-7.1921186,-1.308183746245183
4051,155.98315387354052,1090.4686700773323,0.4786503854039959,-0.053124506,-0.04015263328856871,25,87.26538,992.9535,-7.4923224,-1.8007981502796844
4052,201.76311450760053,1091.5260804177924,0.5416421733957841,-0.26329178,-0.04680660183012227,25,630.3632,6730.083,-9.570051,-3.9047936853077347
4053,335.7139930528103,1091.3236589028902,0.5031332288277465,-0.32591963,-0.1711304397916842,25,395.3953,4363.3057,-9.099539,-3.4194464377831317
4054,906.8053364253391,1090.1746366433667,0.43898893441193276,0.30949032,0.2641414441911312,25,64.038704,778.80676,-7.2285743,-1.4671202111934942
4055,375.64929603657436,1092.177908589354,0.4757877992554477,-0.18885139,-0.021273237608936423,25,52.987755,644.8353,-7.0236216,-1.135992414865852
4056,685.4742318864606,1092.919836780686,0.4748103472544256,0.22189705,0.34831916279479114,25,17.704086,204.85443,-5.7786136,-0.13041287520827397
4057,192.53887628144642,1094.1514115022196,0.4655100606078909,0.5777047,-0.029502994848606835,25,28.581547,410.61032,-6.5335746,-0.385467822863643
4058,238.65189479344812,1094.1018499337574,0.4505655976043497,-0.3445197,-0.09990232846547313,25,55.880497,630.1071,-6.998536,-1.3401384390422275
4059,546.148995174755,1094.5172049636378,0.37842104816212124,-0.21735737,0.08911116700822877,25,38.348236,510.28442,-6.769531,-0.8476283846817005
4060,951.393013175568,1094.9165784824434,0.3899093336553369,-0.10775833,-0.010121780823247306,25,87.49653,1102.0227,-7.6054764,-1.818350576809449
4061,1465.2688421725359,1096.542408340018,0.502968695662898,-0.17364499,0.12666966899314763,25,86.824196,925.55817,-7.4160094,-1.8126942249880906
4062,75.25019400452967,1098.9492333918847,0.4410972104610395,-0.14420879,-0.06903949244263545,25,100.329025,1136.7856,-7.6391964,-2.0144463453953754
4063,181.87621997625158,1099.49308891662,0.42312180464626825,-0.15411972,0.053276894796852076,25,64.89678,796.83344,-7.253419,-1.4692118710542728
4064,894.4281669262627,1098.7012863035025,0.44425068733705186,-0.28834537,-0.044069406558486776,25,286.8403,3350.5046,-8.812776,-3.11776375647593
4065,1.9024311268985483,1099.7289045511545,0.45192789651512755,-0.08857836,0.0527520147562291,25,45.537537,520.5875,-6.7912345,-1.1262828950093973
4066,637.9770727140954,1100.25618717673,0.419347520467458,-0.34138027,-0.029044362665774547,25,39.324627,464.99036,-6.66861,-0.9883528056938069
4067,1304.9144106229212,1100.1178437758788,0.32752484123962317,-0.16221385,0.14877510364879998,25,33.76636,415.57315,-6.546619,-0.9267752714715123
4068,1314.1992701558288,1100.4862575440623,0.4949378000735607,0.22528234,0.2346609102460211,25,61.4779,691.54443,-7.0995502,-1.3809101784906763
4069,47.61002590196195,1101.5434619492278,0.6843957575494897,-0.41220668,0.25280564729812594,25,25.976871,284.3446,-6.1346126,-0.3268819961030016
4070,364.9881976586711,1101.2070288753334,0.5018276162326113,-0.2271006,0.004040546416882957,25,240.86086,2620.9822,-8.546161,-2.9033359355023505
4071,1502.7309097760183,1101.3507510955026,0.5271561713908063,-0.26458248,0.1198843408155931,25,43.059563,455.24487,-6.6456127,-0.995160007471585
4072,746.8547144084739,1101.6436243470393,0.29119123958184734,-0.20068905,-0.035146598971885254,25,20.938812,295.5642,-6.1766295,-0.34236969681570584
4073,489.71908438832224,1102.8302430953502,0.45017423880619334,-0.049899865,0.06130901382230613,25,3710.0093,46714.164,-11.673621,-5.804338707887052
4074,425.20156590448084,1104.2586679403623,0.37238012752163496,0.02585916,0.01653220763508078,25,45.71455,595.6779,-6.9375286,-1.0759924852834404
4075,533.9986117952351,1104.3794646566043,0.45510238969065386,0.09190696,0.08664081631002056,25,57.580433,727.65204,-7.154809,-1.2610416285374724
4076,398.62213754236467,1105.2432922845928,0.48097244007806395,-0.19640833,-0.1651495464301787,25,55.763287,786.4752,-7.2392125,-1.0526343728266556
4077,1193.5033235807534,1105.239309612374,0.40380012402979815,0.025600653,0.001779164625135479,25,84.128395,1012.10016,-7.5130587,-1.8390174125386702
4078,103.64556533375517,1105.9483960475134,0.49216714240485226,-0.26794162,-0.15679135801696456,25,206.74768,2300.749,-8.404674,-2.733562872053405
4079,1091.3607948348094,1106.345419553087,0.4008670270865573,-0.068416126,0.07059022131762796,25,21.040794,262.89035,-6.0494366,-0.29123084961562085
4080,387.6925546071153,1107.2872168848019,0.5214462488536875,-0.298924,-0.10980576069411503,25,6039.677,66738.02,-12.060933,-6.3398626410118055
4081,1791.7861202477552,1106.5397837622593,0.5038014423547218,0.2691074,0.263789392698016,25,29.794964,292.70148,-6.1660624,-0.790649649317777
4082,2025.9586344742843,1106.8471328444723,0.5440843451067439,0.0037141053,-0.04644154468833364,25,668.9976,6852.8916,-9.5896845,-4.016147079795294
4083,189.2671220456797,1107.6567047259816,0.5293444465971279,-0.5544181,-0.10496860126880209,25,27.737461,313.02908,-6.2389617,-0.4654329080102968
4084,525.1433101030514,1110.2901299295186,0.5585427265678508,-0.18721649,-0.08623718472839115,25,1169.0048,12110.298,-10.207887,-4.5886959368492795
4085,0.22670768067982483,1110.6731046144266,0.25852649108620357,0.5994352,0.4154829784456943,25,16.729343,194.12619,-5.72021,-0.49727121715720213
4086,80.53977256754673,1110.342390499343,0.3457729317432921,0.019833291,-0.013756706598700647,25,35.562634,494.48038,-6.7353725,-0.8776340850741466
4087,237.6455682321178,1111.1414387512273,0.487517027930521,-0.2128883,-0.008199646957526128,25,99.5327,1097.6443,-7.601154,-1.9516021465693998
4088,299.47162484398956,1110.6254399796553,0.4677681132781272,-0.34851798,-0.05620467564717967,25,308.13455,3630.7695,-8.899997,-3.1255735964057534
4089,829.1354766600341,1110.5207678418742,0.4418558995459429,-0.42820865,-0.010441507927760097,25,25.464706,320.35648,-6.264084,-0.42529134377329714
4090,1860.7292347922012,1110.723247419556,0.45584429400007015,0.22449253,0.03274551970764267,25,50.788292,565.39496,-6.88088,-1.2737309006550412
4091,490.8733056525082,1111.595298009893,0.45887705529044415,0.007640356,0.011800187600474863,25,61924.05,715007.9,-14.635777,-8.923385099799395
4092,725.2608422404481,1113.327720198391,0.5084479980433166,-0.24062645,-0.0023266599238829853,25,61.24069,732.3072,-7.1617336,-1.2935119167587144
4093,68.32159932764166,1114.1820868467948,0.47263545831242226,-0.07190075,-0.07584403539947486,25,59.838505,668.53546,-7.0628114,-1.3896304405030537
4094,261.2920357533306,1113.5505754172164,0.460252081350726,-0.037351985,-0.01902225628622484,25,30.969208,374.39743,-6.433332,-0.6139956024446857
4095,503.05339906363463,1113.7157386318477,0.3448627906373147,-0.5942918,-0.39425269922921385,25,90.92795,1760.3545,-8.114,-1.1837229204860389
4096,752.5223513330592,1114.2948875043141,0.4578525815476443,0.07268668,-0.01821569098171715,25,269.32663,3278.5208,-8.789195,-2.952531503717219
4097,91.52386040097265,1114.5847561554654,0.4518331508833872,0.06671071,-0.07134985615426472,25,232.16066,2695.561,-8.576623,-2.8784637330467233
4098,674.5384610398995,1115.1053201107688,0.2481754648823551,-0.24975063,-0.0837839589622589,25,26.560978,389.15396,-6.4753036,-0.5968429780988936
4099,1015.8404002892399,1114.9237271271968,0.4823046512665208,-0.08643674,0.052660509978019125,25,134.63805,1521.3446,-7.9555693,-2.2524028977338557
4100,1396.5270946263822,1114.4694386691476,0.38778424880596707,0.39264095,0.1443664595200161,25,18.6007,229.69328,-5.902871,-0.2594747480300377
4101,1436.068819386517,1114.82209471342,0.49137897700470773,-0.31885096,0.06879800870230379,25,32.37197,375.321,-6.436007,-0.6624533554610434
4102,271.4162338813197,1115.7780694233506,0.4395821942803448,-0.0657198,-0.22872232763088024,25,39.163532,502.89706,-6.7536974,-0.8163808791454716
4103,27.15927153845977,1116.820782663414,0.42221804681962727,-0.3921958,-0.10243571654945006,25,78.38795,943.99976,-7.4374294,-1.7138146150543911
4104,1130.5677305965833,1117.3671141373181,0.5346246276385841,0.05543402,-0.032667164727392915,25,97.48229,1092.9424,-7.5964932,-1.825941055461967
4105,1208.1057976607879,1117.545422300924,0.49142192208598956,0.49254993,0.5000728092857609,25,18.1078,202.28403,-5.764904,-0.09717999753186735
4106,379.97630856824424,1119.5804966650655,0.4794745815472321,-0.02905377,0.16426383505443845,25,84.18383,1015.0046,-7.51617,-1.6994503183872312
4107,8.880565596918553,1119.758668993006,0.473421958426487,0.09547364,-0.0041230858669287045,25,75.68368,871.0398,-7.350095,-1.6187673422493063
4108,44.536280433457755,1120.1904390575955,0.43935675014957065,-0.45390078,-0.2525076822441956,25,49.700615,577.3276,-6.903556,-1.2166481617836422
4109,369.15292616682257,1120.805248306086,0.42039568017723217,0.15228295,0.3472047749988428,25,36.851097,458.6286,-6.6536527,-0.8916953418808891
4110,427.957996632527,1120.6696092054417,0.49112572485447803,-0.20955704,0.08028149607362749,25,48.279625,539.8596,-6.830702,-1.1587894065403792
4111,1356.2764148024478,1121.4956362735777,0.5219440332789175,-0.12034938,0.13774312736557195,25,24.057213,270.96262,-6.0822735,-0.3576242914968711
4112,149.29195804165792,1122.5112028414082,0.5640469285881144,0.25040504,-0.030365191410799245,25,468.38745,5110.907,-9.271245,-3.519110199299285
4113,335.7983280727456,1123.1397204760324,0.3904551155256114,-0.052926194,-0.01108276256225148,25,18.583649,215.1481,-5.8318434,-0.21646896398822307
4114,782.886671682862,1123.4155371290237,0.4327073920185382,-0.12833908,-0.013214094824564706,25,88.10761,1137.2882,-7.639676,-1.7410214242576156
4115,302.2527843264715,1124.1092478180863,0.5431349201127537,-0.4535696,0.17386253139567237,25,87.8467,1024.4652,-7.526243,-1.6826492170218164
4116,1513.3448732855768,1125.111318700044,0.48373612079012257,-0.0006238773,-0.04621542193604565,25,69.17908,750.9415,-7.1890154,-1.5750054689282065
4117,256.0106047134376,1125.5723789544427,0.5608232827563466,-0.05994657,0.045337453128666785,25,43.66686,448.6389,-6.6297426,-1.0194758388550418
4118,1239.3212433421331,1125.8833793752567,0.396062658887057,-0.37749213,-0.10804718738498231,25,33.87315,404.97427,-6.5185685,-0.8826589423571441
4119,1285.0093790794645,1125.8618416591437,0.5297008862435831,-0.26394966,0.030338436527531865,25,323.20248,3245.159,-8.77809,-3.2700767800524084
4120,266.8662242179839,1127.5795922840919,0.5127465889680941,-0.10261811,0.06795588806293393,25,271.11694,3047.966,-8.710026,-2.9795329555361425
4121,767.9863002206877,1126.3887066034465,0.4577289882783316,0.04436158,0.11669588713639825,25,29.07994,350.12775,-6.3605666,-0.607399773238778
4122,345.8252636176819,1127.819013235154,0.49596615601255206,-0.07563715,-0.010874428122081812,25,149.39044,1661.5927,-8.0513115,-2.3498091552120255
4123,439.5802240961284,1129.0922509837596,0.5629344992481937,-0.098060526,0.1306096875463463,25,24.62468,254.41393,-6.013852,-0.408534492919163
4124,840.5413467384839,1129.9716392141984,0.4609493038421131,-0.19555117,-0.22656836450941295,25,30.162357,394.36246,-6.489739,-0.54745412855109
4125,77.4131145165303,1132.1434244069542,0.4878276236784225,-0.07876184,-0.12141585062081649,25,75.541466,872.7662,-7.352245,-1.5816103776618584
4126,524.1644062197302,1131.6579363863282,0.5840786579898936,-0.09364886,0.11161179732435293,25,130.24153,1395.0419,-7.8614683,-2.112104819068209
4127,164.0978833639692,1133.6202735575423,0.48787879862364125,0.025058912,0.07796580668401756,25,119.383156,1417.5442,-7.878842,-2.0894623226598736
4128,666.8843944151727,1133.6617183748065,0.505274884156114,-0.17912892,0.11702158255328349,25,2998.0881,34316.19,-11.338748,-5.601352535223613
4129,407.0710246273555,1134.2958480488142,0.45298574676179526,-0.086565495,-0.06887551610995868,25,40.315582,463.6838,-6.6655545,-0.9746262106392688
4130,1447.84825008973,1133.8409965631122,0.49807476875107126,0.065822884,0.1335346081109501,25,53.8886,564.36835,-6.8789062,-1.3179177166488025
4131,871.156540781575,1135.1062164252753,0.5003801417514661,0.06541944,0.11147317282951581,25,53.150818,598.6285,-6.942893,-1.2088056421390965
4132,25.56659120978536,1135.958628822498,0.4553417785919938,-0.036715046,-0.005618048488544765,25,52.413242,624.23,-6.9883614,-1.229733362296548
4133,422.7656115375583,1136.4050816061003,0.5231485031970396,-0.2320014,0.003079372025573582,25,25.624004,286.511,-6.1428537,-0.40367282561065915
4134,1936.3949491226626,1136.0080517113556,0.5363856370252644,-0.024973283,-0.052440410106503944,25,37.039906,379.2811,-6.447403,-0.9019748650534675
4135,807.29132143901,1137.0470156875576,0.33500173275676887,-0.11478038,0.05070940359755709,25,57.96665,760.70483,-7.20304,-1.4232089302837578
4136,849.6622103737833,1137.5525152775806,0.5004679638902547,-0.43404225,0.005327210867381069,25,806.9638,9029.136,-9.889115,-4.212307128052783
4137,103.21012036708537,1137.9878825224935,0.5166245630945345,-0.25739485,-0.03621205128675142,25,47.21585,519.4335,-6.788825,-1.053019752510195
4138,199.5768819245264,1138.3471968862764,0.565669692815944,0.24544933,-0.03197014451678264,25,26.237103,281.5172,-6.123762,-0.43038201026647194
4139,632.5298262452853,1138.301232860722,0.5211887266359845,-0.3292781,-0.10089015488899174,25,207.89877,2298.3396,-8.403536,-2.6979857452809823
4140,735.266040921785,1137.5869698399579,0.4794968528239501,0.15817015,0.0928879137641048,25,95.5953,1195.3262,-7.693716,-1.7666075039272071
4141,1069.0428850180801,1137.7969372276023,0.4593144982027281,-0.03654776,0.02965457340117389,25,149.59164,1664.0238,-8.052898,-2.427377420176204
4142,182.54707694349585,1140.3680086767345,0.5062413015230411,-0.24379988,-0.09147226999192336,25,57.324192,662.8867,-7.0535984,-1.2770018354144075
4143,225.54084146287326,1140.7408062769452,0.5097372159272856,-0.0351384,-0.07031758901190345,25,61.4071,672.75134,-7.0696363,-1.3871968581302712
4144,984.9587188197002,1141.0739782135115,0.5331070692114794,0.1299422,0.10702236849225351,25,44.572193,463.53732,-6.6652117,-1.0187830646814868
4145,155.15142209740048,1141.8997705442127,0.5248896624137472,-0.26888368,-0.15951338593142936,25,3908.454,41302.754,-11.5399475,-5.909093612336446
4146,1368.669646643222,1141.6115087822286,0.5059174582246335,0.12191213,0.15492778087838524,25,36.03573,397.32056,-6.497853,-0.7923576856995878
4147,19.431277812437948,1143.5699490962422,0.5116711903249348,0.12965089,-0.05822334149821214,25,49.1932,574.252,-6.8977566,-1.0667411827392184
4148,1030.192772361794,1143.0770321260306,0.5431471502672162,-0.0640283,0.0067225992645006645,25,121.06544,1237.6917,-7.731531,-2.1686928642332632
4149,841.4060302692704,1144.2391005114673,0.488118487112246,-0.052513395,-0.05006397103200159,25,210.53261,2417.4668,-8.458402,-2.7139774432979378
4150,142.64342965925965,1144.989766332494,0.4194784197214312,-0.15230514,-0.028570761928500363,25,25.60918,335.7387,-6.3150034,-0.42528623622707373
4151,339.56158022785536,1145.4318305687325,0.43055137776134467,0.22136149,-0.09624917321775782,25,89.941376,1144.7783,-7.6468034,-1.7779834559242462
4152,722.7649191934308,1145.4433925514722,0.42424226206850985,-0.17992419,0.11459067113509482,25,102.529106,1270.9834,-7.7603493,-1.9607109345862848
4153,819.5151815560155,1144.7653584287227,0.48895116460827365,0.062241655,-0.03238862275932043,25,132.70963,1521.308,-7.9555426,-2.221286255432445
4154,1708.042681002894,1145.0295917595363,0.44181319330087987,-0.22175343,0.2724532358630306,25,20.274261,214.20015,-5.8270497,-0.3518838217042553
4155,94.91681383363952,1145.7276874913284,0.4355126793830167,-0.20621295,-0.10758453928727074,25,23.671005,267.57513,-6.068614,-0.39715236588918457
4156,10.302483812254675,1146.4823336100853,0.5462296922191091,-0.373662,0.02586535723261845,25,32.075226,336.3469,-6.316969,-0.6954226501900534
4157,1584.306646199733,1146.4158375171069,0.5023057064182006,-0.20766741,0.11662351341443628,25,188.31404,2033.3691,-8.270541,-2.6601542888089296
4158,510.8992426704997,1147.4819483760728,0.49681369038158274,-0.10632144,0.0985753878767358,25,72.901375,866.9007,-7.3449235,-1.5093197564684577
4159,602.9123042068738,1148.0552612025758,0.5273806065723802,-0.35724658,-0.5550851768092349,25,18.753479,214.32549,-5.8276844,-0.1118326429149903
4160,1302.6584729054127,1148.729470628528,0.5457470811880174,0.5692041,0.07086729581214479,25,392.67114,4798.379,-9.202737,-3.282378852843637
4161,39.78323389158771,1149.5467225337075,0.4687348750121512,0.10460817,-0.014363007463222154,25,1942.6924,22369.574,-10.874144,-5.149988595653305
4162,1619.9121416507633,1151.133441327502,0.48674619756096965,-0.23083192,0.02926550011735776,25,420.51254,4316.2305,-9.087762,-3.594908341848541
4163,1199.9088499330196,1151.7430268556043,0.44737321934632873,-0.044987384,0.04355099234552263,25,155.45915,1713.8257,-8.084916,-2.495829306688257
4164,1276.8742793357437,1151.9575694479206,0.4441665087979612,-0.043735348,0.08395859628793384,25,164.50818,1920.8123,-8.208713,-2.4919833908750317
4165,184.6832302282311,1152.6191336043646,0.3622330597860487,-0.09580048,0.020389302111236216,25,24.845695,314.6024,-6.244405,-0.5361636088974084
4166,495.08697865795904,1152.6066882304642,0.4176154247764106,-0.0450477,-0.002971254092710603,25,186.75212,2275.582,-8.392731,-2.627023177114304
4167,2019.81704265476,1154.276168979783,0.6240647410330964,-0.058100857,0.10325802279894056,25,27.365887,261.39563,-6.043246,-0.39396532742593626
4168,511.79201947888,1155.634772135528,0.45021088195546727,-0.17242783,0.03302102793679826,25,46.25284,560.6663,-6.8717613,-1.07742494111716
4169,1382.325499688367,1155.8024488756785,0.4417966091288929,0.0068987245,-0.012611937092653748,25,36.61728,417.4027,-6.551388,-0.9332313695657968
4170,2046.043894156028,1156.3746876978587,0.386603086167322,0.5210621,0.46600685461952224,25,68.23354,689.4651,-7.0962806,-1.754208396832648
4171,30.999209162515854,1157.2547292504405,0.5447070982750835,-0.20891589,-0.03338963677124649,25,86.70114,993.7007,-7.493139,-1.6310730312554036
4172,206.62992583283074,1157.3805604182403,0.4434159266955459,-0.3780537,-0.06189902864593089,25,245.94484,2859.681,-8.640794,-2.947495475914987
4173,242.65445251551634,1157.259659098201,0.5733614067957117,0.17126982,-0.1177414565461211,25,33.967316,348.59833,-6.355813,-0.7605961374113419
4174,411.91430067389666,1156.6423386929453,0.531402192585264,-0.06628884,-0.0861391116478297,25,51.591087,558.0499,-6.866683,-1.1965488687408234
4175,1935.7213329387791,1156.5001277707258,0.503895201663257,0.07802649,0.13549423319494597,25,89.66167,962.2583,-7.458229,-1.8248973303819394
4176,41.718463668280705,1160.0980613905424,0.6129377884398509,-0.19241737,0.05397335032150575,25,24.72247,316.73654,-6.251745,-0.10558380739989416
4177,611.3305021902282,1160.287960107873,0.544481956434834,0.16852598,-0.23366486077542947,25,21.133232,220.97841,-5.8608747,-0.23752675581744992
4178,1827.902633727486,1160.3130365667187,0.4983867623735318,-0.13997942,0.10908926822038614,25,103.295074,1093.7408,-7.597286,-2.02126381143515
4179,828.2944947550899,1160.88759356035,0.475705146646486,-0.19965546,-0.017058655561469776,25,72.3926,849.6345,-7.32308,-1.5596458672479923
4180,365.165797943951,1162.218153939628,0.4943731128228635,-0.12806901,-0.028638531564707727,25,162.86992,1837.8702,-8.160788,-2.4437610488270773
4181,848.3247134537227,1161.5742496367939,0.48282401807332564,-0.190056,0.08101766528399214,25,95.46572,1111.2767,-7.6145554,-1.8627142672122685
4182,156.38052563609867,1162.5890190822595,0.45716373723270676,-0.30709377,0.03324063818919483,25,70.90014,837.8501,-7.3079157,-1.554591362535798
4183,349.6117065382247,1163.3371530511088,0.3318907197782215,-0.37587532,0.01636634475778108,25,31.0528,420.2349,-6.55873,-0.7215870716819881
4184,456.20730628124676,1162.5042394424656,0.6033813780269932,0.3681343,0.0390076452791395,25,25.256218,295.09668,-6.1749105,-0.30596657497686564
4185,778.202224907027,1162.4586960432796,0.4580380580445625,-0.11322127,0.10694376265775564,25,184.26259,2127.3193,-8.319582,-2.622344326131743
4186,804.7418637609095,1162.9934797218941,0.48431586128331194,-0.13601995,-0.02843330733658968,25,87.05516,1024.5991,-7.5263853,-1.7388675120553942
4187,941.3043267226618,1163.416780635972,0.5394454726263802,0.08447365,0.007520697084280184,25,104.05499,1126.0354,-7.62888,-1.925262769161715
4188,887.7220105641327,1164.5188051731952,0.49292775956027185,-0.18508752,0.09926000066681229,25,18.29454,200.4611,-5.7550755,-0.10923882104539659
4189,1021.6409602076826,1163.7184026461182,0.44926780808616557,-0.046634365,0.08991287350667095,25,61.334232,686.7924,-7.0920634,-1.464638529217725
4190,432.48396457605196,1164.64046380403,0.45171772086501866,0.14965518,-0.0360638682209507,25,40.371376,472.28915,-6.6855197,-0.9855931966946186
4191,1601.9199431851957,1165.8321760571953,0.4210658931324354,-0.4851126,0.1777100511625801,25,16.733974,187.94545,-5.6850796,-0.03987725674343094
4192,812.4403988611934,1166.3259449456268,0.551349402568077,0.27648178,-0.021556332784562097,25,55.410755,632.05676,-7.00189,-1.1963471815121425
4193,1155.0911296715283,1167.0642396237208,0.47389140970063437,-0.33602905,0.049595870380030216,25,87.73977,971.6452,-7.4687696,-1.8242719098635738
4194,1362.4236913027903,1167.4544564550467,0.5344825991476725,0.10512322,0.07060069807339636,25,597.46173,6415.6753,-9.518106,-3.8484121735479433
4195,574.3306038290503,1167.6095129442267,0.4688703345165107,-0.1407427,0.04325291976664034,25,48.44978,573.29846,-6.895952,-1.0922962035220163
4196,673.2489447115859,1167.696611474216,0.45279587563300394,-0.08452759,0.031195100018695635,25,75.25435,874.3839,-7.354255,-1.6468040825405295
4197,761.5303758201486,1167.4651767347311,0.4701633352077131,0.29418573,0.062306181550549566,25,59.96999,732.2301,-7.161619,-1.295151137877002
4198,162.3074305563447,1170.5828281689608,0.5316722329474025,-0.09712929,0.057731663856989635,25,88.98796,997.8968,-7.497714,-1.7656252606704015
4199,329.81389948141,1169.3441609870836,0.46830498257266817,-0.029775746,0.006849904724098231,25,32.857086,375.7829,-6.4373426,-0.7831418207735061
4200,343.53514040105347,1169.5621690257237,0.34438127996886975,-0.31094256,-0.07472723865178756,25,54.666416,713.42566,-7.133372,-1.3778270842294127
4201,848.2561212961326,1170.5246324263608,0.4783146300434578,0.04778408,0.0015400523112924958,25,55.104855,669.0165,-7.063592,-1.218332710340082
4202,182.15428228425998,1171.3098317835197,0.5688375288829984,-0.09266365,-0.022340783082336762,25,67.31665,725.7406,-7.1519537,-1.4050779243422715
4203,214.8814247680864,1171.3577882495483,0.4709294695268801,-0.35507634,-0.03774310070784957,25,129.70699,1464.2362,-7.914028,-2.227253478089139
4204,825.220339631654,1172.5598067553292,0.40566952040534304,0.0703423,0.17950081663500037,25,21.564487,284.6594,-6.1358137,-0.1864590831984807
4205,517.9237614531365,1173.3208563787434,0.3902012762332879,-0.34352896,-0.07441132581075154,25,36.906097,471.764,-6.6843123,-0.8528940078155165
4206,51.21402249531581,1173.7640234831074,0.46666298313195403,-0.14562608,-0.04620032963219642,25,81.653725,971.9703,-7.4691324,-1.6518515488099372
4207,370.71168933637847,1174.0507217799109,0.5465413253898377,-0.28202626,-0.11391695186044917,25,21.58728,215.63924,-5.8343196,-0.33416638156927464
4208,1316.000142884277,1173.3821454649049,0.5369330838206978,0.08928039,0.2114844764273242,25,77.447716,813.37036,-7.2757206,-1.6630681434051113
4209,407.29757896614876,1174.735542662594,0.5829483548139401,-0.19291574,-0.04173923435264534,25,28.118351,298.6065,-6.1877484,-0.47711712130898537
4210,730.2250940496932,1174.7295418395615,0.5123907079497576,-0.026778521,0.17309285910185543,25,18.47047,198.04279,-5.7418976,-0.1768772225402785
4211,396.9053878961298,1176.4825910914037,0.33180890359740345,0.061455224,-0.019312319866144727,25,29.283085,394.31732,-6.489615,-0.6520363831098641
4212,134.48555544005615,1177.5474759997787,0.4517369955512008,0.25380483,-0.0002988917424863757,25,97.65184,1165.7047,-7.6664715,-1.8961630853731721
4213,194.93538680770328,1177.9488524803016,0.49332973443420797,-0.022490188,-0.2136980608894031,25,32.243687,346.57468,-6.349492,-0.7724991394040427
4214,317.8302075675143,1177.9834177519613,0.514029643388889,-0.34234902,-0.09210237499037434,25,103.998024,1130.5472,-7.6332216,-1.9798564305406627
4215,1720.6567614547428,1178.4175600351812,0.48361387073233875,0.20794262,0.050080433571935354,25,664.4003,7529.1797,-9.691869,-4.002173906071479
4216,121.50693867723032,1179.987704244488,0.544637620995723,-0.28789246,-0.24681451558933404,25,301.61823,3220.7563,-8.769895,-3.0988161781193457
4217,460.76195357186793,1180.1910716402883,0.38585886544558046,-0.24310534,0.1362405119370908,25,15.02863,160.32388,-5.5124955,-0.21790869159802925
4218,527.9702187141103,1180.1140150824838,0.45535331119378597,0.14292283,0.1108763594954106,25,46.571465,548.2193,-6.847386,-1.111909140055398
4219,1280.4075246008126,1179.5061302490647,0.4265401127919313,-0.3634656,0.03545277235740537,25,118.105865,1409.9178,-7.8729844,-2.153674578368321
4220,1352.573221171772,1179.47279609509,0.5047328433256573,-0.061458804,-0.051990178748288006,25,19.415276,200.15714,-5.7534275,-0.20959824602349397
4221,538.2340658461757,1180.6046607941914,0.4219964764001806,-0.22178487,0.00627683522334333,25,74.25218,924.9153,-7.4152546,-1.5774126209013741
4222,209.37363221926356,1182.0557901301509,0.4589572530490907,-0.23964134,-0.20242168101419042,25,28.065708,317.73697,-6.2551694,-0.6016735528650095
4223,334.60146745543403,1182.440360553757,0.45991907752326866,-0.39243293,-0.055264716102899805,25,43.45473,493.46475,-6.7331405,-1.0940515413226648
4224,1051.7746147510668,1181.7575983254646,0.3931059066011633,0.062222376,-0.013092559095109571,25,152.51779,1871.2505,-8.18033,-2.450027807913249
4225,360.40263529481695,1184.511796966762,0.5401316201761097,0.03979197,-0.0013638277112685932,25,405.33286,4431.0386,-9.116264,-3.4184718880938347
4226,426.08190512827923,1184.3929590323876,0.561983228501507,-0.2152612,0.021218612175195075,25,19.391449,191.1297,-5.7033205,-0.15509773168993182
4227,1178.1799495308983,1185.6360852357789,0.46605654546876846,-0.19133839,0.08152677525785394,25,43.661198,476.12833,-6.69431,-1.1026282101569145
4228,66.11738030127059,1187.0295480553393,0.48208445432102215,-0.28444782,-0.12038457434222631,25,81.19061,919.7051,-7.4091215,-1.6709334295745746
4229,1089.0101200714982,1186.6525319882287,0.49121515755082196,8.522224e-05,0.1547421152604733,25,34.01672,374.28497,-6.433006,-0.7717026812120799
4230,588.3594516635306,1188.5575665173055,0.5593625751737916,-0.33240676,0.03237123793304438,25,52.998493,603.97186,-6.9525423,-1.0719549091535538
4231,186.72720376471966,1190.0079973114252,0.33221592466297944,-0.10935559,-0.0033992875224123776,25,21.470127,279.77704,-6.11703,-0.3874406147892356
4232,500.31427916530026,1191.5343256530382,0.4764220609003605,0.24946077,0.09648228315099541,25,45.861706,520.76556,-6.7916055,-1.1156791561709283
4233,960.6292308426898,1191.7130257565825,0.4905613574483944,-0.30277586,-0.040961301540186415,25,30.373219,323.40872,-6.2743797,-0.6650848466048404
4234,607.2926141903346,1192.7122904875982,0.49356072996762335,0.05190903,-0.10022686952963275,25,53.161633,646.5164,-7.0264487,-1.1800927645086459
4235,1781.6710052715619,1193.561336369708,0.4099521105615019,0.36940706,-0.02796269721236719,25,15.596663,169.07805,-5.570218,-0.1080197415537717
4236,616.0809666907771,1195.1267004656115,0.520722225977775,0.40395477,0.3422697436817854,25,24.198994,284.88873,-6.136688,-0.2893763528820726
4237,633.2107488083403,1195.167064208949,0.4722820396648885,-0.09372783,-0.008040283230723772,25,216.34541,2437.5613,-8.467389,-2.812962640376677
4238,894.5474075115216,1195.8014039929442,0.4429590118916125,0.12027493,0.12980060106915026,25,28.86369,346.3882,-6.348908,-0.6331343641421807
4239,426.55400762982964,1197.0624834617208,0.5209196957240497,-0.009032257,0.09919314844858204,25,21.47406,227.48015,-5.892359,-0.297103072416126
4240,529.2595907734667,1198.7740145799487,0.4424217622876789,-0.28382233,-0.06203505184349461,25,296.90744,3481.2861,-8.854349,-3.119665895937924
4241,1303.01106225073,1200.6136831571637,0.544918906605984,0.0075934287,0.13540755433265392,25,1741.5947,18232.639,-10.652123,-5.041453096466624
4242,57.37802575004061,1201.587392751744,0.5284258009988999,0.07446458,0.006361806393950036,25,331.28043,3676.32,-8.913533,-3.1963731563295728
4243,80.25622256119624,1200.5413491917,0.5224234254941577,-0.36055794,-0.02818574096953971,25,138.42505,1545.9836,-7.9730124,-2.2257286400351854
4244,137.47141945289448,1200.9132536585932,0.5390191562820883,-0.15996984,-0.03299288609813574,25,37.5729,421.53156,-6.562075,-0.7839606855176967
4245,683.2879724813635,1200.9660425807726,0.3749709418740923,-0.20946586,-0.09509214319227086,25,79.49082,1031.476,-7.533648,-1.6539934500485192
4246,26.629860067663426,1201.9049802169186,0.4828504835029212,-0.04628448,-0.08413893248431227,25,217.45105,2433.8057,-8.465714,-2.776658964850871
4247,330.4790205771273,1201.9674837349903,0.5114703936565411,-0.052849602,-0.042125167478804196,25,61.251575,688.82324,-7.0952697,-1.3761316052181993
4248,68.39007902434078,1204.1125000344841,0.4542950294025967,-0.43818307,-0.09771585595568884,25,41.370502,531.2394,-6.8132257,-0.8802847409481784
4249,307.0542467139176,1204.7477146696594,0.41607935234212645,-0.062184334,0.05877900854230791,25,150.28618,1758.0115,-8.112555,-2.4485038259662786
4250,355.92234270653097,1205.1052621303463,0.4939625418981965,-0.1831365,0.0031130005026536794,25,203.46875,2175.0608,-8.343678,-2.7707091931705725
4251,899.0903667995029,1204.7869947377824,0.4710335505415669,0.04941789,0.02202597838231407,25,181.78625,2007.2441,-8.2565,-2.616176341540734
4252,1340.6731476243276,1205.153272552796,0.8277298539492266,-0.79958504,-0.00898341318069003,25,47.239105,505.28653,-6.7588444,-0.7324639654655212
4253,1884.1307243100794,1205.4021404891503,0.3377598063825873,0.12352258,0.07931517330144247,25,15.907098,184.03552,-5.6622543,-0.23179764937923006
4254,791.8927149014039,1206.1129146967558,0.4819027193550793,-0.27797183,-0.1427640012296329,25,42.21269,482.75665,-6.7093205,-0.9714915440908569
4255,405.54279864536005,1207.2032499320528,0.4913383672630638,-0.20408443,-0.05735152751538604,25,96.41904,1144.2603,-7.646312,-1.8036410221088377
4256,594.265429691344,1206.7950608061506,0.38838806006469523,0.036072228,0.14012941835127207,25,37.175846,462.75876,-6.663387,-0.8883826861538734
4257,165.02888728260655,1207.7337750816084,0.5223916367025175,-0.09532366,0.14198558586524923,25,43.08434,464.64597,-6.667805,-0.9979308112748174
4258,339.5822312319709,1207.9052009426987,0.4856228872422977,-0.15040898,0.010828797575982235,25,104.38962,1191.9341,-7.6906304,-1.9791705798726136
4259,922.1626905076573,1207.9151494699224,0.418005598758606,-0.42579272,-0.2431884726897189,25,21.525192,257.03336,-6.024974,-0.33351681043669146
4260,2035.912584291998,1207.7314530911137,0.5033878486784586,0.20581105,-0.010738934703473643,25,60.99654,679.0895,-7.079818,-1.370454353569871
4261,116.26967007629173,1212.9498568653319,0.5204109948047978,-0.24397764,-0.11464511848434643,25,1055.866,11479.262,-10.149785,-4.4808313684139645
4262,534.0142104173,1212.6729034230568,0.4577546433003508,-0.07318518,0.11297813092343072,25,68.16857,792.0393,-7.2468667,-1.5088241672129206
4263,701.1639574470288,1212.732765654269,0.530155098520214,-0.18004131,0.03832378254604961,25,25.977802,270.1233,-6.078905,-0.4906658982174064
4264,775.3369056282933,1212.9281895462948,0.3873133147891995,-0.14961736,-0.0394056344057135,25,112.275154,1403.3473,-7.867913,-2.1126638283410197
4265,582.6026279551824,1214.8112362549396,0.5104845140737388,-0.1666216,-0.013319438625120776,25,66.33963,719.3416,-7.1423383,-1.4795130022007863
4266,363.1501501722525,1215.9883222181727,0.4708826762009329,-0.074041426,0.035600328417226976,25,118.92894,1353.9027,-7.828969,-2.1097952357612804
4267,839.6452709442387,1215.5548034854203,0.45097449161227593,0.09206113,0.01919452467551306,25,115.52231,1399.5587,-7.864978,-2.0279920513171232
4268,9.832879365399492,1217.2830186079375,0.4499862800622474,-0.31035224,-0.06027080895105025,25,281.08148,3357.8228,-8.815145,-3.031027744711123
4269,553.4573787778057,1216.8484667663417,0.47684402169998097,-0.13375147,0.021623625190066356,25,140.31126,1602.685,-8.012121,-2.3195026121828097
4270,493.29258515791946,1218.854971954713,0.5123958961694702,-0.15642582,0.03490282037471299,25,66.52813,737.22955,-7.1690073,-1.4556812363850131
4271,48.500967263730395,1219.717007594176,0.3844476542299131,-0.32545012,0.10044564800971897,25,18.70856,236.0594,-5.9325533,-0.19000391633348462
4272,1328.685119929749,1220.4630412585161,0.5387724564786993,-0.24682634,0.2798396667683781,25,29.654133,306.11554,-6.2147136,-0.6281433368195865
4273,268.06378802992896,1220.8761847253688,0.5129944995274779,-0.07761443,-0.015555564576916061,25,141.25972,1520.0903,-7.954674,-2.296105750415073
4274,676.3714725794306,1220.7814042181433,0.46774439148659247,-0.0056715542,-0.08484620356227246,25,31.430775,380.94,-6.4521413,-0.588852848885621
4275,1014.7195790933042,1220.7095689685632,0.4136852140355591,0.144662,0.044710584185253116,25,68.34601,843.2424,-7.3148813,-1.5250429813980484
4276,1644.1759223876875,1221.0806607844788,0.46710707265702067,-0.03057605,0.11619532218781359,25,39.11314,434.14908,-6.594097,-0.9349963506218383
4277,230.513046985502,1222.0549723678475,0.4588992005913512,-0.38996422,-0.1523237285425002,25,156.97356,1857.7491,-8.172468,-2.409754735061726
4278,795.9640696537411,1221.5499777466725,0.44037570420472827,0.002341947,0.1827521019954351,25,139.31926,1686.2389,-8.067298,-2.266147840433832
4279,84.61856333343087,1223.0525230846397,0.48137863429354133,-0.16223662,-0.1268737138053204,25,157.94594,1838.8208,-8.161348,-2.41135793567289
4280,1694.232247754284,1222.6141850984666,0.5479841073757168,-0.2603949,-0.025096300144195078,25,541.09625,5636.969,-9.377614,-3.757600300174637
4281,611.6239741342096,1226.473108745684,0.4573796173133769,-0.34256244,0.017169510706619658,25,36.036716,425.28397,-6.5716977,-0.8527767466155312
4282,857.6141481910173,1227.9308014091991,0.4626354219818733,-0.04576256,0.09544671401915082,25,24.134113,292.2464,-6.1643734,-0.3625400957474869
4283,207.38640542014892,1229.2962352366071,0.5230963379675012,0.05382212,0.016845928428251826,25,51.900505,558.4576,-6.8674755,-1.186568716698369
4284,1500.0141043644703,1230.139677736891,0.5410601752804066,-0.0023756477,0.11627344813113724,25,103.6435,1057.4703,-7.5606704,-1.981606949072855
4285,331.907873313757,1231.4720846330342,0.4731762735008776,0.00542255,0.15103961370695346,25,124.61495,1473.0104,-7.920514,-2.127638130303141
4286,1127.6832549542605,1231.0590970184319,0.5299670231980103,-0.21459794,-0.02672303603066817,25,188.13965,2035.4272,-8.271639,-2.562466455115398
4287,1604.175679875615,1230.8943715047199,0.4502246029006596,-0.3057881,0.08355625374037685,25,634.6606,6941.1675,-9.603581,-4.046773454679461
4288,422.5564982670653,1232.8586410444937,0.49145553769718153,-0.5449819,-0.15879672943090817,25,24.038334,273.91962,-6.0940576,-0.37559775441592064
4289,601.7730448148637,1233.7061051434337,0.4605114614119196,-0.16484737,0.15598210848408023,25,46.53598,558.59283,-6.8677382,-1.1014320457530267
4290,44.14971106976188,1235.486781708291,0.4477100256653306,-0.06383379,0.04992929556472115,25,161.45067,1921.4783,-8.209089,-2.456567550393496
4291,861.2160189024812,1236.2184627082818,0.4420889408029563,-0.10838193,0.024642125482575262,25,67.865524,781.3849,-7.2321625,-1.5475957626904586
4292,845.4648336608275,1237.4868863096283,0.5005945897588282,0.0899249,0.03585815583473388,25,131.17802,1526.9055,-7.9595304,-2.1989116968359785
4293,550.3038403373955,1237.8613423938868,0.45131787021522296,-0.045312844,-0.07354590464586475,25,41.62137,476.2774,-6.69465,-1.0208379011882804
4294,1694.851150703363,1238.0155978914665,0.5477223684906275,-0.0403828,0.06449105525370308,25,1630.1323,16341.007,-10.533197,-4.999731153651936
4295,1250.637096671124,1238.8466073197033,0.4688235406148303,0.08259194,-0.006446054289185053,25,78.83921,882.3423,-7.3640924,-1.6754958757628882
4296,279.9619387477894,1239.4976973732726,0.47351679380150546,-0.12522621,0.03404915487990157,25,155.68398,1756.9734,-8.111914,-2.440907309083824
4297,1093.854094885467,1240.2205349366081,0.5247912250331233,-0.022077339,0.13487363625326762,25,70.78831,757.68695,-7.1987247,-1.5397567050869854
4298,97.18135483018695,1241.154593291534,0.5015453288637405,0.014524197,0.014945278709162959,25,127.75994,1415.1958,-7.877041,-2.1972215382409557
4299,429.8437726730767,1241.2163530940363,0.4310947627455719,0.31793702,0.23229708405153154,25,16.894676,198.42818,-5.7440085,-0.05334357521560919
4300,1626.8619357297985,1241.14792910862,0.6135737977072275,-0.464581,-0.12649461022427108,25,18.53926,196.17786,-5.731625,-0.07535837720691418
4301,718.7114903510012,1242.6320417591685,0.47486801677261653,-0.30358726,0.08292960871013785,25,127.7286,1550.9792,-7.976515,-2.1374361771226313
4302,802.9852658966133,1243.7494788553927,0.37453031885815935,0.03235512,0.06594444169745552,25,139.38448,1755.6425,-8.11109,-2.344330177314223
4303,1174.75404825302,1243.7605700072797,0.5554158672401898,0.084350824,0.059426313731628454,25,106.391884,1125.6783,-7.6285357,-1.9356941734493438
4304,40.38718673412619,1244.992633768783,0.4980320694869264,-0.26315656,-0.07597948926280589,25,31.053917,354.3858,-6.373691,-0.6460304325624002
4305,75.55102181279483,1245.5735480800215,0.44434982592032923,0.060602866,0.04927466286293236,25,77.75283,926.7024,-7.417351,-1.6708109123493629
4306,138.98411223174423,1247.2552636917387,0.5281298184346889,-0.08420114,0.0263597301737131,25,132.72528,1482.8955,-7.9277763,-2.1582832651889103
4307,651.103751637931,1246.6385515631457,0.6103323857604455,-0.43913662,0.0037544633111911705,25,25.335617,243.83917,-5.967759,-0.3799667183260892
4308,687.856181818567,1247.4777124890143,0.4344651584818508,0.19166572,0.18754887197237488,25,183.76521,2150.7798,-8.3314905,-2.64712254443715
4309,1492.5944930919602,1248.75444099999,0.513495796313379,-0.025659673,0.19661247819278785,25,41.094646,453.19052,-6.640702,-0.9165751308835393
4310,1101.662384997737,1249.8710662469284,0.4998846153893918,-0.64562786,-0.15996878951950347,25,28.685638,312.00278,-6.2353964,-0.6152565969300674
4311,233.30407195498395,1251.321778562302,0.39624999334776323,0.2698186,0.014358039406275062,25,101.95384,1276.98,-7.76546,-1.9784163441445193
4312,366.74393112183014,1250.7226812437414,0.4888008387357328,-0.10023927,0.10372994192743216,25,23.964916,255.4959,-6.01846,-0.45871825220730444
4313,407.10663290118885,1251.4526099991347,0.5184413236410546,-0.50163203,0.14773138754948964,25,22.717098,252.02068,-6.00359,-0.24056058752130569
4314,524.869392778274,1251.359066341784,0.46801547951567407,-0.3815235,0.056539373049358375,25,53.679356,658.52124,-7.046425,-1.1804784385128342
4315,935.8566201948057,1252.11179415548,0.5402166090478888,-0.06217921,0.08945973626325937,25,90.54188,971.6029,-7.468722,-1.7837718872774053
4316,974.4117784444084,1253.434582494477,0.47895978905141573,-0.38265026,0.19372539063495356,25,18.922188,212.89099,-5.820393,-0.11672535699219172
4317,1130.0898578665178,1254.399637289564,0.4762060721637521,0.19641252,0.17022368483795577,25,51.291504,552.37213,-6.8555794,-1.259305975834775
4318,380.29944318880865,1255.5453897004224,0.4908593172484555,0.1545594,0.08212572597113572,25,174.94653,2028.0154,-8.267678,-2.5038781487415385
4319,0.6007205687969608,1257.872511932258,0.7139639207483895,0.18669535,0.6845827397723309,25,36.855,251.47624,-6.0012426,-0.8828994787396721
4320,1334.912110022269,1258.6496690991328,0.4908239203998466,-0.15495312,0.17692338608094965,25,513.1642,5653.8467,-9.38086,-3.7600580723415487
4321,89.36683566884604,1258.7712645026324,0.4916092604379726,-0.24429743,-0.04732895349210186,25,69.89956,791.44196,-7.246048,-1.550874488596237
4322,487.6234173987613,1259.2834111760258,0.45486985015894904,-0.0054728864,0.044471646040895874,25,38.98044,479.3128,-6.7015476,-0.8503521809089286
4323,9.923235639402339,1260.4098175194242,0.4424308804334548,-0.10636772,0.09120947615441094,25,117.033356,1407.6426,-7.871231,-2.086663635275884
4324,612.5215849352901,1259.8928730273224,0.4765250071414054,0.06134058,-0.15321937626342827,25,30.654781,346.23264,-6.3484197,-0.6688436839074163
4325,1243.6091784621028,1259.5361650382704,0.35607306377861525,0.9693629,0.8680211021266244,25,19.347855,286.20203,-6.1416817,-0.09885670330268077
4326,256.57413704383356,1261.330666937929,0.5590639678923397,-0.38889468,-0.004413521331561976,25,28.954987,299.10822,-6.189571,-0.5995610300863367
4327,599.5209559048564,1261.1748981566586,0.4344419893505691,-0.14969519,-0.07851976262855398,25,32.442657,375.6114,-6.4368467,-0.7920594509990928
4328,1653.5534149756068,1263.4009174413266,0.4146209886783835,0.12624775,0.017213255379056713,25,111.77558,1372.1306,-7.8434887,-2.0867957347181556
4329,1597.8109783596547,1263.8167894994024,0.441231942069863,0.14006983,0.10253517835020133,25,35.6693,382.32706,-6.456088,-0.9034241286906177
4330,156.30389802328233,1265.2849336533327,0.5272107249674147,-0.30451968,-0.10995451685626088,25,28.517323,315.40042,-6.2471557,-0.5587589276863677
4331,517.8996109053026,1264.9860078426486,0.39174673894218537,-0.46530914,-0.0654484570371075,25,20.479393,261.7873,-6.0448713,-0.21478050897656903
4332,577.4957505334672,1268.522740713359,0.46599504849355927,-0.5433366,-0.07381613217624254,25,26.388401,316.0115,-6.249257,-0.46006333360916896
4333,1760.766716493507,1268.65790928755,0.5599804187895219,-0.0051729116,0.013471608111944188,25,317.62546,3236.9539,-8.775341,-3.173057069029654
4334,389.8615255344252,1269.6469104426565,0.47883739918021656,-0.11817131,0.058974461340510695,25,24.976501,275.82602,-6.1015882,-0.4103591649236419
4335,295.81982419306655,1271.7030620098262,0.44351347806258146,-0.23708133,0.08111458706049543,25,21.70589,255.68518,-6.0192637,-0.33042592410993066
4336,337.62308853669316,1270.6171534158711,0.441637748413671,-0.054211546,-0.06931598506727787,25,40.615772,476.28326,-6.694663,-0.9779205506068916
4337,36.09817595982517,1272.0444907185492,0.48079378506217013,-0.2712703,-0.01885180781282887,25,84.62206,917.3746,-7.4063673,-1.8096728433233111
4338,71.16111016653858,1272.081328499998,0.47028822751174487,-0.23341076,0.01293043224268117,25,73.29302,899.30804,-7.3847713,-1.5627187102012343
4339,266.47381197193334,1272.2768639661977,0.5228014267694229,-0.061864726,-0.06691663861284691,25,206.34953,2248.0713,-8.379525,-2.704354230302087
4340,585.8418621099908,1272.0732942717834,0.5150979466482317,-0.142185,0.012419277965291672,25,78.093864,882.36615,-7.3641224,-1.6105469658841032
4341,1606.056446597268,1272.5906656562347,0.5425041448633969,0.038904488,0.2257972213997743,25,18.550064,205.52,-5.782135,-0.04850657464593568
4342,418.9532703499471,1272.5067157502137,0.47895448328852214,0.024372686,0.0498071325400255,25,96.472984,1096.1703,-7.599695,-1.9017161117055992
4343,63.69751369445133,1273.8416514850142,0.5200646575687174,-0.4562478,-0.26187562000832754,25,48.944286,567.2981,-6.884528,-1.0755066375542055
4344,951.9574472264148,1274.0079166466471,0.5002281504202506,0.2581094,0.15771740137207713,25,26.400768,302.77612,-6.2028036,-0.4224550810423183
4345,196.49144823484994,1274.7854111280415,0.5354749387121654,-0.34107807,-0.07160103595767153,25,30.777973,355.8405,-6.3781385,-0.5275585980403306
4346,1349.3828701547122,1275.2483034429458,0.5031975901120603,0.09541837,-0.047745084474797264,25,438.75748,4829.768,-9.209816,-3.551728927805236
4347,1713.382365760915,1274.5629423325577,0.4725350661736612,-0.16820732,0.030836816780939507,25,65.08326,774.18677,-7.222114,-1.414792302085104
4348,26.45569489030985,1276.011941996351,0.5551947120035401,-0.17712568,0.10069762639068826,25,28.358337,321.74786,-6.2687893,-0.489239570352083
4349,95.94308408868704,1275.9024075088023,0.4931016097324095,-0.08032216,-0.05740583264056063,25,46.365948,487.8935,-6.7208123,-1.1613917928897235
4350,173.14364244269538,1278.2014423114372,0.4548285342600317,0.20238931,0.04703843291186352,25,26.590008,313.5063,-6.240616,-0.47198610923401263
4351,500.07285780670713,1278.0848529372847,0.5377227937924022,-0.04850978,0.09134768669089549,25,123.74752,1322.6799,-7.8036366,-2.116604738999911
4352,116.84300661352911,1279.2111486330668,0.489417596831174,-0.21281885,0.09801328635266114,25,78.37731,899.47974,-7.3849783,-1.6037633024472662
4353,876.3809843745771,1280.403924154293,0.4199396350890163,0.26111263,0.0840798182812554,25,36.252052,431.62897,-6.5877767,-0.8711791849131254
4354,530.108074586961,1282.4419153951096,0.5742873294048063,-0.14729218,0.029463268677488042,25,69.32919,782.25244,-7.2333674,-1.3762509810467216
4355,309.23510189125886,1283.7034893639266,0.4579204126789429,-0.35138926,-0.04666938779383674,25,37.555744,431.05078,-6.586321,-0.9204050393836616
4356,793.0741637052473,1285.1873052113492,0.4488495425179857,-0.106527604,0.12713920398727216,25,102.54629,1179.8336,-7.679552,-2.0098629290055876
4357,1513.0631086829496,1284.7189118841252,0.5221429579471322,-0.13006246,0.08290410311861193,25,36.464172,384.92587,-6.463443,-0.8109092405296032
4358,371.1779363694046,1285.9395499688842,0.4262332325520072,-0.2664291,-0.5987726276585035,25,16.989769,183.44963,-5.6587925,-0.19797868786835096
4359,915.4756227892044,1286.0736058895186,0.45189425268459116,-0.2602146,-0.10257242245652877,25,822.1284,9575.352,-9.952887,-4.243988136982555
4360,685.5429957385415,1286.6388493640545,0.44686859415229907,-0.46932703,-0.1285322115882343,25,115.90597,1403.1635,-7.8677707,-2.074798409765369
4361,251.56900855858947,1288.315925905942,0.5112879263220399,0.026770473,-0.12105192177764748,25,875.0936,10005.434,-10.00059,-4.234296883007865
4362,449.74634583375496,1287.709416535207,0.46870371847276854,0.08057156,0.08841216074627813,25,76.68147,904.0475,-7.390478,-1.6012044892369535
4363,1635.3073553204492,1287.5789284492519,0.40874838904412164,-0.045622338,0.1253937928606786,25,38.61025,441.78787,-6.6130347,-1.0230818028896547
4364,1314.2717594462595,1288.9828105104064,0.414056107607767,0.20872654,0.12045863132493581,25,29.266224,320.21222,-6.2635946,-0.6971676980100944
4365,2043.7605731297374,1289.2726007501249,0.49369042647916384,-0.10376522,-0.01942735589538293,25,201.27379,2196.678,-8.354416,-2.7174044555554944
4366,263.9854960511059,1289.98171141897,0.47259487062677064,-0.1441349,0.01622034859337488,25,79.929535,933.7328,-7.4255567,-1.6372674522959643
4367,960.580320670798,1290.180093225694,0.4845541323556749,-0.26227748,-0.00259971192197455,25,116.36209,1374.5417,-7.8453946,-2.0466565336085223
4368,1105.4623988078843,1289.9094117364198,0.4797420874222886,-0.16448224,-0.06141002869411943,25,54.25178,611.87494,-6.9666567,-1.2910261201875022
4369,1933.9134783110014,1289.9183982929105,0.5087260636527418,0.05138956,0.08555869247468964,25,43.11082,423.91156,-6.568188,-1.1264830715729268
4370,237.88600680198547,1290.5212715257699,0.4059024672555936,-0.11340616,-0.0713646317279048,25,234.27856,2897.1414,-8.654924,-2.854536265822874
4371,587.7412997233886,1290.5972625202921,0.49145735701764576,-0.04523719,0.01829550456536933,25,57.099705,691.5834,-7.0996113,-1.2027017565426594
4372,331.0341305556094,1291.9138700992985,0.345576340645414,-0.29820737,0.4165118404146485,25,36.798855,542.2768,-6.835552,-0.743431054592492
4373,311.9079888314145,1294.0863039339263,0.48743659958496965,0.10662199,0.06367948369196635,25,241.72585,2747.3662,-8.597291,-2.8584086563810556
4374,420.59068805985197,1293.8471449625847,0.47848955370706775,0.08221889,-0.03317160471795674,25,145.16905,1670.9551,-8.057412,-2.310411080488998
4375,645.8319783710583,1294.574825922098,0.3963032973876953,-0.048751924,0.22198781131916948,25,27.319492,332.59088,-6.304776,-0.5910293900741562
4376,791.7094669667608,1295.2293970950504,0.48565325872581877,-0.16908628,0.033720885618559786,25,178.40457,2073.6855,-8.291857,-2.5458205090348134
4377,493.6352089584668,1295.864714759651,0.4189563058097195,0.2249482,-0.04556047686433021,25,15.863029,185.67694,-5.671895,-0.052450092619294675
4378,216.2027639144203,1297.044551067896,0.41137278199776695,-0.16966222,-0.0869526591153474,25,64.168274,758.227,-7.1994977,-1.55526093490027
4379,291.6354502343501,1299.4057917955945,0.4750499156256682,-0.28119457,0.01695910408933578,25,169.75902,1858.693,-8.173019,-2.595269534392254
4380,384.7123275637893,1298.6302257544885,0.45243132417850457,0.17663108,0.004628221484352686,25,149.87865,1752.9401,-8.109418,-2.384515984450703
4381,1870.6360050172823,1298.865661310765,0.4697883623073635,0.03821982,-0.1679151109360234,25,33.27788,364.94217,-6.4055605,-0.760643123812166
4382,436.63302592354876,1300.5186802397197,0.39952340507648504,0.051041953,0.1064870161577443,25,38.532536,485.68185,-6.7158794,-0.9251503656783002
4383,456.8206719989421,1301.0456920211536,0.58362188260089,-0.22391039,-0.01746845000504322,25,34.97257,374.88956,-6.434758,-0.6650119773581391
4384,1092.7155658047038,1301.561737040275,0.42306087426209843,-0.40855235,0.11251765213299901,25,50.091526,619.144,-6.9794793,-1.1669581128378441
4385,1609.2087257075807,1300.9433733569158,0.534531787977353,-0.27394843,0.0769712176661912,25,52.529297,545.2025,-6.841395,-1.2137687209958181
4386,1847.749121405426,1300.8475289353546,0.5251065032931236,0.0745506,0.04706420272643839,25,58.16241,621.70154,-6.983955,-1.2962146665130858
4387,2006.0432831422781,1300.4074556279134,0.5207459607702856,0.5025765,0.2183854848189829,25,22.301182,220.81987,-5.8600955,-0.4171178000958809
4388,269.7895973533414,1301.7158967283444,0.5300007639976632,-0.174872,-0.01278062876007005,25,162.51389,1763.5431,-8.115965,-2.425888089955826
4389,921.0368897971242,1301.5789920394375,0.5317677890442494,-0.47697523,0.2614241421318553,25,24.5411,250.00977,-5.9948926,-0.4421406447806084
4390,946.9003414667923,1301.5439542957338,0.6735605970572955,0.6822201,0.17915507756340868,25,22.077908,203.91075,-5.7736006,-0.19595188356024873
4391,145.0197720855027,1303.6269492656777,0.5354079877620542,-0.11755898,0.0959623139325939,25,605.8287,6541.8105,-9.539245,-3.8798184691419206
4392,399.4879527112898,1302.6844185099842,0.4672430930653297,-0.27708903,-0.05766267305576115,25,155.12038,1754.4236,-8.110336,-2.4436154461836885
4393,1597.4034289104013,1303.082037479787,0.5676565477711778,-0.09154758,-0.09651368067381756,25,173.80008,1768.4386,-8.118975,-2.5116292289893978
4394,332.5655135903383,1304.5431771148271,0.39359063581825243,-0.39774746,-0.12571066639863593,25,28.533695,361.4718,-6.3951864,-0.5974448001377918
4395,718.2291500102551,1305.0071964961223,0.44977331196124476,0.38808486,-0.12097327229210833,25,26.131989,322.13806,-6.2701054,-0.3922598133144695
4396,1468.7829746049956,1305.9756877264435,0.42660411954718336,0.014771728,-0.02913392557666558,25,35.831375,419.31723,-6.5563564,-0.9096951307446727
4397,519.5476438722503,1307.4252330486038,0.38020655479850984,-0.25072873,-0.05105675881221357,25,21.367935,265.1841,-6.058869,-0.26427375477308657
4398,1033.8945371752059,1307.3304000950275,0.4719407568829124,-0.2160067,-0.005601600714012768,25,164.87346,1956.4259,-8.228659,-2.4478213986478696
4399,1202.1721622495581,1307.2894325879115,0.3830516548369599,-0.4785485,-0.030348624167302746,25,18.667404,218.99536,-5.8510876,-0.26077707952957657
4400,1396.2271592699367,1307.3656432111125,0.5687309715415788,-0.05039859,0.2192331160028824,25,49.727386,514.05853,-6.7775316,-1.1346409455231565
4401,730.5698055329361,1308.3744586156793,0.5523269766043206,-0.2910244,-0.012016107626391465,25,77.23989,863.55524,-7.340725,-1.5722904420541075
4402,885.6582849209996,1308.8964046424553,0.4789864460882782,-0.27538705,0.15210343309236252,25,117.07138,1359.4386,-7.8333993,-2.118038879663759
4403,17.524205376833876,1310.2269819397343,0.48803420804377473,-0.20958385,-0.11875548211901911,25,25.554447,289.6158,-6.154556,-0.42626894813720984
4404,278.8327855853205,1310.2663632594338,0.4763433001928088,-0.1980816,0.04273878149424268,25,23.750385,281.02942,-6.121879,-0.3044818279670381
4405,492.0783088583808,1310.2575649689286,0.5337398101417807,0.08444098,0.05666136684268041,25,51.014545,551.0656,-6.8530083,-1.137332900912397
4406,219.93557933290683,1310.3939544265838,0.42485715519090744,-0.041566126,0.08929116477495691,25,232.58809,2813.6375,-8.62317,-2.8793405077882834
4407,1333.633893689373,1311.1101332674864,0.5184112038308472,-0.14077593,0.07842348092858453,25,373.0333,4183.986,-9.053975,-3.3165457308164443
4408,1518.665661072995,1310.454922275045,0.40687485409669577,0.1550562,0.09591516259421871,25,267.41858,3252.5334,-8.780555,-3.0460276548739036
4409,569.6510810152001,1311.706071103095,0.4574618558571767,0.050979547,-0.029661194476396983,25,84.00502,982.56213,-7.4809003,-1.7461909635222823
4410,718.6389201913123,1312.9045665976432,0.44309604635932875,-0.36735865,-0.14007512269898728,25,112.4598,1356.8407,-7.8313217,-2.076109921996844
4411,553.0012010651811,1314.256411499193,0.5225326343313116,0.13083175,0.05167199223655329,25,55.092358,594.4842,-6.935351,-1.2599658489651664
4412,949.0578885282821,1313.535262478054,0.4148867877791916,-0.0054637236,0.2518722780859901,25,34.600437,418.69522,-6.5547447,-0.8155985579176238
4413,367.7794621920705,1315.4291855349259,0.6161016994416438,-0.425268,-0.10540486582538157,25,16.12331,157.10713,-5.4904895,-0.004271325774108944
4414,891.0568322644033,1314.919827782973,0.6177936682528916,-0.40547368,-0.16209155435765168,25,177.24712,1827.951,-8.154911,-2.4503464131564217
4415,1459.3514780619942,1315.0399603486708,0.49244255900083705,-0.15064822,-0.09030867742405001,25,203.33752,2251.417,-8.38114,-2.717488480040882
4416,140.52333405446663,1315.779355088763,0.5255225484265083,0.23457997,-0.02676717372346124,25,53.78579,564.3067,-6.878788,-1.3060629005299877
4417,651.4278845620636,1316.4904026966424,0.4431781928690888,0.3255645,0.09973034619426469,25,72.19994,904.76556,-7.3913403,-1.5154950103205713
4418,991.1760192235251,1315.508168876703,0.5089926345908597,-0.21822235,0.11395218880054771,25,96.78492,1073.5364,-7.577042,-1.911505715138363
4419,472.25516586299875,1317.6496933528206,0.4770582191296699,-0.17354056,0.005023394594445777,25,71.61569,796.3669,-7.2527833,-1.5986752776673727
4420,403.67007141966167,1318.6730778133842,0.46506285490862204,0.012803144,-0.07914146443060885,25,136.7083,1507.5817,-7.945702,-2.348874771790047
4421,1403.6354847388557,1320.731868212253,0.45938792633680275,-0.20257795,-0.06754418035081566,25,21.206505,248.82773,-5.989747,-0.2711043310731021
4422,1030.560014735277,1321.6959573812742,0.4679712830359557,-0.33449087,-0.015203254953436555,25,266.23233,3096.3652,-8.72713,-3.0151345217391405
4423,975.0545027299688,1323.76103674994,0.5443043142257145,-0.077620804,0.1383143820023099,25,595.2811,6679.7847,-9.561906,-3.8310479397686477
4424,740.0668229541465,1324.600099732378,0.42483766049095134,0.14551695,0.18796953950261439,25,23.96783,312.44925,-6.236949,-0.3138905189200666
4425,81.82130822763573,1325.0441764828918,0.48181837776553976,-0.1406671,-0.1612600693040806,25,42.844776,484.12372,-6.712391,-0.9671388155222783
4426,467.4535508890784,1325.1646528515798,0.4565287206163871,0.06368886,0.10953621654449064,25,25.784447,326.66153,-6.285245,-0.3390980164213504
4427,521.3093008004096,1325.2241289504059,0.4881301683730545,0.0011063443,-0.06216124010213935,25,36.47754,389.04083,-6.474988,-0.950999605863775
4428,1467.9711702681575,1324.9772075057551,0.5970092951930358,-0.31298146,-0.09211618831964019,25,253.82912,2516.236,-8.501879,-2.9156245904332305
4429,453.62127001391417,1325.4671435667005,0.5088231009463046,0.30649164,0.020443558975627774,25,32.297195,364.9151,-6.4054794,-0.6916734352250004
4430,333.8433574920637,1326.8976260054708,0.4784057745452103,-0.088256024,-0.143455418059704,25,222.64801,2510.6648,-8.499472,-2.794995258627024
4431,292.84748703415204,1328.3265144555269,0.49341015174911534,-0.17457572,0.12153751491149467,25,98.574265,1115.8837,-7.619047,-1.8931568387072626
4432,422.32827787843297,1327.7283317297363,0.4311712031995154,-0.3177018,-0.021689173318920976,25,21.615067,239.84827,-5.9498415,-0.3899149156976939
4433,671.9774698502512,1328.3466501243934,0.4700030376670717,-0.044371948,0.0936436925926679,25,47.401867,563.9118,-6.878028,-1.0581198329358639
4434,1740.301999301769,1327.4997703055194,0.5413365489275114,-0.34893537,0.041361143889645485,25,98.129974,1047.9812,-7.550884,-1.8810395445834025
4435,319.9492739895508,1329.0238811826398,0.5380924003058171,-0.22778879,-0.001073959619216797,25,124.73919,1243.3665,-7.736498,-2.215412737308769
4436,989.2487043096564,1329.4522088798783,0.44427463580213605,0.30956593,0.15964222735776143,25,55.882442,716.08636,-7.1374135,-1.225149334820839
4437,1943.349384317885,1328.8477941209067,0.5027457201654166,-0.11394782,0.05448233842835576,25,83.69461,935.2901,-7.427366,-1.6949611799708402
4438,282.64764459235806,1331.003808780262,0.27922351056494654,0.13458878,0.019581443072492884,25,15.101855,201.82478,-5.7624364,-0.10420499578248364
4439,623.2367191477673,1331.6489866867507,0.5434018565703883,0.09854433,0.07172189633824405,25,1873.2037,21034.6,-10.807335,-5.05408521751976
4440,648.1316321794587,1331.313956672152,0.35945915460708655,-0.37066534,-0.09015915739325016,25,20.361576,242.57782,-5.9621277,-0.4093184215073326
4441,67.95992400725972,1331.9133596334423,0.4994300260419416,-0.28036284,-0.24174387470963285,25,31.995037,371.503,-6.424906,-0.6100948905103635
4442,1893.759600592983,1333.2542221281262,0.48018327920777804,-0.10410978,0.12055528963102809,25,50.676476,561.4664,-6.8733096,-1.1791023270017207
4443,717.4205943391717,1333.0515671293972,0.46701825126070057,0.10346757,-0.04204850637838376,25,14.7185335,165.64607,-5.5479527,-0.003115323066705255
4444,1676.3871069337752,1333.4728678099136,0.5124045176385688,-0.13516429,0.07279157145975985,25,61.759304,691.30347,-7.0991716,-1.362152291736162
4445,1781.2813400126865,1333.6410668988021,0.470967353932773,-0.2139003,-0.02731331140700502,25,81.8407,922.0482,-7.4118843,-1.7172034776946397
4446,498.5415578636928,1334.505848392965,0.4387290110308982,-0.47306237,-0.012413445460288403,25,125.09739,1538.2638,-7.967577,-2.1886240112258744
4447,186.49163946739694,1336.997277212309,0.5728653815300322,-0.5223662,-0.2003976269254751,25,186.22633,1950.0405,-8.225109,-2.5689650354452356
4448,1402.4165132925775,1338.3299731659433,0.4199154352550559,0.17998229,0.06190933679528265,25,88.372246,1081.3655,-7.5849314,-1.8226871456601441
4449,549.8814974620354,1338.4462358251992,0.6470911721037269,0.26207006,-0.290166956105915,25,19.169128,186.86377,-5.678813,-0.06134391809468556
4450,1172.109371871602,1340.0823313960586,0.43878146470809243,-0.30185044,-0.0326210101804154,25,55.83611,647.6635,-7.0283737,-1.3132897736392668
4451,455.7929687023844,1341.4853956032155,0.44190698380869486,-0.31311706,0.05939186247459727,25,305.9516,3600.3804,-8.890871,-3.1789563317507517
4452,485.60459525968383,1342.2134970828527,0.5546824852374066,-0.20851138,-0.3528363965213955,25,296.27246,3500.3154,-8.860268,-2.950051865523679
4453,766.8932865732139,1342.2791678046196,0.4696202484240908,0.046567414,0.11882702420757194,25,91.51994,1064.6969,-7.5680647,-1.804836936233765
4454,1246.0964900560637,1343.754785178186,0.5445864128902053,-0.47265178,-0.29947714609526127,25,30.084373,347.9759,-6.3538733,-0.5551213891417082
4455,1378.8765485985757,1345.0053278551793,0.5031757147208059,0.14810531,0.11523813062325963,25,83.90623,923.2643,-7.4133153,-1.7257051693747734
4456,790.4983932333088,1345.3178341309963,0.31507422591887996,0.14287627,-0.020606894396212938,25,26.426838,358.86023,-6.387314,-0.6133547495373799
4457,87.04571339307977,1348.2000980315954,0.4839547329378396,-0.64939374,-0.0727611941508618,25,29.053448,329.1205,-6.2933874,-0.4966072385782868
4458,637.7872351911764,1347.7755043492148,0.44513695249434654,0.04979621,0.16760259224814614,25,14.274669,153.10649,-5.462484,-0.07743199997298057
4459,692.9817032006833,1347.8030839941712,0.6062898740492448,-0.23031391,0.22963088307855317,25,152.1369,1732.1766,-8.09648,-2.2075713686661143
4460,558.0501103375148,1351.291310685349,0.45206156186153323,0.08611172,0.09349894171553441,25,49.789387,563.62823,-6.877482,-1.248892421771951
4461,127.39744475285656,1351.7776191332152,0.5064121900953256,-0.28632978,-0.0854891400753104,25,150.75351,1624.3553,-8.026703,-2.4311651160478074
4462,1990.796935164672,1351.9913485418501,0.6142704058213208,-0.481925,0.1566376209957995,25,30.809101,294.4772,-6.172629,-0.6051550760058112
4463,937.8940552473398,1352.3759116079493,0.46989583664234147,0.35987815,0.19475570128850012,25,22.491524,248.29504,-5.98742,-0.3854441299807677
4464,1205.8770745121105,1353.4194598814395,0.559205222740648,-0.25650236,0.12400553499839659,25,267.99002,2918.604,-8.662938,-2.9397927315988284
4465,24.919420220927602,1356.238024035222,0.46173625380491845,-0.115177594,-0.03875942896895956,25,28.1302,325.38644,-6.2809987,-0.5941977876504491
4466,416.6981889668673,1355.968652815542,0.47490066443101714,-0.012679494,0.06692535560797658,25,27.131031,299.99777,-6.192795,-0.5180589627137536
4467,467.9364803543948,1357.9672859164227,0.4230058119557104,-0.48182675,0.222931157890458,25,14.445119,166.091,-5.5508657,-0.019125800862739965
4468,7.707152827428302,1358.523210463013,0.47923640076768687,-0.31555963,0.08844143236675478,25,262.4534,3032.493,-8.704499,-2.960561159814596
4469,315.47300816911957,1358.1568518637353,0.5692003460432395,-0.39781487,-0.018224149550701858,25,40.66041,426.02243,-6.573581,-0.8852704990576525
4470,160.10283274068155,1359.2077683447233,0.49128361230032724,-0.2942435,-0.03848009632499198,25,27.953857,310.93695,-6.231681,-0.5237012924114777
4471,212.02890628126272,1360.4307052815695,0.5444464825605219,-0.2929778,0.04765572493789648,25,154.12102,1746.8972,-8.105668,-2.2819710879456037
4472,1259.0707532917625,1360.5115433353092,0.46465854010320795,-0.1231951,0.19577344536329278,25,2996.4788,34451.965,-11.343035,-5.648772969318375
4473,222.98341055384552,1361.7843977113112,0.5368271277155972,-0.14754051,0.04388142660597881,25,53.928806,619.434,-6.9799876,-1.1563498522607891
4474,54.00248184129059,1362.8382045989842,0.4834071249762213,-0.15896353,-0.009393866060479192,25,115.644226,1287.9347,-7.7747345,-2.1012332104538336
4475,1858.6946867969855,1363.3376688955761,0.37152296313009825,0.4102013,0.08689512376593077,25,17.449425,233.62033,-5.921277,-0.0023972728862547794
4476,516.0227423581193,1363.6803017758207,0.4098962263064513,0.045593277,0.1573716021110134,25,35.68392,412.76315,-6.5392523,-0.9549697199612762
4477,403.476422339231,1368.2815652364523,0.4635668044858585,-0.33701754,-0.13054307066911405,25,40.713947,483.7453,-6.711542,-0.9579750380736596
4478,156.60301476030867,1368.8943838657638,0.44809371546077653,-0.04814567,-0.0028099171927503117,25,131.59677,1502.5245,-7.942054,-2.2873442660750225
4479,610.8917831419349,1368.919583529873,0.4739328253557059,-0.14592658,-0.14318889230091944,25,423.46762,4703.9634,-9.18116,-3.5317170696871605
4480,1193.6338665117453,1369.622266785638,0.5020754612254767,-0.43307015,0.27831412640987385,25,368.81308,4392.001,-9.106656,-3.2698879787552038
4481,700.3526014529018,1370.5607143074726,0.4458677159536893,-0.60294473,-0.1433546533242137,25,35.74346,416.10397,-6.5480046,-0.8954983799387388
4482,1037.9808010261856,1369.8524901598205,0.49469047642435365,-0.13403703,-0.03780059623458265,25,122.16485,1333.7133,-7.8126564,-2.1621764323160013
4483,419.624275554777,1372.211475023656,0.6011707713787922,-0.21076734,-0.09668209826294034,25,40.66053,435.5915,-6.597698,-0.8195739100255529
4484,1138.332155606833,1372.209074870085,0.47173606371001153,-0.15893263,0.02270981864709828,25,36.416126,458.43735,-6.6531997,-0.7024868645000364
4485,390.3553457581358,1373.9287625989602,0.5066187581247931,-0.03253989,-0.1193134989186445,25,91.71367,1009.22003,-7.509965,-1.8359779885172651
4486,739.1774075804535,1374.5537909114296,0.5012889981052366,0.28063282,0.030398860080058984,25,69.802765,779.297,-7.2292576,-1.518236410483702
4487,963.7362412316307,1373.949914732408,0.5242089509095977,-0.244649,-0.08479466141346367,25,154.47899,1693.4701,-8.071943,-2.3652501078812187
4488,1572.3403111099137,1373.382205842008,0.43814281443676406,-0.22367851,0.012583229251084427,25,27.513737,312.24612,-6.236243,-0.6013614800656625
4489,379.8500673732071,1375.3093322559914,0.48581263357208726,-0.21793588,-0.01238462658384586,25,86.97487,978.82135,-7.4767585,-1.787651835180641
4490,466.8595829242316,1375.139374446867,0.4389239603684741,-0.19746338,-0.10850421382436695,25,39.804,436.05023,-6.5988417,-1.0365848013913865
4491,1021.5546204654981,1376.4172723878155,0.445956367716128,-0.43276685,0.036870430568613895,25,130.58093,1584.3951,-7.9996586,-2.2026261203030533
4492,487.8065693560657,1377.440574425313,0.45707778437278823,-0.046724107,0.004419667197949584,25,38.99367,473.34775,-6.687951,-0.8725474385576935
4493,1290.9729443904,1377.6694391673457,0.48380131550387356,-0.07737967,0.1388319556101451,25,40.585438,443.66162,-6.6176295,-1.0176703103767397
4494,353.81678252711544,1379.4744109771852,0.4767667221693634,0.017637791,0.07779558734023127,25,76.82254,898.4881,-7.383781,-1.6155664583449203
4495,315.58043113126524,1381.679673379642,0.39751695986288904,0.024081059,-0.057406516332010174,25,40.507465,520.59955,-6.79126,-0.9795140050870053
4496,493.17206836701877,1383.9225879144624,0.4897002353888855,0.24795856,0.2056908845118126,25,43.15384,468.19922,-6.676077,-1.0731004532009063
4497,1743.9684222289434,1384.4325884177956,0.4543539396546211,-0.029722286,0.22413462197947737,25,66.65037,721.82935,-7.146086,-1.5847264480137702
4498,167.82911658418521,1385.7488788588703,0.3896031642367548,-0.014469066,0.025785463579028087,25,24.56923,285.4814,-6.1389446,-0.5567448142997462
4499,212.13526122093634,1385.7186853482417,0.4924408044228837,-0.030208152,0.07575199217790503,25,32.63515,367.01755,-6.411717,-0.6744285794730663
4500,988.9909675875349,1386.00881163569,0.4999851745397429,-0.4007465,0.13806771795034195,25,28.164295,299.22473,-6.189994,-0.5892011866282668
4501,1144.3795540565472,1386.9336241529352,0.4174266134890926,-0.24585836,-0.1422094790089876,25,26.648823,319.9281,-6.262631,-0.5320671274507395
4502,266.7786944581592,1390.4119876524587,0.4199670702450325,-0.08162625,-0.08743814387742403,25,26.492973,326.9834,-6.286314,-0.479834094390266
4503,188.17766574612554,1390.7852586492877,0.5929354298514368,0.17257607,-0.08499577311317713,25,34.682457,344.0712,-6.3416204,-0.7158296975213896
4504,1311.8144397211975,1390.567867356988,0.49083797235947285,-0.5787628,-0.15216024850913526,25,144.87605,1718.3264,-8.087765,-2.3221690598046303
4505,1524.4998805880232,1390.6026363681226,0.31724624812891966,0.28593218,0.07066348872876918,25,42.841125,573.1731,-6.8957143,-1.0892984489652704
4506,332.5431696081733,1392.3899369064327,0.4462104662870727,-0.22800653,0.06224619316939536,25,55.44196,639.7398,-7.0150084,-1.3303615488594693
4507,1154.3287219392441,1392.3055873331502,0.45248536326980554,0.0012722091,-0.05217652103655771,25,84.82267,969.66455,-7.466554,-1.8313083475612149
4508,1326.5853694882912,1392.1592958948333,0.4330208382229584,-0.0647737,-0.053598574189031654,25,33.32326,387.42844,-6.470479,-0.7420352406026499
4509,597.5001238257112,1392.9363462790861,0.496227955746472,-0.32962218,-0.11923876466598883,25,128.13902,1444.0515,-7.8989563,-2.2012212109905183
4510,1764.8696728065656,1395.0027277287156,0.45184521890793916,-0.13498943,0.1568777514569962,25,27.445644,303.234,-6.204445,-0.5638343345277818
4511,96.51232464833238,1395.745167314368,0.45404564129304936,-0.23196186,0.12204902343466419,25,31.006489,366.67978,-6.4107175,-0.6821652840459642
4512,315.11512637280526,1395.7926951546235,0.43995611227581366,0.24430415,0.05702133278970577,25,27.0164,325.36813,-6.2809377,-0.4980976458752967
4513,748.965571902982,1396.0440232688159,0.6155586678944575,-0.32824785,-0.2658910957676488,25,26.958439,287.5367,-6.1467333,-0.3228999850477409
4514,2042.562157696922,1395.7447038416094,0.5531860959017579,0.145929,0.04496655683080139,25,88.35876,946.5644,-7.4403753,-1.7495281143947115
4515,514.8146933286852,1397.659458490193,0.44446048089093326,-0.22156732,0.18447331531287903,25,30.575954,373.9805,-6.4321227,-0.6190434740449553
4516,1393.7810537143062,1398.5794707562645,0.5005336806668921,0.04514439,0.011142932600770369,25,262.23553,2895.0625,-8.654145,-2.997661493950737
4517,486.62113079133303,1400.6135750644237,0.41488938656347646,-0.16596666,0.27285843324054376,25,23.728413,289.90216,-6.1556287,-0.3810387774048247
4518,3.336296941184581,1401.905958350497,0.511920574568877,-0.3863815,-0.1436127363190561,25,159.05365,1760.0781,-8.113831,-2.418022742130613
4519,815.1770746062283,1402.3735184379711,0.3738391098292274,-0.049173765,-0.2625530418403822,25,21.799786,271.30527,-6.083646,-0.3353548576944484
4520,978.8108064479432,1402.756061658199,0.3547192020948693,-0.3158137,0.24366455348703378,25,44.732105,599.9571,-6.9453006,-1.117989339268134
4521,83.23251604327503,1402.624536583632,0.5309535348593658,0.067850135,-0.01689700360333201,25,30.127666,301.0742,-6.196684,-0.6826125311790627
4522,178.91806599430464,1402.9011293269448,0.43606452865719353,0.102156304,0.012301493837318312,25,20.502594,235.05719,-5.927934,-0.2303109611383057
4523,442.2740204137647,1402.6247226984462,0.4437127197220069,-0.24256872,0.024635702674005278,25,80.305214,939.8573,-7.4326553,-1.7038453414931032
4524,417.39770048444154,1404.0253928475556,0.4197195753753759,0.09214744,-0.02623974584201189,25,19.020794,208.24783,-5.796451,-0.3758975337552633
4525,1119.75407674614,1403.7059178403906,0.5411300607220333,0.028604534,0.08896915460397921,25,69.24762,737.1265,-7.168855,-1.479840687945773
4526,1322.1728327506728,1403.813160305114,0.5256154015158522,-0.015328575,0.05475852025279405,25,32.780056,342.39536,-6.3363194,-0.6975092914947858
4527,531.4182002624619,1405.738340926958,0.5254274266081506,0.20534194,0.05977750389275099,25,513.69196,5919.6445,-9.430739,-3.674617692294392
4528,853.9688263117336,1405.6106763592588,0.4529094607383746,0.2082473,0.20086275686749785,25,33.26422,395.3175,-6.492365,-0.6664883442981695
4529,957.1258876543167,1406.735936158985,0.5000113315622806,0.105458885,0.11003599713101182,25,36.708443,384.98544,-6.4636106,-0.8669330365969379
4530,381.33051213504655,1409.0850747811082,0.374673662188145,-0.2680147,-0.06150884583071707,25,32.342876,400.01923,-6.5052023,-0.7979464878283753
4531,675.4539565936038,1410.4863544404673,0.3723350954581621,-0.4638337,0.007804310739366356,25,45.720917,586.5114,-6.920691,-1.1392344866313364
4532,1106.8304430925768,1410.4309508067406,0.4851772025822217,0.026188105,0.07862192241239331,25,31.415863,347.45743,-6.352254,-0.741430980141875
4533,365.0090998767929,1411.945036244881,0.4752316199680144,-0.041696694,0.016317636762596576,25,82.22993,897.91925,-7.3830934,-1.777558083824551
4534,402.859161642181,1412.524988098349,0.5336354536168639,-0.21759832,0.04004441635069427,25,79.84582,903.69855,-7.3900595,-1.6078842677125635
4535,692.5554519943976,1411.857096232951,0.42275902217300504,-0.19706264,-0.06591316164129496,25,43.41162,522.2145,-6.7946224,-1.0593331587071921
4536,295.47576956772934,1413.557294572716,0.428982910703176,-0.42188704,0.08682500500979684,25,189.07614,2325.554,-8.416316,-2.628049150932073
4537,393.7687416644559,1413.2514222242592,0.5084221877669705,0.34747893,0.29641359636833725,25,51.962902,598.3943,-6.9424686,-1.190684197994607
4538,1215.6783912132262,1418.1382712633374,0.419436746663318,-0.33570313,-0.09166052790960805,25,58.181446,689.6866,-7.096629,-1.417379150257492
4539,869.4184997974662,1418.9357350133685,0.5477641037125619,-0.16465263,-0.0799203907984292,25,188.21751,2100.2527,-8.305679,-2.5619973854729254
4540,1170.768532413664,1419.4141985175875,0.5520571847582321,-0.31908947,0.1319570539497291,25,251.02788,2824.0227,-8.627171,-2.8194255822389005
4541,1022.6777008619426,1423.0352327828791,0.434343271702123,-0.22239952,-0.008756322548352744,25,111.70113,1337.0565,-7.8153744,-2.075694902002416
4542,303.57130876616503,1423.4132879906279,0.41168397096414244,-0.42532817,-0.0009787047907250507,25,198.34319,2516.1333,-8.501834,-2.6760672440255506
4543,1030.573567115844,1424.4128445078436,0.4244799776015591,-0.19721662,0.11138544658094739,25,86.28008,1065.8888,-7.5692797,-1.766974117814534
4544,576.6808932767477,1424.954797633852,0.37367526960337266,0.13824303,-0.06949512978772157,25,18.346695,240.53398,-5.952941,-0.17907496745651508
4545,60.25033779778057,1425.1884411313358,0.4548232634695411,-0.65842587,0.009644571700169254,25,19.058754,224.42941,-5.8776994,-0.16699649441547199
4546,516.5731301765597,1427.1656436384988,0.4777954350705538,-0.09104602,-0.2697303928991029,25,65.40093,774.7478,-7.222901,-1.4374775239906339
4547,68.48067417867085,1428.764861847673,0.35743546962757206,-0.20884894,-0.05994837164393562,25,38.520317,511.4335,-6.7719727,-0.9687538856305846
4548,1107.5099823797414,1428.7908210555208,0.46737211529455364,-0.23468414,-0.13664385003265134,25,100.64333,1132.5454,-7.6351395,-1.9846901209512087
4549,560.3843043992872,1430.761648780463,0.3209884043562505,0.020422526,0.007866814070749233,25,20.256775,253.45694,-6.0097604,-0.4012787809647012
4550,1397.8897277761969,1432.4322719288589,0.40387816318372055,-0.34715393,0.18930423780554778,25,30.79343,377.36514,-6.441904,-0.7035398809453585
4551,618.3220055710933,1432.6868431703897,0.46925846089749734,-0.23858063,-0.08237497927209601,25,770.4767,8948.815,-9.879414,-4.150130838398975
4552,1673.2533263731523,1433.4520845286838,0.40436830245675504,0.1843501,0.18509175144989204,25,24.41856,290.87625,-6.1592703,-0.5130794238810709
4553,542.3744518100505,1434.7995842652483,0.4672758199253337,-0.15612543,0.014182750072007692,25,191.42473,2273.0586,-8.391526,-2.6253138073383435
4554,1199.1058218038174,1435.0696159370318,0.5881562686529221,-0.24732786,0.0800091230792338,25,1572.7399,16162.664,-10.521282,-4.864522553488912
4555,161.20418819915812,1435.2738279042726,0.40287945153007987,-0.071357794,0.12793600459487184,25,36.06569,457.17203,-6.6501994,-0.8469157150490264
4556,228.71800922053274,1436.5081750592706,0.4147755304744054,0.07752911,0.14232360016893247,25,86.74853,1083.4178,-7.58699,-1.780987147995115
4557,1210.4793876073552,1437.23224305415,0.4348165419774633,-0.46039176,-0.12882966919813502,25,40.441956,508.84158,-6.7664566,-0.9442849129120968
4558,146.65912679515915,1439.8379805362056,0.4573298114587124,-0.29640344,-0.07179893309888975,25,840.85455,9867.407,-9.985508,-4.2313452101156095
4559,642.6572159664532,1444.0723823829937,0.5545372475359961,-0.19411305,-0.1617029854316474,25,298.41953,3225.3857,-8.771454,-3.0643447526000522
4560,884.8910802529671,1444.344245669258,0.4848380059757606,0.046307802,0.28754745793050057,25,26.04874,301.6216,-6.198656,-0.47099847712790294
4561,1090.3336099682622,1444.5320882773783,0.4594218652997234,-0.22283219,0.01991246903609992,25,50.88195,595.8916,-6.937918,-1.214330031208046
4562,605.8915901532843,1445.6330600378303,0.4730857575553185,-0.08979567,0.10070623801977735,25,62.207706,677.45526,-7.077202,-1.4781264323379897
4563,1065.2673482992486,1445.8683623754043,0.452079987991781,-0.071553804,0.035180583422266584,25,83.83853,970.3465,-7.467317,-1.7557780914351928
4564,560.6557776014793,1447.5028481641966,0.48442257080926615,-0.04745858,0.07769394487794216,25,55.36633,652.6833,-7.0367565,-1.230178120977111
4565,1118.2411191793192,1448.4322714489392,0.49491649407181376,0.31104547,0.09298592289861692,25,16.085556,160.43253,-5.5132313,-0.03752909620488074
4566,36.553160036467524,1449.0966288634409,0.49048372989381034,-0.29792166,-0.15133185620068135,25,108.45855,1352.7823,-7.8280697,-1.8795390005225197
4567,965.4721817055781,1450.0883486221924,0.5635407704151968,-0.232741,-0.11834665640974863,25,712.3448,7555.3716,-9.69564,-4.030051287663653
4568,221.21503043297923,1450.5573326089454,0.46328504571956036,-0.42623606,-0.0056113330306154065,25,27.690166,337.14816,-6.319552,-0.4656972787467306
4569,729.2838401746671,1453.1484385225601,0.4733837436388001,-0.050710507,0.1508309205764912,25,37.74081,438.88153,-6.6058683,-0.8576792621817374
4570,293.92182957879726,1454.608825642354,0.36526373673392387,-0.31038287,-0.08534927037883774,25,21.675884,280.07748,-6.1181955,-0.3376241779298466
4571,430.0118973617671,1454.8905196314918,0.4020473584582921,-0.07811019,0.03855074102429601,25,62.765163,763.944,-7.2076535,-1.4991048282255068
4572,930.2422122925249,1455.898877613799,0.4487206792030887,0.6921362,-0.0002709508126153881,25,17.41043,193.82436,-5.718521,-0.17514785134277905
4573,1003.5540333721915,1456.7893851448853,0.4040643084818961,-0.21892624,-0.016735748561183934,25,41.836945,516.5169,-6.782711,-1.0150278655570297
4574,781.4691997244041,1460.4699081233528,0.4372311867479383,0.049136166,0.02458744867692346,25,198.41515,2563.63,-8.522139,-2.5896875629299516
4575,260.6178789546421,1460.442624541513,0.45529378450657876,0.06713312,-0.0025271273987549645,25,19.597786,201.56454,-5.761035,-0.39255949720545014
4576,1717.2918247407274,1460.9281031844812,0.421900952908198,-0.13447526,-0.03243412665639739,25,82.76823,931.1733,-7.4225764,-1.8284518816629294
4577,142.89513121495403,1461.552712872877,0.4487914612031071,-0.17654811,0.006397180430162202,25,230.33823,2771.149,-8.606649,-2.799668609155278
4578,345.5663521263011,1461.4759694931167,0.29815823730516616,0.33362025,0.08574997739859647,25,36.96961,503.82205,-6.755693,-0.9919082614891082
4579,436.682384335374,1461.5761317028825,0.42024737191093997,0.1652951,0.03099102936301537,25,134.69904,1660.9507,-8.050892,-2.222977669401849
4580,59.56744314076021,1463.3534550204506,0.48427294154923406,0.0804678,-0.23046241339890444,25,40.88666,488.20038,-6.7214956,-0.889846927877075
4581,590.3872341288659,1463.0570256008268,0.594532816125067,-0.6857724,-0.2806454598127745,25,15.612031,139.29788,-5.3598614,-0.0036977765958089003
4582,745.2102776915252,1463.044246688867,0.41023504418516943,0.006206625,0.14542316455864318,25,34.563915,398.20496,-6.500267,-0.9325891756815514
4583,282.4134488149524,1463.972880357007,0.43448377405547994,-0.42251393,-0.1349262080709168,25,66.035355,847.0689,-7.3197966,-1.4133633316239256
4584,810.9650867260328,1465.382019382765,0.5840297656436328,0.13499714,0.354928606273325,25,28.74403,312.19638,-6.2360697,-0.4467368851661552
4585,639.2384643485019,1467.194727115822,0.4924159196947348,0.07683617,0.010746096728717354,25,44.605274,459.31586,-6.6552787,-1.1871574483993708
4586,1689.5620245759383,1467.0056183744389,0.4802204846645906,-0.38107142,-0.009673851982478046,25,23.302631,247.408,-5.9835343,-0.4177240972739401
4587,255.82558865960954,1469.5497020277453,0.44501783740417933,-0.36249167,-0.09648589515698662,25,33.13248,409.95514,-6.5318403,-0.7373676932109772
4588,563.7154880819623,1469.8743346399426,0.5706067293098683,-0.31340143,-0.1374707352036579,25,185.95128,2042.0559,-8.275169,-2.5507001491300114
4589,116.7911590235161,1471.2523201518427,0.567091408464978,-0.5301801,-0.043233249233637354,25,62.533146,716.4924,-7.1380286,-1.2785005047752052
4590,757.2929953250158,1471.3317058551957,0.5044105391837662,0.06933504,-0.004137636072790576,25,112.02108,1306.4546,-7.790236,-1.9687667673596239
4591,675.0376487428565,1473.587581914986,0.4959789784897224,0.1313658,0.2166019370431528,25,69.03805,785.93726,-7.2384696,-1.4882503249455123
4592,263.81248033859833,1476.8007134816414,0.4849142858769133,-0.18605353,-0.06500369957617946,25,99.608185,1129.5549,-7.632269,-1.939514376448563
4593,59.63589196718955,1477.7281173654035,0.4779853430227402,-0.61161274,-0.317481626325722,25,21.500355,244.99467,-5.9728913,-0.32172005259671244
4594,357.74918258564196,1477.538702838218,0.2901237018891513,0.062421225,0.04442032386430731,25,51.96609,703.3562,-7.1179385,-1.3575802971050623
4595,451.30648936741494,1478.0323573267542,0.5292731797369025,-0.031176554,-0.05424728605159833,25,215.21042,2310.559,-8.409292,-2.770190923294082
4596,1622.2227579666896,1478.305791141697,0.5025704477862462,-0.044552207,-0.07967722037925125,25,117.08774,1303.7681,-7.7880006,-2.074469651047701
4597,1723.009367765365,1479.038853093114,0.41559315966585214,-0.11853083,-0.03946407580406305,25,16.945427,174.27475,-5.6030865,-0.2530148882112141
4598,483.77727175003895,1480.5761549926253,0.4844661821683221,-0.6174891,0.002884974695554745,25,33.274845,385.48795,-6.465027,-0.6785250227055399
4599,685.5717986290293,1480.9567008710108,0.5124929003739023,-0.17964296,-0.10297835551654196,25,39.261467,425.97226,-6.5734534,-0.9134742285977975
4600,184.57205301873367,1482.2386268213197,0.5063101032993106,-0.16793415,0.07730159730145009,25,36.334675,417.85486,-6.5525637,-0.7679354913935692
4601,716.4923700041932,1484.9618107395236,0.4584362895483146,-0.16608399,-0.04031472448744548,25,47.340122,543.4366,-6.8378725,-1.1500591098204265
4602,842.174714780512,1486.4585519128104,0.46380621712259296,0.11614602,0.2036581618312055,25,23.171116,250.26305,-5.9959917,-0.4467001303588434
4603,262.38566130376523,1487.9018723745608,0.5143768454717152,-0.09191291,0.10997221240516254,25,33.810173,383.8855,-6.4605045,-0.671024638364073
4604,788.7364967342165,1487.5992515162623,0.4245717480449023,-0.2184648,-0.07926406295664215,25,22.299614,265.25638,-6.0591645,-0.2943384298448739
4605,649.1651067611756,1488.6097462059229,0.45617631482112564,0.0062007895,0.06135463172573485,25,128.14511,1533.8633,-7.964467,-2.201890495760876
4606,228.021538259089,1490.1451806058003,0.5322002043971924,-0.22169691,0.3602446812639658,25,27.011742,306.68243,-6.216722,-0.46265447189243714
4607,41.608040852563846,1492.1928460838512,0.5201015017894387,-0.48765612,-0.12353672179839022,25,22.500038,234.61981,-5.925912,-0.36360297173487316
4608,1747.3535326084727,1492.1613586917638,0.4309242234258819,-0.018092314,0.012549135734348385,25,217.49336,2365.7856,-8.434938,-2.923955682941947
4609,1366.576075572764,1494.5506743650433,0.48067552168101974,-0.27456447,0.14410350494978946,25,144.92494,1720.3754,-8.089058,-2.280958709224161
4610,634.0776767348483,1494.448560102812,0.4488608910797887,-0.071664855,0.08313792243602193,25,46.710655,551.1145,-6.8531046,-1.1266203747905883
4611,149.3383902050994,1495.4415395205976,0.472612516834921,-0.519171,0.12960169780678793,25,71.3088,852.43164,-7.3266487,-1.5518351870507656
4612,1236.608305553695,1497.982788539794,0.3775162580927031,-0.39887795,-0.05935469169420918,25,37.939384,432.09848,-6.588957,-1.0292599448609767
4613,309.94742470736185,1499.8117119759818,0.4756312000775918,-0.25668573,-0.1841276722365493,25,21.275803,232.7902,-5.917412,-0.4199119482784274
4614,444.8864667044905,1499.8374625037588,0.47528648780187016,0.08394208,0.11462642191179119,25,44.131737,482.9002,-6.7096434,-1.1123036322365663
4615,849.0124304493687,1499.7939341067217,0.45029585782965964,0.12205402,0.00952389581832112,25,19.813885,221.90771,-5.865431,-0.25643877992748276
4616,172.91268101751612,1503.6025263247986,0.4652225054486111,-0.25625792,0.0931392847576381,25,153.20262,1761.2402,-8.114547,-2.424194920301295
4617,587.5616203149082,1503.613122560859,0.49202724869289644,-0.52814347,-0.21263791790611739,25,97.170006,1138.9568,-7.6412683,-1.8503365412377504
4618,778.0888138454658,1504.0554513129339,0.5463318366435574,-0.25142398,0.0066145948104326035,25,153.41101,1604.439,-8.013308,-2.3721704002140895
4619,316.47190069445344,1504.897196572881,0.5315325274075487,-0.4584749,-0.17895837685841165,25,180.50307,1927.744,-8.212624,-2.5650385859410134
4620,1017.6186610961823,1505.1964752042295,0.49210176903703023,-0.40927693,-0.0006042655263566303,25,225.94444,2518.5972,-8.502897,-2.833798345965838
4621,236.6786005411145,1505.8947670583673,0.5420265787175738,0.12700036,0.020978601979745437,25,34.077972,353.46716,-6.370873,-0.7841513350564087
4622,768.4675632249763,1506.7709535113445,0.4885928740719643,-0.13053003,0.03322165308524225,25,38.37345,447.6846,-6.6274304,-0.8901494374732613
4623,799.287042596478,1507.1425963803968,0.46724008668311423,-0.35828957,-0.0956367361616425,25,36.85244,427.3777,-6.5770297,-0.8321215793152513
4624,575.8355351566329,1508.6416892957009,0.4816451381038389,0.13793543,0.008813333230456988,25,21.031994,218.38342,-5.848049,-0.32043981304224756
4625,1479.3806962420924,1509.9913949923314,0.41994144419009855,-0.05290626,-0.11653232493396957,25,52.527927,644.1552,-7.022476,-1.2691739031946865
4626,1567.313274766066,1510.4535211968825,0.5302971542081014,-0.09818844,0.20319197090885727,25,45.803436,488.8643,-6.7229705,-1.0430695045646674
4627,598.8349657318812,1511.5399079796346,0.4610054726717724,-0.13319393,0.0008337318360407774,25,69.825806,834.73346,-7.3038697,-1.559465642419077
4628,700.1245902053782,1512.748815130102,0.4427493503068007,-0.15096004,0.12793255744942122,25,65.86322,738.45886,-7.1708155,-1.5883309300727275
4629,239.5624564178149,1514.5382141268967,0.4834918188734292,-0.49699152,0.024943295554621926,25,130.48734,1465.0292,-7.9146156,-2.2499234296309343
4630,686.2558962288427,1515.6691454398888,0.43834440233084576,-0.06350421,0.06030737912179979,25,31.844376,377.86417,-6.443339,-0.7436715061315238
4631,194.30385605478585,1517.1400483342238,0.4429527274176872,-0.31372288,-0.13878508699098427,25,109.85612,1345.03,-7.82183,-2.026483912416968
4632,1477.758647483987,1517.069246285268,0.49927565719889794,-0.18481083,0.10171161760630733,25,75.54556,834.0417,-7.30297,-1.655325262157123
4633,614.9082156128803,1518.328241858262,0.486602336794066,-0.3531007,-0.13882149201078328,25,116.056244,1298.4498,-7.783563,-2.1097467897270556
4634,348.40266273728105,1518.7298351443794,0.4707161504705907,-0.48964256,-0.09529711343173883,25,23.391483,269.182,-6.075115,-0.4159249908382478
4635,1665.5748580509141,1519.04685580683,0.48587807687428686,-0.083832815,0.07691142545415039,25,23.954239,247.8145,-5.9853168,-0.467604559555596
4636,15.94207286608707,1523.5166972488857,0.40961692665435523,-0.25785774,0.03347644867030868,25,42.5323,515.2263,-6.779995,-1.0676166421644275
4637,1346.5200058133832,1523.8223955648937,0.577832148250499,-0.34235066,-0.13670583709202846,25,172.25636,1819.593,-8.149936,-2.446666133406183
4638,1909.4292677093013,1524.3587780610628,0.43797261303193763,0.21768609,0.04550978360641618,25,292.4044,3359.4272,-8.815662,-3.152603084426949
4639,1543.9495037749475,1524.4924966998826,0.5573182141419825,-0.18258683,0.18218560479302356,25,79.93841,852.9154,-7.3272653,-1.6284816403761155
4640,1224.4638166359296,1528.2621797896315,0.49578214542105176,-0.107956,-0.00344708386857055,25,173.9545,1980.9866,-8.242205,-2.494345387434433
4641,124.72006591514263,1529.4165760958872,0.45038752700084494,-0.21647704,0.10305520653707384,25,55.24973,657.3309,-7.0444603,-1.2944085317715002
4642,185.83774662689115,1530.916085523353,0.47150762155478865,-0.22150259,-0.00020210193788107114,25,42.11241,481.2743,-6.7059813,-0.966959071860299
4643,64.50901489668453,1532.383333358581,0.41988754124594113,0.161258,0.15371723838764692,25,17.904541,220.46404,-5.8583446,-0.1853760278710961
4644,566.9777883811868,1532.9523493197921,0.5122167860983742,-0.11368852,0.06584473041836307,25,63.883938,710.409,-7.128771,-1.4398193404792075
4645,76.91328087542817,1534.4427967450436,0.4560406935492245,-0.2116389,0.13216581916363737,25,74.7019,915.46094,-7.4040995,-1.5512533493330642
4646,737.9827478703783,1534.5938845775715,0.47830333351268994,0.103430726,0.12088527803851942,25,29.966038,356.04248,-6.3787546,-0.6075207757255364
4647,688.6885913225334,1535.0376347976996,0.4310312854535406,-0.39374647,-0.004326052198278162,25,32.920544,377.83145,-6.4432454,-0.7694260376479779
4648,449.0400272670684,1538.2811767312496,0.556601159856721,-0.14006217,-0.025734925645149308,25,23.466694,256.61942,-6.023224,-0.20745559689371837
4649,509.1128266974305,1541.9043732416687,0.4192892495683653,-0.25934505,0.07626791722628652,25,32.997913,358.3571,-6.38579,-0.9790843823904589
4650,259.8513908338662,1545.8748532257111,0.46723687885865683,0.022995705,0.21951923053829533,25,16.945324,186.2329,-5.6751413,-0.07012772295235076
4651,1445.9991675446702,1545.4436477408065,0.4719040690223002,-0.028819282,0.2484978134515787,25,30.297447,334.43146,-6.3107677,-0.7079385511713201
4652,212.37015787773558,1546.7540795586788,0.48270977472108195,-0.27703285,0.07253845518455578,25,83.60686,934.9161,-7.426932,-1.7552216294296468
4653,192.90541355129153,1549.605320993223,0.4479082379788378,0.120628625,0.40998246788792025,25,25.863987,334.0933,-6.3096695,-0.408569137434334
4654,1414.7964165864366,1551.9660777723536,0.49029860648599893,-0.14629406,0.012501891253547337,25,37.367558,425.51266,-6.572281,-0.8333595330246341
4655,1643.097818991808,1552.866658287561,0.4183203890645469,-0.108446606,0.12837065167033243,25,71.59547,818.34814,-7.2823453,-1.703099438031381
4656,340.78474966008224,1553.75043219256,0.46160786780965,-0.25384346,-0.014385598025154373,25,129.66412,1491.977,-7.9344053,-2.236563398650919
4657,144.58892823957135,1554.8788992277778,0.4497367039495555,-0.17120665,-0.06879504483400445,25,57.715115,680.81775,-7.082577,-1.3277407332521292
4658,824.2264962409912,1555.028182373951,0.5770184452656798,-0.046912823,0.07863348791211922,25,82.58541,837.46,-7.3074102,-1.6972613479180163
4659,1057.0764703190482,1557.290306468512,0.39668185988546845,-0.10620649,0.2913204476885335,25,21.461182,259.10474,-6.033688,-0.4226493677694227
4660,477.55704163774897,1559.198933780875,0.47424021927348736,-0.18583803,-0.014361616165055331,25,69.648895,866.6752,-7.344641,-1.40960767089087
4661,1254.8935895615084,1559.3848390952787,0.44537151724416024,-0.4634746,-0.008506206475124555,25,82.43853,942.85364,-7.436111,-1.7822038441712709
4662,647.1387619387937,1559.7068207103277,0.4767836740181997,0.097505726,0.1774762358195774,25,49.190258,546.4984,-6.843972,-1.1900668831344365
4663,449.128444427172,1561.5501202221412,0.49834989098629806,-0.11922839,0.14680997292827017,25,257.41635,2899.6418,-8.655861,-2.9344557368549533
4664,1067.682091428758,1561.2324057606895,0.34781135382591655,-0.1121201,-0.07859574578887844,25,11.728911,130.4512,-5.28862,-0.02542268284988007
4665,244.32376563634122,1561.7063608783299,0.5333830974613744,-0.3355042,0.12245493217637071,25,30.410118,321.31412,-6.2673244,-0.6446548675029287
4666,385.4484470172834,1564.237788180354,0.4170755531824982,0.2376097,0.062289559983059205,25,31.056152,368.11627,-6.4149623,-0.7684902690091293
4667,33.62243635195307,1565.1247856097589,0.5228442121050586,-0.28958678,-0.29414405552235506,25,333.31235,3667.1704,-8.910828,-3.2215096376289383
4668,195.24927148294267,1568.8969475863012,0.5461946822051735,-0.35692278,-0.2581280127586231,25,19.634686,205.88663,-5.7840705,-0.20729493376654795
4669,431.7878528831945,1568.8417538031424,0.7512660793525024,-0.059009176,0.04044284449131929,25,18.807423,138.87408,-5.356553,-0.05793800849684109
4670,1475.8275567053754,1570.0045373914625,0.5913171614622175,0.02849318,-0.008292972869325057,25,36.093086,357.10608,-6.3819933,-0.8131778908581453
4671,709.6853832907999,1570.2751731182632,0.4226966337014415,-0.67602366,-0.4249653318198987,25,56.85587,837.32135,-7.30723,-1.0864233432991086
4672,807.4943191217684,1571.5536010157064,0.5381384158134064,-0.33292234,-0.1528119972354189,25,156.91301,1814.4093,-8.146838,-2.312971132586738
4673,1166.2474301580733,1572.6835055187491,0.4882301331852346,-0.40051222,0.026715686855567362,25,39.96494,459.07602,-6.6547112,-0.9157467254871601
4674,64.98269908589353,1576.1616195436181,0.45610235945265015,-0.37561336,0.08250901899700874,25,247.6491,2861.2998,-8.641409,-2.924061273392989
4675,381.6235186253603,1576.9423228321275,0.46988583573660747,-0.30431736,-0.19818431683166388,25,140.62616,1661.4275,-8.051204,-2.2929295930982625
4676,1454.5517714201144,1579.4786119980763,0.4851991358001255,-0.33144093,0.05278277951961744,25,43.82304,504.65588,-6.7574883,-1.0436011637660725
4677,1557.953700597968,1580.780054157794,0.5043754727037432,-0.15909822,0.1764730972153846,25,50.911694,589.0168,-6.9253197,-1.1319108321306846
4678,2031.5191151873853,1581.1470725878457,0.5309994962815102,-0.10858842,-0.1595281128947069,25,115.8671,1249.7833,-7.7420864,-2.068556631362857
4679,1499.743159586802,1582.2116311571642,0.45071019523619926,-0.11393741,0.08640905098062833,25,82.047424,923.47253,-7.41356,-1.7818481944190676
4680,1109.432734619838,1586.18203653262,0.4460413327386924,-0.09584714,-0.01980143640996114,25,50.510174,576.1824,-6.9014,-1.2288060582125624
4681,1820.4272572632199,1586.4721362050623,0.46006057260540145,-0.38280296,-0.011319186706324673,25,3982.1958,46641.344,-11.671928,-5.9531113610859965
4682,1384.1604695012456,1586.900358434648,0.5243681082873782,0.025430022,0.0002847201448726724,25,22.204727,240.19914,-5.9514284,-0.2802684262587001
4683,894.9349160027543,1589.4107627583198,0.5468235857942019,-0.09519763,0.06247762538802788,25,173.4582,1972.2931,-8.237429,-2.442813440812855
4684,0.9191862468906669,1589.3433459841192,0.36937473789997993,0.42957112,0.6214044990320263,25,28.32645,292.519,-6.1653852,-0.7940083507894491
4685,555.3334397950277,1590.033471822884,0.5137915366388454,0.009734622,-0.0038457404576700297,25,68.62211,724.3292,-7.14984,-1.5488933635982458
4686,345.8930833816298,1591.1731005845459,0.4869363251203036,0.060400315,0.17040989340746743,25,56.9239,620.7122,-6.982226,-1.365301400515906
4687,1073.8603351699876,1591.3807760125117,0.4175454879081784,0.082633816,0.24058851673157555,25,15.781186,163.1795,-5.531664,-0.09860544707789853
4688,1354.021992532974,1590.3422546103996,0.46724149231083684,0.31342405,0.20607107929377433,25,26.047169,290.34576,-6.1572886,-0.5063761715029143
4689,59.22737573994306,1591.8914516700318,0.4345780531523742,-0.3353442,-0.0441301257054644,25,174.14403,2116.396,-8.3139925,-2.5323358830965454
4690,337.64048118018246,1593.9242581453084,0.4175857869093844,-0.2118835,-0.3385677151298526,25,15.624452,181.36975,-5.6464124,-0.03287876430942132
4691,75.56454810100739,1598.3423065114773,0.5088210957873835,-0.50357944,-0.06918884715889309,25,108.47598,1266.8403,-7.756805,-1.9460213693847672
4692,597.0065162126124,1599.260862636004,0.6664534428992516,-0.326215,-0.2484085647727077,25,23.151592,251.67892,-6.002117,-0.08951478018384909
4693,1330.0312814831148,1598.7520304711384,0.4593748215623438,-0.28671506,-0.4352300597081087,25,46.283833,612.54254,-6.9678407,-0.9085621413531086
4694,880.8913061485686,1601.3615999404062,0.4339997925838559,0.16535655,0.06420830044474697,25,57.322605,679.42285,-7.0803504,-1.3778602694583526
4695,1679.413409460225,1603.2796936836278,0.4895056862736225,-0.28991547,-0.0424497120458133,25,71.495964,827.7522,-7.2947507,-1.5374132989612475
4696,704.3321869909123,1603.5998656163083,0.5287492768469114,-0.32160473,-0.004437133118774124,25,111.92374,1205.3767,-7.7028074,-2.058767449351057
4697,1023.1267762454028,1603.9338619068694,0.5592144569855625,-0.31131038,-0.07236375455775224,25,227.85645,2389.84,-8.445922,-2.7806022749733716
4698,1346.6667590215868,1604.7901227087652,0.4251944880569458,0.026597,0.07782455955021081,25,172.15573,1936.0455,-8.217289,-2.640138046696113
4699,829.4545478340642,1606.6689106907024,0.5256588748919118,-0.24650592,-0.033700808691432466,25,958.6151,10946.461,-10.098185,-4.290152234771109
4700,112.39881652946971,1607.7456816543734,0.4227151635861449,-0.22388414,0.02221357923603388,25,19.996387,246.11316,-5.9778366,-0.23700881126537515
4701,1083.3532150191331,1609.4899263728948,0.3938727010407918,0.33089197,0.16205591378593712,25,19.638138,237.52495,-5.9392734,-0.30740407094674926
4702,1209.2650125298212,1609.1642221197053,0.5088351915910737,0.06287109,-0.012185310920336407,25,45.125965,489.83804,-6.725131,-1.0335156112328536
4703,335.19675635866565,1610.9296164012776,0.40455250707819385,0.19928089,0.2648129568157686,25,105.34733,1425.9419,-7.885255,-1.9405627137463568
4704,515.7306274931931,1611.5173683617581,0.48769322362898965,0.03011841,0.15950029966562626,25,14.697148,157.1991,-5.491125,-0.001571475809823774
4705,1390.7474692838582,1610.8368975929536,0.5055233551854694,-0.1820601,-0.024427842014061757,25,96.16961,1063.7135,-7.567062,-1.8738346355276718
4706,1836.1350166514007,1612.8968080660982,0.47815200643075495,-0.058951043,0.025807832254684544,25,62.910236,688.181,-7.094257,-1.5166516685354976
4707,684.1454673500948,1613.8356288742407,0.5378684527391738,0.028996287,-0.012178922104067822,25,299.2149,3339.0327,-8.8090515,-3.0498861532799637
4708,863.249104088474,1613.662528925043,0.4855576174045425,-0.30837035,0.026758833572747477,25,129.61432,1464.7264,-7.914391,-2.186277313542109
4709,1042.6693608849982,1617.0227829022772,0.42297431373677946,-0.12037299,0.08873153048868994,25,35.615143,408.10205,-6.526922,-0.9482055522855808
4710,1204.3249251328505,1618.2453693640286,0.6070272348115461,0.32012698,-0.03666744657248206,25,26.09607,252.88116,-6.007291,-0.45550884726109664
4711,417.95150050120856,1620.748363352447,0.44493922188138196,-0.19781005,-0.05446082029868387,25,62.26324,723.556,-7.1486807,-1.444327291960219
4712,1915.734730494995,1622.6999913798193,0.5471701442542439,-0.20175634,-0.22501842949957748,25,17.538372,182.38641,-5.652481,-0.0481044776104051
4713,1848.5462597263936,1625.3686699449129,0.41350385655596217,-0.22523318,0.05095154124354618,25,77.393295,903.53864,-7.389867,-1.7212990809470035
4714,175.0560342213553,1628.7656673767851,0.37625759405124665,0.19242889,0.07970199238087487,25,15.784516,185.32298,-5.669823,-0.1971535811997211
4715,386.1303982847616,1633.3228475357657,0.47457697750909883,-0.07594438,0.07100270266134054,25,191.39932,2130.8562,-8.321385,-2.6725871983753557
4716,255.02472291868585,1635.1839446075453,0.37310514589821453,-0.39132306,0.04271901108421055,25,14.533763,159.79117,-5.5088816,-0.1379294880570035
4717,585.146271364556,1635.9982607796514,0.4585940792340968,0.05812592,0.12444173386477524,25,24.049511,261.32773,-6.042964,-0.5375280795783899
4718,772.6721579086303,1637.9810314411834,0.5223428152106768,-0.19184482,-0.025232550617094937,25,356.47125,3891.804,-8.975378,-3.2752216979087323
4719,455.60095485873484,1639.3600345839695,0.4995469059950962,0.12418317,-0.09027264951549638,25,81.798256,919.4771,-7.4088526,-1.713612123242965
4720,684.1458244533143,1638.844813091518,0.5095544262915431,-0.29573134,0.08976952414964014,25,171.93167,1832.6033,-8.157671,-2.553124546841384
4721,652.7774246664864,1639.9413117575375,0.5939824886786912,-0.32420555,-0.1040994509458953,25,24.151249,220.82652,-5.860128,-0.3777184369572864
4722,811.7902538335372,1639.9592701131307,0.5285929940874039,0.2630285,0.062138089195578505,25,54.064335,590.0493,-6.927221,-1.2491161685322225
4723,1905.1894333780467,1640.8612082372497,0.48524946271121977,-0.0067615025,-0.049821454735994454,25,64.89013,699.0631,-7.111291,-1.5052665810431485
4724,70.4636661253257,1641.2061470676583,0.6009517660848607,-0.19329205,0.228670149233833,25,22.435654,219.78745,-5.855007,-0.32602596173019927
4725,125.97461406676021,1642.8910788319076,0.45175557858766757,-0.36902818,-0.16317179493418033,25,22.571545,247.56558,-5.9842257,-0.38280609044434916
4726,1387.6896233681243,1642.7783144989744,0.5477772624352613,0.10024878,0.01724049405247911,25,82.64241,894.55066,-7.379012,-1.6556353696426789
4727,1217.4381566050365,1644.2419748479365,0.4833955941907443,-0.096539766,-0.019813989897874557,25,30.428806,341.00906,-6.331915,-0.642015242788617
4728,624.4705844266987,1648.4393595599313,0.482026295754949,0.18597269,-0.009243890489752589,25,42.6462,507.29803,-6.763158,-0.9176396630376835
4729,759.7344287093388,1648.5662287415948,0.45283952867421373,-0.21086997,-0.013559344716018613,25,18.308762,204.89655,-5.7788367,-0.14107017697620144
4730,929.5877372169082,1649.268024071532,0.457777073331191,0.092504874,-0.00013334571513191348,25,527.0696,6169.722,-9.475664,-3.7612541042184287
4731,368.1512101748386,1649.7967501292135,0.38001425300029457,-0.26390177,0.03756308051557357,25,35.909637,425.05508,-6.5711126,-0.9776364376665824
4732,833.9771594739574,1653.7344906303883,0.5014713432908826,-0.3333025,-0.19906833820336306,25,123.36617,1441.7786,-7.8972464,-2.0962381020179754
4733,1235.7504185225812,1655.7335580791985,0.40619728599614363,-0.22600281,0.1626844555870833,25,37.325638,459.4036,-6.655486,-0.9034690458086532
4734,354.41787590864095,1656.1054379164766,0.5177201928265783,0.06197423,0.11536794762198341,25,20.354755,198.79836,-5.7460318,-0.3154090630556447
4735,1168.1620971766276,1659.9645815452534,0.5190798595088378,-0.25580543,-0.27984022442955586,25,94.571884,1153.1921,-7.6547537,-1.7167160625043423
4736,144.9032087579945,1660.8065092479303,0.4489926004381567,-0.26674098,0.011196568098665635,25,127.59617,1563.5013,-7.9852457,-2.1358367612235387
4737,1730.1247729557247,1660.5512495782027,0.5996636996521371,0.5869998,0.179331354692106,25,21.268711,209.98247,-5.805458,-0.20885462230895419
4738,306.7370145061417,1662.3874605129195,0.4008567087271381,-0.17987022,0.07773748790785212,25,16.003193,192.89656,-5.713311,-0.09447724605320244
4739,2010.2771728381347,1664.422190033848,0.33823378420700767,-0.58899665,-0.09119531815918965,25,15.185416,201.97878,-5.763264,-0.08858501513558271
4740,177.25380252563653,1666.105983022849,0.5517870905415104,-0.30997658,-0.056426910079171506,25,128.20833,1357.4674,-7.831824,-2.1629453652706143
4741,537.7265803633508,1671.4212753814516,0.3308489364588578,-0.040591348,-0.28056960345777715,25,25.899166,343.5395,-6.3399415,-0.6160351434477712
4742,2017.2997218639766,1671.7874264782615,0.4692723781509578,-0.036678743,0.03714611333019075,25,258.43677,2884.4822,-8.650169,-3.0016079838080243
4743,220.54944474289834,1672.6279375079837,0.5245264196281472,0.07275341,-0.03493638593522976,25,204.57314,2329.4739,-8.418144,-2.623539954370093
4744,1127.2154042678228,1673.1118818520367,0.5788358721258504,-0.65497226,-0.12120336982597636,25,23.761559,241.21996,-5.9560328,-0.2833272136095486
4745,338.2872271733072,1674.767138230049,0.5196067080728175,-0.25981757,-0.036032076821984345,25,5286.7754,58607.508,-11.919884,-6.2046383824031395
4746,1581.2161366017056,1675.8052464135014,0.5743316614675947,0.089241795,0.22369419215577793,25,17.899246,147.83545,-5.4244466,-0.17553157206840558
4747,1591.3259021319875,1675.881042145206,0.4948508648688002,-0.16205533,-0.058576014070831385,25,120.24549,1332.5227,-7.8116865,-2.135417788501674
4748,522.0768770252224,1679.2553571864878,0.4414366390771034,0.11181829,0.13760809858038672,25,19.33928,211.91556,-5.815407,-0.2544318061761728
4749,722.52246506412,1679.18659225988,0.47577664406580467,-0.1599712,-0.10662884723266139,25,199.81422,2324.6064,-8.415874,-2.669749181169089
4750,879.1404950242529,1681.5381633536133,0.32465945516742467,0.12433698,0.22795273197209717,25,66.425,884.10596,-7.366261,-1.5818260909713888
4751,602.3283072772249,1681.7324785102653,0.4332709212208322,-0.29353416,-0.024156929401935357,25,32.375187,393.5296,-6.4874434,-0.7180896278564186
4752,887.9902028444176,1684.3505611686064,0.44279884331982144,0.1005877,0.15741876829773638,25,26.116306,291.6715,-6.1622353,-0.5615506807086321
4753,92.24089415164988,1684.5730997945338,0.50971726874789,-0.10423715,0.06312658485762551,25,63.091595,696.3724,-7.1071043,-1.423950543324442
4754,444.2438997788252,1685.3030993642699,0.4392021141225576,0.050721467,-0.20859313866642382,25,41.405033,495.83154,-6.7383356,-0.9824558141167403
4755,573.1919295043754,1684.700356026683,0.49117303311369936,-0.21682958,0.0811527108055831,25,43.918175,473.20343,-6.6876197,-1.0949976293072625
4756,1135.7631792950178,1685.9724628143344,0.4987818196547337,-0.057819378,0.08541174663123687,25,87.45245,942.66284,-7.435891,-1.808399542067466
4757,769.2107461170071,1686.8097908763548,0.6155199790778615,-0.08856518,-0.18959260854879625,25,24.684147,204.43834,-5.776406,-0.5163166116042631
4758,1445.9444679676685,1690.94293166474,0.49902334963379325,0.10638687,0.205092077308276,25,24.068264,253.26268,-6.008928,-0.398139223944161
4759,520.9351777924414,1695.2681930908818,0.5513248438296097,0.11311692,-0.05084963193055666,25,34.020622,356.66946,-6.380665,-0.7053769297622493
4760,178.55590720288438,1695.4457351740828,0.45814924937752155,0.42274112,0.12006178834128355,25,22.824535,274.09152,-6.094739,-0.330472722642315
4761,770.8172907879596,1697.4600992109783,0.47151192081521254,-0.25997552,0.19869111921146732,25,28.764832,330.44424,-6.2977457,-0.5588938246940625
4762,462.4716222337515,1700.8406084759165,0.5015072217501663,-0.5603086,-0.1037832959442569,25,53.042522,583.97906,-6.915993,-1.2712521387260936
4763,1394.1351205684305,1701.1729345909343,0.4923007150667173,0.19655989,0.11318276087639335,25,56.37682,606.2395,-6.9566107,-1.3616299819551112
4764,302.79099275615164,1703.0917445518037,0.5020018870896736,-0.06234281,-0.04545114038423719,25,49.470104,570.7921,-6.8911953,-1.0810256492904171
4765,546.1564578582736,1705.1804782556374,0.48167133141150975,0.028097477,0.046597088211473174,25,52.14284,594.9042,-6.936117,-1.2304177852362226
4766,1221.7654473803598,1705.1938464702669,0.4766551550256411,-0.10556844,-0.14607461319258533,25,23.06717,258.60913,-6.0316095,-0.4010309657359182
4767,1303.2414174594537,1707.3596385536796,0.46108941739758846,-0.17042217,0.1958268357065952,25,57.654552,652.1827,-7.035923,-1.365165081524402
4768,345.676551861378,1717.0996395298043,0.3633934820548006,-0.2736282,-0.17703542192467173,25,24.427753,292.7429,-6.166216,-0.5320666907386719
4769,1273.6827127406045,1718.2589014419195,0.4475785589393735,-0.2824226,0.025394742422463784,25,103.44418,1160.57,-7.6616783,-2.057207596166897
4770,177.00107891401547,1719.7662945904117,0.454449068322069,-0.1767315,0.11665304257990465,25,19.24768,206.92151,-5.789514,-0.21743720253795107
4771,427.0264694020686,1720.8464597766997,0.46348849575327977,-0.31649598,-0.02358359046788169,25,62.11423,717.03754,-7.138855,-1.432986315739491
4772,1102.3615926493387,1721.0837711856852,0.5033770850937364,-0.06267396,0.011426400855129257,25,58.43594,655.51074,-7.0414495,-1.3147195898421455
4773,94.51022192315105,1722.5374059030719,0.4404177251481652,-0.6146892,-0.11863143607178821,25,200.68498,2378.1853,-8.440615,-2.7517725430462003
4774,1658.4862215393807,1726.1719379445926,0.5649043558900152,0.110033914,-0.03995743042355738,25,40.874847,417.08026,-6.5505495,-0.9270838138295376
4775,82.59187284530888,1726.6576060478924,0.4696606805440474,0.023850271,-0.012445620304712364,25,76.79604,921.68494,-7.411456,-1.587440199305984
4776,31.14929964518953,1728.6659994849176,0.6115041420091935,-0.85401046,-0.17392863744270795,25,27.228664,293.95065,-6.170686,-0.3898405416423953
4777,746.2820343011416,1728.416076415826,0.5160219829805901,-0.409399,0.5128216554170751,25,96.68828,1300.6383,-7.7853913,-1.605818625370903
4778,867.9311475598439,1729.3358142321688,0.46171886227655684,0.20172258,0.23109620653800614,25,34.414192,387.0393,-6.469388,-0.8268110503900565
4779,343.9302575231176,1729.528102476226,0.491388158560316,0.20295899,0.15291289772937247,25,48.059544,589.1049,-6.925482,-1.0307072451246242
4780,556.4160619811281,1730.49886338658,0.4559209493610253,0.10986021,0.060691298944039636,25,67.712074,806.3872,-7.2663593,-1.512534062059188
4781,430.7357018605199,1730.815448419589,0.47881073680004166,0.06584092,0.03378746257491664,25,101.751884,1156.0636,-7.6574545,-1.9377776896793997
4782,1649.1283726256004,1730.5213842556168,0.4824243027845386,-0.10319039,0.1387055069649657,25,76.5834,836.3639,-7.3059883,-1.6797703714960504
4783,708.669178917478,1732.2574980634433,0.3832168442420109,-0.093904175,-0.015996793030207623,25,17.705025,208.53195,-5.7979317,-0.15309557021778197
4784,164.90013704188578,1733.7470195025614,0.5657836736778629,-0.24156292,0.07753088538720107,25,52.538265,531.03107,-6.8127995,-1.2214102657442525
4785,799.0427089873255,1735.6922937569811,0.4368995000289114,-0.32467717,0.012956690635205503,25,114.4419,1309.2596,-7.7925644,-2.1620054670450584
4786,626.2114660988817,1739.6833126824745,0.3898559064162438,-0.2501,0.10796785038236598,25,98.1423,1249.1282,-7.7415175,-1.9056595098461235
4787,202.6543268350526,1740.8949143061577,0.47218130445422285,-0.32923886,0.06559894320993223,25,70.566055,783.7357,-7.235424,-1.5976222023199584
4788,336.42733642299976,1742.0362792287124,0.4986207869012557,-0.22533569,-0.0793940229014008,25,343.36102,4039.4304,-9.0158,-3.2043255900203245
4789,1198.0833885099519,1743.1175168281873,0.4483090217249866,0.10224464,0.39854004600002124,25,19.78809,227.57059,-5.892791,-0.3768032278382074
4790,20.647117320677502,1742.9018347085164,0.3976640644510456,-0.05802857,-0.40969443056709276,25,14.642135,156.74812,-5.4880056,-0.12205466767491432
4791,482.58192320561824,1745.093389702053,0.4624272127138563,-0.35011968,-0.11660753499336186,25,329.20773,3852.8403,-8.964453,-3.221313607079863
4792,1717.7860843060266,1744.723329215684,0.49158843791055334,-0.17293946,0.01081949878729858,25,15.024489,145.30653,-5.4057126,-0.013668842289762983
4793,153.27796359076598,1750.3473981088116,0.5158879626552096,-0.13837256,-0.02211242185657025,25,132.30438,1484.8838,-7.9292307,-2.201362309367804
4794,1027.2804649841958,1750.1032558413117,0.46543368841210336,-0.37992218,0.07761847138937193,25,83.882774,934.901,-7.426914,-1.8051233790004844
4795,1060.6966199852163,1750.6632490132793,0.38933893174875583,0.07930883,0.1499246915423721,25,53.968834,641.6668,-7.0182743,-1.3930635869293466
4796,603.0093048069104,1752.1433899809028,0.58567437771694,-0.0302603,-0.03783686970693938,25,147.09514,1488.7578,-7.9320602,-2.2716602298887953
4797,45.22657410600915,1752.4288238241356,0.4373368885151189,-0.562691,0.011730113218607037,25,42.256092,517.6459,-6.785082,-1.0045520318630197
4798,526.1368895260036,1753.0064050024523,0.4890985265642415,0.10049613,0.0502520417004766,25,125.71288,1440.7142,-7.896445,-2.153771078503861
4799,303.6601639695457,1754.534255869128,0.5301665882484708,-0.48871633,0.09664556352903524,25,756.0569,8673.375,-9.84547,-4.0586728540265895
4800,701.1554207897623,1756.4028623998986,0.47791975212749416,0.12948574,0.028613874236616734,25,50.12099,558.422,-6.8674064,-1.2286425558693184
4801,711.2582059814748,1757.390015839845,0.44216647340311277,-0.43596825,0.01086666304016635,25,146.99655,1734.7623,-8.0981,-2.4189649423783814
4802,1639.515427522363,1759.1566539688563,0.48392588852569296,-0.0057211644,-0.06696807668799677,25,72.59813,827.58356,-7.29453,-1.5445644575795534
4803,626.9049352069451,1761.5361722569396,0.44546063419174764,-0.2638666,0.1772450337928163,25,1027.2683,12130.941,-10.209737,-4.513796822173387
4804,322.3021602802586,1761.6130946130006,0.35154619931770703,0.41663727,0.057748866203912626,25,28.727734,382.64508,-6.4569902,-0.6519885202776794
4805,1761.6738843909561,1763.5637341432982,0.444386743782576,-0.7973896,-0.22123298811426592,25,21.061874,235.74483,-5.9311056,-0.30864096669794716
4806,122.73686176641604,1769.0084595116225,0.5198550976818992,-0.50181806,-0.12347419796729729,25,84.80562,959.4678,-7.455076,-1.6697750220526153
4807,1008.8977740233877,1772.1079904317432,0.5690792836552353,-0.048283473,0.02386697759636874,25,181.6057,1873.4872,-8.181627,-2.5428943339906502
4808,614.6247372550974,1774.2621547754825,0.30365360495530375,0.09284647,0.020191849506243066,25,16.823895,213.47061,-5.823345,-0.16783395925483421
4809,898.6056471188341,1778.8678864386845,0.48326902807327554,-0.112610444,-0.010570566777454408,25,162.7641,1847.6708,-8.166562,-2.449912308337309
4810,1015.2167706262456,1780.2593063812574,0.46466036339512473,0.1838366,0.21161563724571855,25,60.633007,661.80566,-7.051826,-1.4697909785268863
4811,172.4155572550357,1780.8635588048862,0.27945624053699886,-0.4612155,-0.2139757551681317,25,13.394904,169.72519,-5.5743656,-0.05005983223787009
4812,458.1062956985599,1781.3479168784136,0.5429710338036176,0.20666836,0.1618908271484057,25,28.868553,296.4109,-6.1797357,-0.6704526492097236
4813,250.74109019088178,1784.8733396793116,0.506023364565412,-0.3036165,-0.10177555595178721,25,31.28693,353.11368,-6.3697863,-0.6130624728148564
4814,396.32789883086417,1785.3292918414747,0.4399019121913075,-0.21408573,0.016659532551048913,25,46.61826,562.2093,-6.874745,-1.1062981678687087
4815,407.18147296759753,1786.226410069281,0.3483218908332325,-0.47628582,0.12096530111050248,25,21.442802,281.79565,-6.1248355,-0.23062713923510056
4816,1247.3395600544018,1785.7562713647271,0.4393234238331924,-0.2562543,0.12637698766344868,25,52.446068,585.14435,-6.9181576,-1.288079532038254
4817,843.4838384132977,1787.100656021617,0.5295093798995403,-0.2610971,-0.08676546879284683,25,296.61438,3141.7048,-8.742913,-3.1393115975674513
4818,1811.6349175525831,1787.923307260817,0.5274675034478096,-0.08664789,-0.11014715540440836,25,239.65132,2499.9329,-8.494821,-2.8861894782497584
4819,1706.1686614729804,1788.8796264994755,0.5195816941217126,-0.05108627,0.17206717804812807,25,29.513615,298.77692,-6.188368,-0.5844411907139805
4820,1759.3984371643483,1788.978183779306,0.4690954111898239,0.0312734,-0.0820297671251975,25,230.32195,2604.3726,-8.539258,-2.882166755749838
4821,509.0326967295113,1790.0148954913589,0.5161421870004853,-0.29575157,-0.066550638796042,25,19.809341,224.35886,-5.8773575,-0.15279785040999438
4822,344.17557442135194,1792.662047241412,0.5337857280956376,0.01968193,0.1882870167253326,25,20.295391,207.62161,-5.7931814,-0.20342442144892997
4823,732.8086204681205,1793.14768030702,0.4633460366245195,0.12866384,0.13840380634140334,25,64.422844,724.7287,-7.1504383,-1.49721459143454
4824,150.5982390334384,1793.5539092796582,0.5188584950840995,-0.48414716,-0.08532830129650394,25,41.134003,474.49103,-6.69057,-0.9169315615063854
4825,275.78015785847487,1798.0523430443423,0.4549567790412714,-0.16047472,-0.029559347161084087,25,27.859829,330.94702,-6.299396,-0.4853349034429517
4826,676.8477840692523,1798.8829762915123,0.4456134067950445,0.00021207724,0.28146132135018814,25,33.092712,400.8232,-6.5073824,-0.7552485734485199
4827,1923.539328715961,1800.316234749889,0.47423575313683736,-0.095672056,0.07367211477205043,25,71.2185,801.1792,-7.259324,-1.5752944086208625
4828,402.09004569848116,1801.3332112395883,0.4127188822550429,-0.24148896,0.0358149685952,25,87.40707,1059.5145,-7.562767,-1.8521076206962706
4829,665.5259789077066,1802.0206754441485,0.44636169028582373,-0.15948126,-0.06498282366176292,25,183.92404,2198.928,-8.355528,-2.6006592254570253
4830,330.26315845507537,1806.2606864448107,0.4281773454707874,-0.09295269,-0.00013307194724088833,25,251.92635,3088.034,-8.724205,-2.9457623202752243
4831,461.38817634026435,1806.4804027895657,0.3655421504691101,0.04502525,-0.031008756756334854,25,249.56966,3206.851,-8.765197,-3.003818862468231
4832,1169.0241541249284,1808.6828183870323,0.5774628273250628,0.057019226,0.024319743523675278,25,47.864353,463.0974,-6.6641808,-1.1606813255588846
4833,808.8025485578105,1811.2032584389772,0.5901867747223148,0.01389203,0.2103160280538812,25,33.807632,357.89236,-6.3843813,-0.6030530864363081
4834,1639.26255281243,1814.1791331627862,0.4750435568984098,-0.060208447,-0.05093969548110965,25,14.445632,138.67717,-5.3550124,-0.05402112400127161
4835,679.1758746980069,1815.6433452009414,0.47915064260877516,-0.032962017,-0.07672161743205412,25,125.17927,1356.2795,-7.830873,-2.280897929493584
4836,919.0858056778482,1817.4254052978065,0.5589608737176205,0.09286285,0.1468063347688541,25,26.033058,257.73846,-6.0279484,-0.5211225620925999
4837,1511.9645646590343,1818.621903069932,0.40051572570849103,-0.10363006,0.08889737319894174,25,29.609867,354.17194,-6.3730354,-0.6946076545528745
4838,121.71934533030834,1820.0928720191732,0.49129166952325914,-0.50449425,-0.15943157663512825,25,98.69577,1187.6198,-7.6866937,-1.823565315498925
4839,451.2602203988688,1822.1735424048773,0.41553778861856067,-0.48125142,-0.00977257040326315,25,33.409416,395.81036,-6.493718,-0.7835799095172826
4840,1257.1272206499812,1822.3916919406522,0.4908715853612916,-0.09234206,0.021063523282431447,25,33.08684,352.8911,-6.369102,-0.8420144694225276
4841,706.3497823925533,1827.8998195772285,0.5223079921092524,-0.3477985,-0.05493942165274684,25,86.6823,933.5026,-7.425289,-1.774532083397654
4842,269.9431631627333,1828.802903233483,0.46036070551110936,-0.15509441,0.04836137615458614,25,27.891392,342.467,-6.336547,-0.48281631288644866
4843,11.962821807106913,1833.477955607606,0.4453390600088733,-0.47458115,0.019046285508695457,25,53.266033,668.7351,-7.0631356,-1.2250752460180905
4844,631.2355764283114,1837.1986761562557,0.37847628950456624,0.009524441,0.0292162249747808,25,23.291637,257.29736,-6.0260887,-0.5879324443888219
4845,1282.0177294374128,1836.532034099804,0.46123212405385566,0.06484035,0.13520189811788288,25,199.08464,2257.1777,-8.383914,-2.719453451238068
4846,1121.5634476013142,1838.0076272521126,0.5942423359251239,-0.052275624,-0.1361627689283221,25,17.029156,164.17354,-5.538258,-0.029970949601198255
4847,1981.2482645567704,1839.2916041947155,0.4810377690918359,0.29365784,0.08854630872172091,25,85.8072,921.85767,-7.41166,-1.8284314505235757
4848,12.797115572621008,1843.2637556887569,0.41926036009071277,-0.6085962,-0.1604168751905247,25,92.15162,1176.6024,-7.6765747,-1.8295765889122593
4849,398.4203250325064,1843.2992116999364,0.3851971230495083,-0.08257991,-0.007265750025638277,25,66.31898,835.5869,-7.304979,-1.5764209598624903
4850,466.1120562151311,1847.0615388231392,0.5699610698215919,-0.19037358,0.007796649251001368,25,293.71756,3077.23,-8.7204,-3.0500629291919146
4851,755.0716916964946,1846.6383673189405,0.624344984627887,-0.38485107,0.05719604620256941,25,111.05218,1103.6179,-7.607047,-1.9627135481841633
4852,30.84190325267555,1847.4532836488859,0.4380094578725774,-0.31794873,0.06834855731116286,25,61.733578,772.6278,-7.219926,-1.3930614528001666
4853,296.151143803021,1848.2835188478525,0.3906728035060993,-0.38213348,-0.029272507142189853,25,17.44577,184.60634,-5.6656165,-0.351269528139973
4854,383.56289523656693,1849.1932746433795,0.3919384584618456,-0.24717937,0.10592371019975992,25,113.14493,1418.503,-7.8795757,-2.104703457190515
4855,1307.807375356308,1850.1369417662027,0.6440370693650129,0.2088127,0.12683579277067655,25,15.164771,109.6623,-5.1001434,-0.02991248771226354
4856,815.7746784218976,1855.4687699056208,0.44022281966965876,-0.4152526,-0.04484924867965106,25,32.726086,374.79724,-6.4344907,-0.7646574019840101
4857,313.90420318249915,1856.0848196160168,0.4177140642929077,-0.5459265,-0.08116139045509342,25,40.903442,486.85388,-6.718497,-1.039214122768106
4858,784.7879145511687,1857.4326355400594,0.35149894144304744,0.29756275,0.1776426902216475,25,27.331566,330.94092,-6.299376,-0.7055345422105695
4859,1618.2365649532014,1857.5451597670428,0.4933878858015549,-0.11548395,0.09743133312849933,25,193.59273,2083.6313,-8.297052,-2.711191347177028
4860,342.1619205338054,1861.3134091213235,0.4329664671034015,-0.23040074,0.01893594300656801,25,29.543346,367.48352,-6.4130945,-0.5652274363194327
4861,214.10688673038842,1866.8241375235225,0.47165432703992194,-0.43229705,-0.03388057912452443,25,47.805706,561.4557,-6.8732886,-1.1380832986647882
4862,550.4688470373941,1869.1655592778986,0.5035288952334548,-0.3281757,0.04029619744083445,25,30.121952,345.67618,-6.3466735,-0.5792808911132994
4863,143.801232957232,1872.2235295286525,0.4967794271264786,-0.24491043,-0.5084504621152917,25,45.233112,638.5678,-7.0130177,-0.7605966327605101
4864,425.7360338993488,1876.4881012268675,0.4171575111141429,-0.33580673,0.0864505366140509,25,131.65306,1522.85,-7.956643,-2.347059202921031
4865,999.8877911035848,1876.1566073244853,0.4848399975148415,-0.25507182,0.18628333018145804,25,29.319317,304.4888,-6.208928,-0.7141571013016601
4866,1961.1105126240354,1882.4372051943265,0.5333677439111671,0.17511477,0.09622417679761465,25,116.83836,1234.9047,-7.729083,-2.1025163203014134
4867,1446.7201086408377,1887.1390182238285,0.5177007057191394,-0.112443745,0.012973589485143244,25,151.53456,1603.149,-8.012435,-2.411272781833573
4868,883.0928479486439,1889.4815458990427,0.5512835548765389,0.54569787,0.22200805501568172,25,18.733402,202.40958,-5.7655773,-0.04745987074099635
4869,1581.6090929099087,1888.9053003716667,0.4081207805606383,-0.23552634,0.10535739473241033,25,59.926815,692.0521,-7.1003475,-1.5254977812650479
4870,1712.2503333679156,1889.1766355341929,0.45517334826335715,0.10993436,0.022783942693573637,25,50.20576,553.4797,-6.8577538,-1.2896681999944186
4871,214.2680497472805,1892.5953057820593,0.5308639411368378,0.009415715,0.1411244720795458,25,51.283154,585.67896,-6.9191494,-1.1299257631052042
4872,976.5706828048193,1894.45688855965,0.5492764468182361,-0.33601663,0.08146873930072114,25,97.129074,1088.2832,-7.591855,-1.7986020726469367
4873,151.4073564182278,1899.8817470235922,0.519630905316679,-0.34188813,-0.13362866411248456,25,52.399464,601.61957,-6.9483047,-1.1809587288620629
4874,626.5990513849495,1902.1451666968615,0.5341873117621129,-0.29887652,0.2544802359655552,25,24.880516,273.01947,-6.090484,-0.4487926995728131
4875,1568.3453650149129,1904.0226308203692,0.3616129158897778,0.28762177,0.09407791675934153,25,17.079018,183.44933,-5.6587906,-0.35611028944508594
4876,1902.1882940033256,1904.9715432304329,0.35670388566815703,-0.36065227,-0.14890733069348197,25,28.211815,337.2495,-6.319878,-0.7246790362832978
4877,816.44288749926,1907.6646714125325,0.54421344160492,-0.25515297,-0.06046527095763736,25,35.7453,365.8542,-6.40827,-0.8034005495113377
4878,1053.5170570324503,1907.9899198423634,0.43574724212409893,-0.061287448,0.0913012338865212,25,34.07706,381.303,-6.4531755,-0.8590692770929359
4879,591.4521190254023,1910.010333016863,0.5046395662177849,-0.5721534,-0.15128126928339802,25,248.33937,2734.4404,-8.592171,-2.921904358325771
4880,173.196209543142,1910.925447923559,0.44148468449242173,-0.15691921,-0.01929440917944741,25,83.03759,1047.1265,-7.5499973,-1.6974271399718155
4881,241.3528848465487,1910.7237314867443,0.41182931419482544,-0.5773804,-0.05435315259322796,25,48.15558,577.12885,-6.9031816,-1.1573583082356487
4882,104.2127686008869,1911.5318023719497,0.4368570447233084,-0.6146938,0.06466018653828515,25,287.99054,3539.2695,-8.872284,-3.0707380069420553
4883,112.43781010127223,1917.60873227051,0.4604973554516899,-0.6476082,-0.0445456120700759,25,322.8269,3997.0166,-9.00434,-3.145735935536185
4884,1524.6540597114836,1917.9913247703182,0.41444975080214136,-0.17931952,-0.03241600999835893,25,22.91832,267.62036,-6.0687976,-0.4400391959275983
4885,939.8515414501524,1920.8524569341362,0.49734685925369193,-0.334876,0.022822191626089262,25,236.48415,2387.7773,-8.444984,-2.979040379493429
4886,427.3984636511702,1922.1977545550649,0.4016089106454077,-0.14893499,0.0021754187802692044,25,37.709515,459.7805,-6.656376,-0.96203851762151
4887,923.3906154135948,1922.0932713502148,0.2748374741205325,-0.032001045,-0.006406838276837013,25,17.093647,227.14107,-5.890739,-0.20624084649400948
4888,369.89694908708486,1923.4254093823,0.5050579848712587,-0.13530448,0.12700849839785364,25,156.95303,1746.5955,-8.10548,-2.4154823664821437
4889,70.93896496191117,1927.003639844424,0.489082617684888,-0.3924397,-0.02247140655736685,25,719.7382,8480.384,-9.821039,-4.026255591000252
4890,647.0478977778611,1926.7863079169983,0.5159702785302454,0.28110796,0.36444603541921883,25,17.98225,205.00891,-5.7794323,-0.025655252390669854
4891,1108.3298050835515,1930.3830367778005,0.45347210266868715,-0.024451058,0.0908751783247267,25,18.7356,203.46251,-5.7712107,-0.2417915379099399
4892,1057.5741601934508,1930.850409193958,0.5563871907787977,-0.25958717,0.004495884795459254,25,76.807625,779.342,-7.2293205,-1.6520754808435512
4893,1750.1093483440623,1933.8939823621115,0.5450013082000095,0.07144583,0.025650645692797746,25,51.669895,538.7788,-6.8285265,-1.1841954547137408
4894,1767.2924387031703,1934.3075688829358,0.425176306559847,-0.03470809,-0.013370818533163202,25,32.954285,392.90747,-6.4857254,-0.766566835430563
4895,1004.6001451138645,1934.482669450575,0.5621944732362241,-0.14798738,0.03834990954288537,25,35.38628,383.4829,-6.459365,-0.7320901899055958
4896,763.1289489505496,1935.8674654524154,0.49051422430162384,-0.17552483,0.1470707072461558,25,35.81502,380.1896,-6.4500003,-0.9169555808198872
4897,280.65473958630554,1937.0141493657607,0.5185033315016621,-0.7009851,-0.1798001710294094,25,165.43005,1841.7809,-8.163095,-2.4782803912687217
4898,738.9280661273104,1937.8827119153184,0.5860566202416835,-0.036807656,0.02489834984893341,25,387.29913,4039.6975,-9.015872,-3.3313545664172906
4899,863.0055176289028,1938.12305394929,0.5288157527737514,0.031236978,0.14546009868309367,25,65.13894,699.33307,-7.1117105,-1.4460719963191404
4900,1670.5344374604772,1937.6710061279089,0.4119848203133178,0.05845785,-0.10297821265407953,25,37.099728,448.54605,-6.6295176,-0.8975886095320524
4901,637.2403651712076,1941.6830036496397,0.5415378517079268,-0.3517241,0.018836377010015913,25,1103.2278,11761.562,-10.176163,-4.51750693171855
4902,225.44170348853686,1944.0785710072219,0.3698563268713615,-0.4420361,0.007771585783166968,25,17.77353,219.30904,-5.8526416,-0.23707471394775542
4903,969.5410524934001,1946.9530364069076,0.3991690047532657,-0.10576317,0.0042847255222215825,25,46.397907,551.40265,-6.853672,-1.2023037341001466
4904,709.9282230476718,1950.484351684867,0.6074040454591731,0.23113015,0.009966156083695677,25,16.479702,150.60013,-5.444564,-0.05823486637802699
4905,163.8896103335127,1953.6273204897468,0.35030607948912984,-0.47227493,0.08471330062077455,25,31.126366,417.35223,-6.5512567,-0.7623017706035708
4906,349.8609828992274,1955.5228119258145,0.4695279744378933,-0.31655726,-0.02916092719506227,25,182.40416,2074.985,-8.292538,-2.614440659445847
4907,427.1489682994711,1961.3929868459388,0.5006864775473758,-0.36408564,0.13173060899988753,25,2828.8257,32280.393,-11.2723465,-5.537022815778501
4908,389.7063039822625,1963.6634273953775,0.48277944117257565,0.04486048,0.043194425852751905,25,43.997307,516.7486,-6.7831984,-0.9572794253956283
4909,110.7485625318205,1965.3603148873858,0.5006700859439596,-0.5855442,0.08720512819845552,25,544.8578,6562.12,-9.54261,-3.710447012128759
4910,1209.3043619551327,1972.4128448048718,0.45351194976409953,-0.034205813,0.05909714045254093,25,20.769512,230.65747,-5.9074187,-0.2913048807800148
4911,549.9589826274456,1973.6377138271778,0.409793570410044,0.13135904,0.1479559125593234,25,25.865425,310.80096,-6.231206,-0.5371659763436252
4912,33.38923240235678,1978.546919642998,0.49589967305272153,-0.5395588,0.07552423068486995,25,25.259495,319.87473,-6.2624497,-0.3597703056960351
4913,1093.6968141183957,1978.464147797595,0.3386466958474368,0.40907198,0.024718852252649557,25,18.09108,226.31557,-5.886786,-0.2733847159601644
4914,1798.6072857334902,1979.27640827543,0.44422074543114687,0.25567544,-0.025263084619761032,25,52.1561,610.4426,-6.964112,-1.2640548469067026
4915,410.24317546008234,1980.3841058994929,0.4039215599233404,-0.25445223,0.07110945622888787,25,272.75104,3478.186,-8.853382,-3.0324303411837903
4916,303.1464998079062,1985.4620323019099,0.46360743338210575,-0.08648446,0.1642859533812057,25,155.94086,1880.3286,-8.185585,-2.384317425440896
4917,1270.8062643607486,1985.4601544392076,0.46543746668447505,-0.25880072,0.05901872156281918,25,46.599335,516.7716,-6.7832465,-1.159833618069309
4918,483.00994355095526,1987.706272950989,0.5457296400640317,-0.19331348,-0.025028991836808547,25,372.97577,4068.5269,-9.023593,-3.298659980551593
4919,171.94640878577854,1990.1923835082805,0.4508441864364253,-0.65066385,-0.17120363267618052,25,111.03042,1338.3988,-7.8164635,-2.032247321088886
4920,242.7746790114979,1990.4008203597139,0.3921345433629653,-0.45263,0.2702372201731273,25,25.718334,301.6586,-6.1987896,-0.612151825604542
4921,578.8592901898838,1990.8895500526319,0.3847267413299024,-0.009834854,-0.18940582534885017,25,19.72995,234.92944,-5.9273434,-0.3419235805376307
4922,1529.0790787027347,1994.0299379994003,0.4957012012222985,-0.11105404,0.07805108097288939,25,31.802906,328.74664,-6.2921534,-0.7776740807331997
4923,518.1223190241683,1994.7908876615932,0.554562611652486,-0.2590566,0.07636727717639623,25,3126.757,33496.01,-11.312483,-5.610123727032114
4924,1581.109166283639,1995.1329952477158,0.5069448256146962,0.10401061,0.09216688720338087,25,325.0571,3379.8184,-8.822233,-3.268104983365278
4925,461.69238115705207,1996.0002999410772,0.35918224165183443,0.35033423,-0.022570610868398473,25,16.559723,201.86269,-5.76264,-0.23473461076989505
4926,122.2728875149592,1996.8149095811075,0.4024819924327846,-0.26382574,0.03387395923054629,25,39.935913,500.59924,-6.748725,-0.9977777077097584
4927,367.7489438929827,1998.565306017632,0.4508356770220594,-0.058009718,0.2858735525170471,25,35.56426,439.53015,-6.6074715,-0.7414539556776673
4928,1826.3348868090366,1998.9933726063225,0.5119931824560526,0.15277076,0.05442274910395892,25,370.0212,4145.78,-9.044016,-3.3143540885324896
4929,642.8429055911959,2000.1236615152745,0.47097345840565724,-0.16434999,-0.26581897599021304,25,25.331573,295.62537,-6.176854,-0.4454189819258757
4930,1382.4646895958747,2002.6181825431988,0.5713354024463583,-0.34887558,0.04238649368408403,25,117.49058,1230.6115,-7.7253027,-2.0557965378467142
4931,939.5329994097898,2004.0884289798582,0.48636669500135393,-0.17425048,0.03679886242698429,25,34.489056,378.80716,-6.446046,-0.7685430266333182
4932,1737.7572819921834,2005.7795199113386,0.4856683045657289,0.3730123,0.12162189424650563,25,28.752514,313.12198,-6.2392836,-0.6010337439442377
4933,1075.742784300644,2006.4660839167216,0.5143840859885926,0.06682729,0.12443012529114901,25,104.319756,1130.5459,-7.6332207,-1.9902973003519355
4934,144.0363299364914,2012.5526682162163,0.4069827887119435,-0.182214,-0.17858379853479148,25,17.549252,223.34677,-5.8724494,-0.20280466609335068
4935,1276.2538684110953,2012.8067738765678,0.3918044842551953,0.13076296,-0.11987925860329084,25,23.251656,274.47614,-6.096262,-0.5113260300588994
4936,1765.1484436393137,2013.2633707350485,0.5224888740485154,0.030902686,-0.018054923156832676,25,348.9463,3677.4219,-8.913858,-3.3073104128220714
4937,210.32598597252164,2016.613584003827,0.4451152545921456,-0.54085845,0.0023277810584719292,25,103.56513,1234.0831,-7.728361,-1.9900742031647884
4938,863.7833597280984,2017.6850128872645,0.465267378140846,-0.012618668,-0.06476857159303614,25,49.540813,564.5872,-6.879328,-1.183955044724899
4939,634.6370722963705,2024.4817698526447,0.4861303894959205,0.1645499,0.15158602620746697,25,32.009808,347.62573,-6.35278,-0.7361694749427268
4940,838.6529026911113,2025.3969140149277,0.504482251478417,0.32018104,0.21974110730396595,25,21.83815,244.55995,-5.9709635,-0.2738352994975279
4941,873.3681265950491,2029.0361344472328,0.5221554094123362,-0.26352823,-0.06541353135337699,25,229.14293,2470.794,-8.482092,-2.824274256126524
4942,693.21619161577,2030.0518511704108,0.5408609693143456,-0.19037297,0.036182958623082614,25,41.020638,440.51428,-6.6099,-0.9486210245688403
4943,1506.547218917986,2030.2062015922857,0.5552602606763555,-0.06723146,0.049695586909222815,25,30.918774,334.88724,-6.3122463,-0.5958748058483166
4944,599.0419043544722,2030.6807081357972,0.48813058525594905,0.025467617,0.1331863620890667,25,128.07414,1365.4891,-7.8382206,-2.2502300569289817
4945,1081.8397791640614,2035.562491579899,0.5732255743639675,0.033371743,0.10438207136617435,25,96.712135,994.42444,-7.49393,-1.8568674717596656
4946,367.0487376160463,2037.3878632857732,0.4749642826834952,-0.18473954,0.18317443392803476,25,104.91886,1148.7853,-7.650597,-2.0293964932631923
4947,2.615994063391711,2038.2093242434069,0.4975114268079404,-0.94158196,-0.05186152834064442,25,1824.1134,23789.033,-10.940942,-4.901272489420313
4948,2037.7816653466675,2040.2548523476353,0.5604607093417182,0.06269055,0.08612822794095196,25,66.016945,717.64294,-7.139771,-1.4079586431828632
4949,270.7555527634484,2043.0377818890693,0.5172881993160693,-0.25520536,-0.034009964440160315,25,32.17422,366.72824,-6.410861,-0.6652553708914395
4950,1239.5818830480932,2046.630555080717,0.8405456487418409,-0.20073032,-0.907159199417834,25,79.626625,446.15826,-6.623722,-1.6187239381860665
